rms_mean,rms_var,rms_skew,rms_kurtosis,centroid_mean,centroid_var,centroid_skew,centroid_kurtosis,bandwidth_mean,bandwidth_var,rolloff_mean,rolloff_var,zcr_mean,zcr_var,tempo,num_beats,dynamic_range,rms_variability,flatness_mean,flatness_var,flatness_skew,flatness_kurtosis,onset_mean,onset_var,onset_skew,onset_kurtosis,tonnetz_mean,tonnetz_var,chroma_1_mean,chroma_1_var,chroma_2_mean,chroma_2_var,chroma_3_mean,chroma_3_var,chroma_4_mean,chroma_4_var,chroma_5_mean,chroma_5_var,chroma_6_mean,chroma_6_var,chroma_7_mean,chroma_7_var,chroma_8_mean,chroma_8_var,chroma_9_mean,chroma_9_var,chroma_10_mean,chroma_10_var,chroma_11_mean,chroma_11_var,chroma_12_mean,chroma_12_var,mfcc_1_mean,mfcc_1_var,mfcc_delta_1_mean,mfcc_delta_1_var,mfcc_2_mean,mfcc_2_var,mfcc_delta_2_mean,mfcc_delta_2_var,mfcc_3_mean,mfcc_3_var,mfcc_delta_3_mean,mfcc_delta_3_var,mfcc_4_mean,mfcc_4_var,mfcc_delta_4_mean,mfcc_delta_4_var,mfcc_5_mean,mfcc_5_var,mfcc_delta_5_mean,mfcc_delta_5_var,mfcc_6_mean,mfcc_6_var,mfcc_delta_6_mean,mfcc_delta_6_var,mfcc_7_mean,mfcc_7_var,mfcc_delta_7_mean,mfcc_delta_7_var,mfcc_8_mean,mfcc_8_var,mfcc_delta_8_mean,mfcc_delta_8_var,mfcc_9_mean,mfcc_9_var,mfcc_delta_9_mean,mfcc_delta_9_var,mfcc_10_mean,mfcc_10_var,mfcc_delta_10_mean,mfcc_delta_10_var,mfcc_11_mean,mfcc_11_var,mfcc_delta_11_mean,mfcc_delta_11_var,mfcc_12_mean,mfcc_12_var,mfcc_delta_12_mean,mfcc_delta_12_var,mfcc_13_mean,mfcc_13_var,mfcc_delta_13_mean,mfcc_delta_13_var,label,filename
0.14291878,0.009172822,1.2638317,2.7103767,1412.302453037304,205264.42118197042,0.6510655213961501,0.4691321861127524,1513.961834643819,145396.04295443324,2770.2582486273704,1430896.9091692052,0.06297921101006192,0.00044058084380507967,161.4990234375,78,0.5161511898040771,0.6701348423957825,0.0012515704,3.7889874e-06,3.4153872,17.755184,1.8866923,10.0620575,3.1459305,12.304652,0.027460165267796745,0.028087015883553834,0.45945343,0.14087644,0.16898257,0.035399318,0.19061625,0.035997402,0.37619054,0.12962173,0.3531182,0.07639058,0.45865342,0.1750639,0.27529332,0.06325436,0.32233915,0.09363354,0.187359,0.051348325,0.2021508,0.054659072,0.32206672,0.092956744,0.31484967,0.06938187,-173.60945,8101.303,-0.12797107,241.75893,137.05408,1077.991,0.008204921,16.907858,-23.713308,1024.7397,0.07051569,19.228588,26.950659,495.17603,0.03652765,14.419538,-16.62894,290.82095,0.0022431999,6.354466,4.1748066,159.2316,-0.0019010892,3.7491095,-12.507778,150.40279,0.010053446,4.774028,5.8183236,82.27129,-0.0037830658,2.1925666,-2.8622563,108.59299,0.009753905,2.5156128,-1.2245277,65.77748,0.0063607716,1.5163925,-1.9673077,55.098743,0.005794412,1.6751038,1.7889287,58.210636,0.007574238,1.2205695,-3.0044177,93.329605,-0.0031828703,1.7763876,0,blues_blues.00010.wav
0.11340854,0.0036893194,1.0299311,1.6403403,1156.2148592995113,314318.4248018906,1.12531143080723,1.0533242411080668,1498.2398713861862,59158.977340290905,2171.336870223007,1336274.6907995504,0.05859979682662539,0.0028637329863796268,95.703125,43,0.4070255160331726,0.5355836749076843,0.0004229545,2.0774465e-07,3.4100256,20.135649,1.528949,3.2526183,2.245445,5.5363407,-0.019050671536307295,0.015408137560433473,0.39053681,0.13356091,0.2327983,0.052729957,0.21146384,0.07570734,0.25623757,0.08489229,0.32967097,0.09903542,0.49686605,0.166427,0.35652596,0.09632099,0.32027805,0.092314936,0.28221893,0.067970924,0.31839755,0.10169759,0.25060037,0.08042844,0.23826249,0.05544815,-233.9862,6505.12,-0.111671835,161.72148,136.2152,959.233,-0.032221336,27.302462,3.2345688,1162.5356,0.057546042,26.000738,49.020485,383.81348,0.011144254,6.1376553,8.63149,304.57407,0.015947942,3.7710679,14.028976,165.5572,0.027172027,4.358276,5.2975593,105.6663,-0.0097186295,2.6334493,0.45631015,127.39239,-0.0046990397,2.766288,-13.522972,150.98271,0.016987577,3.5807354,16.892965,82.81254,0.01138733,1.9775107,5.082646,114.269905,0.011320517,2.3540287,-2.222806,77.4695,0.019466478,1.5730308,3.9231558,65.911,-0.0037226614,1.3615131,0,blues_blues.00022.wav
0.09575243,0.002192281,0.68786293,0.31093287,1391.693584260323,200465.9524918753,0.5848919909469421,-0.519092433555719,1494.9740171327014,43595.784811743455,2809.4663448747096,542581.736756209,0.07238542775251548,0.0025430277815057436,92.28515625,43,0.25828057527542114,0.48898810148239136,0.00045074942,2.0187248e-07,3.2848098,16.069462,1.324689,1.4773694,2.1714919,6.0958853,0.0025968790376208577,0.04143095920822733,0.3876945,0.08600177,0.23892732,0.05958752,0.28074297,0.107002705,0.24588442,0.062215243,0.414179,0.13691762,0.2960546,0.07245394,0.20123957,0.07944582,0.12542136,0.04485312,0.16400953,0.04529161,0.21532585,0.05127283,0.33334053,0.06937854,0.56278974,0.15429066,-228.29935,2818.6362,0.05933022,70.68616,130.33119,689.4435,-0.03055031,11.3935795,-23.299711,929.5799,-0.025531467,16.070051,70.20772,397.35117,0.02613036,6.2915487,1.1276861,182.34268,-0.011060406,3.4060729,7.6123276,153.70395,-0.0020743746,2.988045,0.8912379,100.19354,-0.009679768,2.7921355,1.9923636,88.51912,0.003997626,2.0343707,-6.1792507,62.032917,-7.326315e-05,1.6160827,-9.388156,86.15454,0.010041835,1.7800328,-2.5676565,108.03326,0.010005082,1.810271,-4.5064816,58.99766,0.0015148319,1.5698551,-0.25170156,67.88992,0.0008384975,1.7717861,0,blues_blues.00027.wav
0.09956683,0.004086796,1.502175,3.031433,1115.7555613212453,106163.99215377426,0.5119799290753342,-0.3104194457041167,1399.2891995920068,53128.054270286564,2290.3444839335816,638011.5420257663,0.04800689035893963,0.0008147169296571622,103.359375,51,0.37129297852516174,0.642061710357666,0.00038225856,3.269471e-07,9.74366,181.75507,1.514981,2.5524297,2.5284088,7.6218348,-0.024123627424165274,0.01729935363727608,0.22249523,0.06690618,0.26061428,0.101568535,0.18597846,0.053975593,0.20486124,0.067124054,0.31433913,0.116128735,0.18293259,0.050541468,0.10401129,0.031347156,0.15733023,0.055203613,0.3247407,0.080308005,0.5928835,0.14133526,0.49125832,0.12317577,0.3015016,0.08805201,-249.17885,4973.3335,-0.13521563,121.07575,139.33025,398.52304,0.03478891,13.205285,-16.496637,1161.3691,0.026119776,20.013088,57.349003,330.18707,0.06253947,8.084911,19.978556,157.9384,0.00050193164,4.8095484,10.386943,133.45372,-0.007052618,3.4938822,4.3613653,125.44512,0.03276483,2.7672436,0.44550732,118.68132,-0.009493787,3.1892083,-8.005107,69.76399,-0.001178954,2.1946113,-3.3643649,68.51788,-0.023855153,2.455848,-2.6922483,79.42902,-0.01959015,2.599347,-2.7926075,67.0134,0.00015552051,1.9644523,-0.903065,95.24532,0.0017425829,2.210567,0,blues_blues.00028.wav
0.17004973,0.00319093,0.5543229,0.26231527,1379.1072219334053,552351.6328061591,2.335833239398537,7.58968831585862,2003.609479441849,269452.4255096845,3010.4901293113876,4562595.472371392,0.03937504535119969,0.0009455226233848578,151.99908088235293,76,0.3154698610305786,0.33218705654144287,0.00069842266,3.0933404e-06,6.367171,51.22278,1.3681782,1.4236999,2.0410109,6.211567,0.03850590105799392,0.03321667191446097,0.24589331,0.11192748,0.16453834,0.047899567,0.19854529,0.077867515,0.27098384,0.09047188,0.2907362,0.06498481,0.46667802,0.15280236,0.3763943,0.07541516,0.38836363,0.15166986,0.22434454,0.05487761,0.16268127,0.05045355,0.20611778,0.09645055,0.1660923,0.051522564,-207.09317,2032.1985,0.09861631,51.29799,117.95044,765.90546,-0.008942444,21.427147,23.08404,281.36234,-0.011464727,6.967944,28.468266,261.30887,-0.01506925,5.842976,-1.2795476,196.26582,-0.020749312,5.9411273,19.012758,161.11116,0.0064312695,4.630368,-22.108223,211.31688,-0.02602183,5.476679,17.98023,137.70499,-0.010611496,3.828561,-25.711046,201.0482,-0.025638444,4.162127,2.2386467,103.37423,0.010923396,2.8435047,-17.898994,73.04749,0.008882357,2.362804,-7.924602,60.30819,-0.006954732,2.0087836,-17.706299,73.099495,-0.009622035,1.965097,0,blues_blues.00030.wav
0.06917734,0.002228343,0.9828397,0.21535015,1188.094825573016,369869.56697619683,0.7562599791184366,0.06694639087553078,1682.402650006591,200057.5650339059,2343.4274962812015,3005293.028795755,0.0481693988244969,0.001276902290484014,123.046875,57,0.22491905093193054,0.6823813915252686,0.0004304016,1.0050337e-06,5.9827623,47.006134,1.4970423,5.5148115,3.376238,14.592859,0.008789468906956983,0.043125625017374936,0.31939173,0.14324927,0.1257419,0.027110362,0.08732938,0.02516314,0.19861728,0.084710576,0.3406945,0.072963506,0.62292695,0.14750627,0.35016748,0.05808421,0.19755751,0.07049636,0.2040348,0.102890454,0.17725801,0.071111694,0.16787976,0.0845572,0.1811896,0.05688299,-329.36978,7564.8467,0.1891094,189.48837,103.40982,637.12286,0.052637585,20.442738,19.556042,703.48444,-0.0037526346,11.272283,26.861229,171.3901,0.022781326,5.515798,6.9442725,254.87836,0.00030173015,6.791429,22.870872,250.4595,0.022687832,4.736047,-7.1979656,210.81741,0.0017142495,4.0093584,13.013003,155.29443,0.03687129,3.756105,-10.87804,160.42917,0.005256195,2.7183855,-0.29159775,83.82736,-0.0005931264,2.497006,-12.483495,111.72679,-0.019958159,2.5804183,-8.835547,111.5552,-0.02951795,3.2924933,-9.28229,127.24211,-0.0045465226,3.3605006,0,blues_blues.00037.wav
0.13479874,0.0007871825,0.25499773,-0.7094197,2272.5062392470873,200955.44169243876,0.5306361917232835,1.079404817840004,2357.0110884957257,50280.453632314595,5108.13577846846,582448.6960035436,0.09764529012674149,0.0013738369331033622,172.265625,84,0.14985260367393494,0.20813824236392975,0.00574757,2.097092e-05,4.284669,45.66306,1.4286003,1.9775662,1.6053168,2.224197,-0.011882777944394496,0.010618567653268482,0.37746754,0.07753602,0.45032835,0.10307304,0.35548508,0.05130064,0.43777496,0.10345818,0.28906357,0.041414868,0.28429186,0.053361237,0.3270424,0.055257306,0.49232176,0.070293225,0.6702067,0.1018067,0.45444492,0.06355173,0.33535874,0.06563496,0.29700747,0.041213848,-110.2538,1285.2275,-0.041781206,31.6858,90.68854,229.82005,0.0064807693,8.7784605,-2.5091352,227.83635,-0.006570208,5.3999505,74.0444,114.24959,0.0231268,3.2125406,-11.733205,113.16268,0.0010302252,3.1072848,39.194824,66.349754,-0.015973223,1.8077732,-13.147485,86.2699,-0.004888677,2.623206,20.524069,50.2902,0.00020303187,1.5594275,-17.142721,46.92927,-0.012770449,1.5452636,12.801683,93.67931,-0.026139557,2.5576234,-21.416517,41.21944,-0.012935605,1.380346,5.9323072,49.114933,-0.0018649552,1.366315,-8.012671,46.981277,0.010773769,1.678915,0,blues_blues.00040.wav
0.12724563,0.0013221254,0.8091476,0.31230736,2155.629301697958,187713.9421909501,0.12980098663295545,-0.24409341850007493,2372.311741997787,60290.039131348996,5012.278024773848,938940.2226656397,0.08717558775154799,0.001222132780645857,129.19921875,64,0.19353225827217102,0.2857547402381897,0.0064641573,2.0555679e-05,1.2513771,1.8061881,1.3096583,1.6503264,1.9475619,4.042601,-0.010451034408041243,0.016996018476401666,0.44258368,0.090012014,0.31333154,0.06301622,0.32288438,0.07091302,0.36705062,0.08656949,0.408305,0.093762934,0.3664401,0.06516716,0.46309584,0.09953799,0.378132,0.058268752,0.42015117,0.10149131,0.3837143,0.07212892,0.3913889,0.06784545,0.5175197,0.11335556,-109.249664,2209.4822,0.09788039,76.25497,100.74052,230.92493,-0.03153154,6.077771,-8.748361,383.62772,-0.06337924,9.274305,47.456806,82.97437,-0.009559375,2.5737174,-6.680847,89.57408,-0.007670651,2.8518176,39.727898,92.487495,0.0020097366,1.9859179,-8.619103,91.12084,0.016173955,2.646657,29.66847,40.94056,-0.0043072314,1.277083,-16.691315,58.619614,-0.024119958,1.4537369,13.276686,113.36039,0.021759715,2.8013685,-24.30464,41.081997,0.0014775652,1.2325562,6.6764812,62.8465,-0.024974657,1.7291745,-8.739553,43.380493,-0.02052743,1.3620601,0,blues_blues.00043.wav
0.13617772,0.00046952858,0.17663118,-0.2463057,2279.2341213297263,170485.8312287639,0.7661761575010665,1.0867248135338734,2375.1601633862924,53083.246723601784,5200.860217776461,568571.1990430353,0.09254668150154799,0.0008975524581676484,135.99917763157896,66,0.14272135496139526,0.15912006795406342,0.00540269,1.43984835e-05,1.6350627,3.62505,1.325814,1.4392462,1.8440852,3.7305236,-0.009067454555673418,0.010070700499303652,0.31651905,0.056192916,0.43485427,0.0985957,0.4323004,0.07231158,0.4639706,0.115879014,0.31526497,0.05416186,0.2603234,0.038644798,0.326745,0.08139993,0.34853795,0.06467206,0.47871894,0.122216545,0.4681696,0.08503056,0.49910522,0.1194332,0.32848445,0.052986793,-109.441864,825.9812,-0.018245017,18.38326,86.76264,227.63545,0.0039479444,6.4001193,-8.472413,279.1182,-0.020421663,3.5097218,64.3508,82.3323,-0.0058023827,1.8897989,-6.148015,54.96482,0.007942266,1.8149692,43.4994,39.019146,-0.0039072293,0.9284206,-8.14839,51.904408,-0.003711668,1.3717077,28.402561,54.931816,-0.00035889674,1.2871634,-13.926309,77.887634,0.00016818992,1.3663081,7.9869766,86.03176,0.018650938,1.457925,-21.36677,69.16081,0.0036360712,1.2322978,10.938425,95.131805,0.0006544284,1.746131,-4.9783945,91.70338,-0.0019502337,1.7278659,0,blues_blues.00044.wav
0.19663092,0.001708447,0.051852454,-0.64470243,1977.3032506329293,137114.4077580502,1.205763865415207,3.3789717726447845,1927.676760588658,73878.43851686432,3943.1428230214783,694897.4366306865,0.10664372399864551,0.0009417433613145049,99.38401442307692,50,0.2176952213048935,0.21020784974098206,0.00460632,2.2772645e-05,3.3226502,15.951439,1.307627,1.29199,2.2610624,5.8777733,0.020387232002612686,0.009850878742349497,0.27539068,0.048045043,0.2980606,0.06286463,0.36290357,0.07288292,0.48049304,0.08632755,0.55073524,0.10498122,0.41722003,0.07583855,0.3549612,0.068067305,0.39081207,0.08181335,0.44122353,0.10327796,0.38870233,0.097712725,0.3827345,0.08265417,0.38877836,0.08384825,-55.44646,1012.7811,0.09565264,46.559967,114.71398,317.28735,-0.037156623,8.513926,-36.83465,205.2219,0.018919947,7.1315145,64.682106,68.957,-0.002713165,2.1721368,-6.9295297,93.96139,-0.013173966,2.1456776,15.023066,115.68645,0.024128089,4.389115,-16.0294,97.747604,-0.023652783,2.0071127,18.419168,78.67734,0.020959789,3.1343257,-9.529504,68.88895,-0.0036813808,1.4354143,21.266571,73.86537,0.0029915494,1.378829,-5.4637218,71.97104,0.0031389194,1.4601151,12.581564,99.671364,0.012824069,1.6720939,-16.35763,56.113064,0.0040779742,1.5536835,0,blues_blues.00051.wav
0.13773519,0.003256958,1.1433532,1.4068556,1811.0685369274697,347286.52491791965,0.5289525499730656,0.30733251671236195,2052.1481505210154,119976.27489249755,3928.226246553309,1514722.486583099,0.07549652005127709,0.0017116917456944257,161.4990234375,73,0.33358001708984375,0.41434410214424133,0.003514431,3.4835546e-05,3.2465415,13.004929,1.2088832,3.1899686,4.6005907,28.230984,0.05251598425470415,0.0328856151636867,0.30073994,0.060119808,0.2696729,0.04646785,0.3999541,0.090956084,0.40782803,0.06513805,0.51926386,0.12355143,0.42081124,0.08524293,0.43649122,0.08588626,0.42208984,0.104163155,0.37815735,0.08218268,0.39086443,0.11255119,0.34554154,0.068371445,0.41893113,0.10971667,-145.32927,4632.1094,0.0217406,126.26738,102.73249,529.98267,0.013086942,13.787665,-12.415872,355.1093,-0.022356361,7.9349604,56.868652,278.91956,0.014541813,3.8826764,2.35866,261.35898,-0.009990634,5.272188,26.485403,191.0208,0.013840386,2.5760725,-4.1913624,191.05357,0.016491853,3.559471,17.22469,107.974495,-0.018082729,2.2786126,-7.920404,80.16545,-0.0055030743,1.8234378,15.128447,82.601074,-0.002138459,1.77697,-6.8532705,48.396942,-0.0032125162,1.1665937,7.402474,104.18929,-0.005876322,1.9322772,-10.399496,49.719925,0.00022228732,1.3832502,0,blues_blues.00056.wav
0.17593554,0.0035643503,-0.043751348,-0.36041903,1887.3664847965158,254132.6059932906,0.9207660921237291,1.7041212006925859,1913.580183524309,124091.53384443943,3830.15183959583,1254159.7560308834,0.08991706777283281,0.0015390470799220679,92.28515625,45,0.32807764410972595,0.3393412232398987,0.004087327,2.7012431e-05,3.8271818,27.614792,1.503467,3.3562102,2.9722667,12.634473,-0.0015775498971687197,0.01589618304566615,0.40836468,0.07164086,0.36025596,0.060369626,0.40117416,0.079781815,0.4318567,0.07653623,0.48707283,0.10334289,0.46232292,0.06955709,0.5123977,0.11026691,0.3796334,0.06376079,0.35190094,0.07644381,0.37396362,0.077878624,0.409121,0.07832782,0.513805,0.11676689,-92.80552,3131.4539,0.066281855,145.12393,115.39176,526.1684,0.02111773,14.816831,-35.132614,410.4715,0.0007765492,14.10064,57.92821,331.2821,0.021435238,5.7936096,1.7910464,301.6444,0.0191413,7.6376176,26.673725,153.04733,0.026878744,4.8230834,-14.606546,148.7375,-0.000994683,4.4362135,22.176098,110.6368,0.007122823,2.739015,-8.256612,71.81081,0.002331622,2.122259,11.041994,103.59493,0.01139419,2.4306765,-5.6821365,79.86774,0.010233906,2.4241967,7.3124228,70.37622,0.013761957,2.0507963,-10.265011,56.71095,-0.004051437,1.7263775,0,blues_blues.00057.wav
0.14170897,0.0006173195,-0.1816496,-0.50683856,2504.3515904688384,163456.97585171074,-0.2956547017533267,0.2214402675194127,2180.4325356914806,33944.07736345068,5080.585945058533,394683.8731756889,0.1675825089493034,0.0025606036510724757,129.19921875,66,0.13259226083755493,0.17533057928085327,0.005149534,1.6484026e-05,2.302034,6.3924313,1.3379852,1.2127842,2.0482578,5.2959375,0.015959939708893877,0.005396320070400063,0.36806622,0.06123192,0.31578726,0.034703646,0.5473834,0.080963194,0.35605448,0.04358969,0.5216679,0.08707196,0.4540547,0.06141917,0.44197518,0.06780384,0.48530206,0.09866568,0.3670656,0.04222324,0.5606173,0.09001441,0.4919407,0.08146867,0.5073101,0.08372798,-82.52475,1043.3181,-0.01949706,36.825306,94.157555,208.15245,-0.00223019,6.2020655,-27.131681,166.40588,-4.237798e-05,5.90462,75.66597,55.460514,0.01960806,1.6724664,-27.539503,67.866295,0.0032463672,1.7177253,35.582817,42.685204,0.004445136,1.0509651,-20.306263,49.546665,-0.017209627,1.0943422,25.12997,54.882637,-0.0008877298,1.7125512,-15.382418,48.069515,-0.0039552567,1.5301268,11.349165,56.594566,0.012007474,1.668238,-13.415704,55.00702,-0.0015868314,1.4696716,8.145984,50.58671,0.0041662967,1.2941538,-8.515896,64.70323,0.006258895,1.5829843,0,blues_blues.00061.wav
0.100300334,0.00086312386,-0.20382237,-1.0053637,2816.4437456953597,347114.25596396264,0.7425608297486564,0.07946147229101941,2372.1848231064987,44823.61668365896,5613.216057650445,614231.9496799635,0.14628105045472137,0.0025589377466990527,107.666015625,51,0.12799879908561707,0.29290997982025146,0.010037066,5.4635268e-05,1.9442025,5.5035057,1.3104751,1.1320179,2.1076453,5.482112,0.09229953971517038,0.022092808300344532,0.5681556,0.16294457,0.25079054,0.039558686,0.21374004,0.055087086,0.24622834,0.072873555,0.27265915,0.07796164,0.24791408,0.07608028,0.25464594,0.05580217,0.4236856,0.12841529,0.21300691,0.046251398,0.23086685,0.07679373,0.2695328,0.09200963,0.32211426,0.05332792,-118.30316,1182.1277,0.004427715,35.1748,74.76536,606.0949,0.03154809,15.07703,-19.76426,341.96182,-0.009687195,7.675352,46.825565,126.32814,-0.0005785895,3.48613,-32.46525,128.74158,0.0025579804,3.0881984,23.726532,84.08657,-0.013770893,2.6306145,-26.255156,157.87811,0.018577486,2.8587136,17.593899,55.918766,2.357539e-05,1.9359361,-13.718507,74.70521,-0.013838238,1.8479888,11.840895,68.89536,-0.012289969,1.8587605,-17.798914,62.144726,-0.006401477,1.5367179,7.449389,67.12521,-0.028208693,1.424881,-22.804201,46.342155,-0.016313028,1.1901302,0,blues_blues.00065.wav
0.12905574,0.0005562343,-0.31671807,-0.66532946,2258.7602884762987,218855.3782096103,1.1707940534305346,1.5277022249055374,2176.50002662053,55721.036780343195,4756.246239629692,689244.7863119438,0.1127502630369582,0.0017083202568874021,161.4990234375,79,0.12496207654476166,0.18274755775928497,0.0057704397,1.6872897e-05,2.5174956,11.8550205,1.3782442,0.97825724,1.6218289,2.999454,0.0636341889067313,0.0130342153593626,0.28504017,0.08014542,0.23297769,0.046284392,0.33743337,0.097585805,0.27516076,0.043860286,0.41859362,0.12631856,0.33760396,0.07706027,0.3115857,0.05127956,0.6004567,0.13074434,0.38903815,0.07074963,0.31426817,0.07356208,0.28099442,0.06759468,0.2812942,0.07276965,-95.48124,934.5922,-0.027349083,40.169563,101.41153,365.9278,0.008997879,12.792416,-20.71378,346.18988,0.049654745,12.070066,48.692184,175.14923,-0.012243091,7.1540875,-30.304693,140.4181,-0.0078090313,5.652238,20.849504,85.678474,0.007901092,3.2403977,-18.35421,241.57188,-0.015544317,6.6203046,14.184811,62.375805,0.004702905,2.2164893,-12.841461,79.95672,-0.010740051,2.1235669,13.484928,56.38014,0.0007219433,1.8266385,-14.120686,105.7057,-0.015518983,3.5685549,7.777479,73.47967,0.0070893313,2.0918763,-19.27091,59.640892,-0.004829696,1.9153067,0,blues_blues.00067.wav
0.25801158,0.0027176754,-0.12934765,-0.13669181,2333.9108416559584,89701.92529236578,0.20748726684392785,-0.1840211095349411,2227.5517823530504,30509.539503281372,4943.8617718109035,477710.7551099275,0.12384694574787151,0.0005545306501861688,123.046875,60,0.3068733811378479,0.2020503431558609,0.010029752,2.8912777e-05,1.0418466,1.1338472,1.4809616,1.4854491,1.0543714,0.47775292,-0.01996646929974634,0.006435200571365199,0.33176112,0.06455987,0.525938,0.10326985,0.47076407,0.06327594,0.54290724,0.10781354,0.33975226,0.05733263,0.32775104,0.0639996,0.30395293,0.062338714,0.41939676,0.07992125,0.4069385,0.07710365,0.34878534,0.04294667,0.558773,0.11071128,0.3877151,0.06903965,-2.5828278,734.9883,0.011877691,17.436539,101.31607,163.92422,-0.009106058,5.0047274,-33.98557,142.53328,0.009628184,5.566769,41.591007,99.92434,0.0026117885,3.717782,-13.883965,105.17676,-0.025777629,3.7152786,31.990322,48.215195,0.00033396648,1.4422808,-21.931751,66.76762,-0.007552215,1.8174348,24.518085,43.071865,0.0041479007,1.1474041,-15.938409,40.9082,0.008776165,1.2979017,15.862649,33.25281,0.0067678834,0.9917827,-14.433449,43.863865,-0.01877166,1.0784622,12.568059,41.17822,-0.010573233,1.2543815,-13.429766,39.570858,-0.010811434,1.2786041,0,blues_blues.00078.wav
0.15016884,0.0035838287,0.64517343,0.5801439,1312.5935199173123,407190.40677713003,0.989361564938609,1.2423370165961813,1674.730852510633,185779.56939546025,2639.7423711723586,2071676.641397691,0.05940213513448142,0.0016692772978002001,143.5546875,71,0.3629584014415741,0.3986518681049347,0.0008527906,2.296509e-06,4.9911356,33.81378,1.4310964,1.6339024,2.1583688,6.9671583,0.05523406487100386,0.03289003396210918,0.365249,0.11476777,0.3312248,0.06419626,0.4713072,0.13101192,0.27454403,0.054012135,0.21493806,0.05868268,0.19407451,0.05488659,0.22105157,0.049316496,0.3859986,0.12628195,0.3125673,0.076569185,0.34316766,0.11503111,0.3162214,0.093776725,0.34917217,0.0909706,-180.28577,4549.7383,-0.08530844,81.89751,131.63045,1284.4923,0.056777664,18.758505,0.37138918,582.6794,0.020706395,13.479896,43.32829,261.80548,0.0020678965,6.780068,13.971685,191.29787,0.023225343,4.8377004,25.762753,300.15588,-0.006862633,5.707645,-5.451754,202.76617,0.008581967,4.485551,12.176035,109.42775,-0.019320926,3.010412,-13.648947,143.60373,0.010302926,3.4852889,-0.9876414,97.725464,-0.022324046,2.5013423,-7.715001,117.29398,-0.012039631,3.0191128,2.8012435,107.89251,-0.007768557,2.1814883,0.69838667,85.86181,-0.015027321,2.4671264,0,blues_blues.00085.wav
0.14208117,0.0034610073,0.6511452,0.29353476,1007.2127043657405,136453.76850952458,1.1915310730337934,3.413913934576442,1531.0506728546768,151279.88149396397,2075.420783547794,1010537.1054704669,0.032061030621130034,0.00017345164101409627,172.265625,84,0.35225751996040344,0.41406136751174927,0.0007300386,1.3202333e-06,4.1225023,25.11502,1.5171862,2.4690683,2.009875,4.7489715,-0.0027069133271457445,0.011042852571776573,0.38666967,0.09561807,0.4126788,0.08841196,0.51120555,0.117977425,0.33545434,0.07788389,0.24127792,0.059013277,0.26862517,0.07363471,0.33346283,0.0745386,0.3962651,0.10065127,0.3921633,0.08311975,0.40260002,0.09184149,0.44402325,0.11190209,0.40579537,0.07749557,-194.43199,3243.6077,0.0047703437,76.876854,152.0496,572.4383,0.019449051,20.326424,-1.4114145,204.62016,-0.009775529,5.656572,39.376312,128.02988,0.021272814,3.2009199,16.41903,180.34326,0.0027048145,5.042231,18.395397,96.592384,-0.009273697,2.8073168,-1.5364631,120.29992,-0.0061811707,2.9206169,15.004661,52.47312,0.009032584,1.44828,-11.74067,79.79311,-0.00052190636,2.1524253,2.5566247,90.130806,-0.0125054335,2.0749114,-5.1749825,74.28058,-0.009430371,1.6476873,4.033448,68.69988,0.0051748683,1.7866396,-0.9793199,63.517048,0.018018574,1.7840533,0,blues_blues.00088.wav
0.09937999,0.0012858047,0.8409062,1.2715502,992.3159773033949,418506.0075584412,1.9724238570587111,4.090278511221072,1397.0642089310095,263602.2788785454,1942.6465864151994,2287342.698183525,0.03606440777380031,0.0006524988082888796,63.02400914634146,28,0.23075973987579346,0.3608182966709137,0.0024274145,7.266865e-05,5.238938,30.86119,1.5454499,6.1169677,3.3832884,14.516634,0.017590647087930362,0.023175637131898262,0.5336239,0.10099234,0.44343325,0.094766565,0.46983653,0.09689356,0.42401737,0.0646921,0.42798665,0.10546601,0.31839716,0.065331355,0.2931593,0.059133265,0.3056678,0.083334945,0.37448433,0.085825235,0.36931178,0.06648304,0.4762837,0.076879516,0.62049055,0.10378796,-236.32314,7765.779,0.02103251,283.17212,161.63838,1112.3412,-0.008682697,47.6939,-1.1150587,610.04083,-0.02963594,15.430718,27.250067,117.01112,0.0017302439,3.604867,9.615801,332.96042,0.008055148,11.334856,20.593575,90.87444,-0.013183107,3.2089584,0.28251818,80.478096,3.646734e-05,2.4096932,13.744883,104.34662,0.016950907,3.4780931,-0.4908642,89.45406,0.00063124124,2.9764674,10.172265,82.822266,-0.0052139536,2.6352532,-4.4542522,85.52922,0.003279148,2.7282171,5.4978323,57.256687,-0.008725525,1.9898943,-3.70651,57.41151,-0.0069014067,2.3351083,0,blues_blues.00091.wav
0.051347915,0.0008556203,0.8670001,0.7297263,1132.1584762554264,319818.10924506333,3.4788775296520056,17.593176848675252,1582.4303985286176,151629.67565821938,2063.045858377274,1741564.5953611878,0.04830885376354489,0.001267883577521304,123.046875,57,0.16067127883434296,0.5696626305580139,0.00092846376,1.1189361e-05,8.206016,78.60368,1.1078804,1.487826,3.6671805,19.188704,0.043350364351175216,0.07060319760125038,0.18445429,0.046081908,0.21373251,0.089976944,0.17138213,0.04218179,0.35897186,0.08847033,0.5353881,0.13203043,0.2992426,0.057571188,0.26514933,0.11640226,0.21191232,0.059420783,0.30854923,0.14634138,0.14097917,0.04699325,0.16646385,0.0402506,0.2790405,0.10803238,-314.42404,5276.952,0.028427301,48.84326,139.68317,678.3975,-0.014206397,21.419308,12.104833,528.02466,0.032651864,6.769982,29.87689,489.69794,0.023274342,4.6080294,-7.3322725,265.43338,0.013442586,4.2443547,14.731574,215.06953,0.007825373,2.8594444,-2.5097988,174.95444,-0.015790686,2.462964,6.5666313,114.888145,0.0141074,1.9521639,-6.242341,133.38448,0.026984295,2.5219517,2.7063904,85.77836,-0.00939562,2.3937032,-11.60643,139.6024,0.000958191,3.0995073,1.9744731,147.07751,0.007484045,2.267984,-11.361634,85.25687,0.005763702,1.8943164,0,blues_blues.00096.wav
0.029433254,0.0003566577,1.3919135,2.4751453,1526.49946989404,91378.66628802563,0.13247110705347012,0.2521724167289978,1499.6596356557395,60231.587540854394,2914.7823747097523,499627.2170713209,0.10896117030282508,0.0011585734876084816,107.666015625,48,0.11597053706645966,0.6416341662406921,0.00045456117,5.008069e-07,7.3984227,106.575516,0.8858341,0.25061092,2.7834961,11.8857975,0.07368479460211451,0.06246663357015875,0.3345867,0.14030205,0.1402835,0.0145580955,0.3473379,0.14983971,0.25492817,0.08700541,0.25963187,0.089712985,0.26702583,0.121020444,0.19985102,0.058083713,0.32225433,0.11104567,0.11533648,0.0095024835,0.19983454,0.067025945,0.16810033,0.039721757,0.20119299,0.049209956,-326.7414,3192.4866,-0.039889675,10.462493,127.1659,308.76825,-0.007281552,3.4339483,-30.366486,462.35806,-0.017578717,2.6891108,37.26107,128.32985,-0.0014524084,1.8998288,-5.124338,131.06856,-0.005885554,1.1120925,20.690567,117.11692,-0.0016070047,1.1134254,-1.6718137,72.512794,0.0025659094,1.4102689,-4.7186,100.449295,-0.011211716,1.2601671,-3.978886,92.55187,0.011515686,1.3107959,5.1708636,73.38573,-0.013360712,1.1029818,-0.5827149,125.32734,-0.0051120184,1.3093004,2.7725334,173.10234,-0.0010465292,1.2888528,7.291536,151.42763,-0.012167327,1.2960393,0,classical_classical.00003.wav
0.04324136,0.00058491185,0.027740503,-0.466115,1431.5883135701085,73982.14566140484,0.6366093991070646,0.4123569169392747,1558.8050450188696,39298.93850869959,2836.1411835756094,301026.3291117136,0.07523877406636997,0.0006192196935935449,143.5546875,67,0.11976666748523712,0.5593013763427734,0.0011801543,1.6311809e-06,5.7719784,64.17444,1.060645,0.60515296,2.9844985,15.057869,0.038587863722693724,0.03140379846451047,0.31465688,0.12590086,0.15765567,0.02565674,0.25337696,0.06752309,0.38949198,0.12390517,0.18551886,0.02572876,0.27615395,0.1047678,0.16499971,0.017692078,0.36023164,0.10994204,0.43089342,0.12036308,0.25549787,0.06190666,0.25921568,0.0844725,0.17673396,0.032167554,-264.22733,7371.0293,-0.1160401,39.32371,138.06215,321.1022,0.023681758,5.2127347,-30.018595,147.3609,0.009496641,2.7090106,37.739803,179.01526,0.01021939,1.531715,-7.116518,95.403915,0.013409393,1.6077216,6.7235026,108.027985,-0.0044494323,0.88575965,-11.770784,73.78858,0.0133865625,1.1895362,4.6666803,81.43114,0.0028351261,0.9428505,-9.8060055,62.976635,0.0056172246,1.3870109,5.82187,92.9355,-0.010041896,1.2458476,-9.532166,55.295147,0.007280225,1.1207883,2.64812,85.686264,0.003114842,1.1057805,-4.755741,71.90308,0.013260824,1.2286748,0,classical_classical.00005.wav
0.040854987,0.0007724535,0.7997909,0.015941381,1358.9270724087255,130227.53817553403,0.4135533770403865,1.303951864997578,1516.2061313287775,48179.61222114799,2667.725535295327,512312.1116493239,0.07314506034732972,0.0011504308871962655,215.33203125,98,0.13210909068584442,0.6802853345870972,0.000801258,8.640436e-07,3.9272025,29.181934,1.0040891,0.5825725,2.759485,10.414886,-0.014554145077370084,0.047071141841828104,0.18838318,0.08362438,0.13881817,0.032193653,0.32378897,0.0976483,0.40802503,0.13474421,0.20639217,0.027955752,0.3891182,0.12764676,0.18701366,0.02776042,0.261276,0.08024031,0.3136197,0.107178345,0.24684112,0.036590155,0.4730017,0.14705367,0.19025533,0.029990846,-286.80978,7842.5967,0.050145186,42.944386,135.85197,531.31683,0.001703906,5.084089,-24.37791,524.06793,-0.011051466,2.8839846,36.611656,143.07082,-0.0022189566,1.5091382,-6.199723,155.02666,-0.004827647,1.7941271,6.929606,71.36959,0.012310623,1.3433145,-8.124654,105.47509,-0.0034764735,1.0786114,3.806683,155.42415,4.6265013e-05,1.2006645,-4.3815894,87.01998,-0.006159955,1.0346085,6.4063277,104.587036,0.0019289082,1.1677549,-4.105302,82.19415,0.003034016,1.1220833,1.5285797,92.95566,0.0054146238,1.1303589,-4.3409495,68.92445,-0.0018891358,1.036348,0,classical_classical.00007.wav
0.0237922,0.00020003895,0.74885136,0.37812757,1216.241321219951,120979.10101781505,1.2896845965759525,3.5284158941972974,1582.7944301621171,72674.3974963071,2558.9261931900637,691988.3125768321,0.05627554784249226,0.0007683104669778443,234.90767045454547,113,0.0743926540017128,0.5944600105285645,0.00054161495,4.6470186e-07,4.2789974,27.041756,0.8019802,0.11591115,4.5311637,44.805824,0.0626888697009111,0.07332728726938366,0.33059698,0.12318172,0.22440125,0.028777525,0.42955944,0.13754791,0.4119529,0.118413426,0.17952955,0.0293457,0.18046948,0.057716005,0.23463945,0.060792416,0.32194218,0.09964167,0.21242782,0.057952467,0.2556393,0.07148066,0.27928963,0.09261183,0.18631798,0.02773172,-356.049,5136.8506,0.067904435,7.271465,139.71068,594.339,0.009768948,2.8792255,-6.188596,222.94267,0.0062759873,1.2468288,43.0998,75.71655,0.012703108,0.8906171,-8.814311,120.857,0.0058559296,0.8264722,10.961181,64.848885,0.020484138,0.80785394,-8.322533,70.22909,-0.0037594808,0.7672521,4.3814216,55.275204,0.006033427,0.6486469,-8.205191,83.817566,-0.0076389713,0.74252367,8.650215,58.648365,0.00690723,0.7594567,-8.101134,59.201996,0.01039845,0.6345654,3.3736436,62.88362,0.01546209,0.74991405,-1.4172224,80.734856,-0.010281735,0.91717815,0,classical_classical.00009.wav
0.03170971,0.00068383594,1.1587834,0.7736945,1388.388410804883,217558.6590291525,0.7956379885250984,0.22188465455487805,1456.678927889982,88957.25081303774,2596.5176325464395,752589.9794663055,0.08089331281443499,0.0010066290533732652,129.19921875,60,0.12372540682554245,0.8246766924858093,0.000637179,4.927945e-07,3.5436897,21.879202,1.0470161,0.7369069,3.4510438,17.725735,0.08778784844586787,0.04969232242750393,0.31215414,0.14616072,0.20102675,0.028952805,0.40807572,0.15301724,0.14480498,0.017887816,0.19463146,0.08045947,0.18205287,0.07630732,0.18422313,0.024404135,0.4324083,0.16500264,0.17922509,0.024614343,0.22783403,0.09352118,0.11601378,0.025561111,0.20301807,0.0556876,-342.91504,9870.937,-0.10233791,71.48325,139.78215,1647.3251,0.03505131,11.147157,-20.660044,413.80466,-0.020303244,4.2321577,32.10137,128.26225,-0.042310424,2.6157053,-3.518602,153.3356,0.015101716,2.818142,2.7831275,112.4647,-0.007271691,1.4674838,-10.53171,86.51757,0.0026213045,1.8838007,0.22871564,105.86549,-0.013751213,1.4205179,-5.6974673,150.44717,-0.0020251402,1.7789552,7.6057076,170.76877,-0.0019050398,1.2157729,-3.6016185,178.00038,0.001565824,1.4476097,2.4787576,119.36779,-0.007350399,1.5130544,-3.4490669,107.77951,0.0047589405,1.1938328,0,classical_classical.00013.wav
0.008012328,1.7761055e-05,1.024967,1.2608109,1054.2048965908382,88091.20737581987,0.9187354176487991,0.5966750841068307,1455.110161227075,49125.49680655597,1947.5048903710333,552202.7876237228,0.047673181114551086,0.0004200908729099023,99.38401442307692,34,0.02253042161464691,0.5259876847267151,0.0005231959,2.0313944e-07,2.2700672,7.5856705,0.9899933,0.4083151,2.1574523,5.2004337,0.035126806325966264,0.05924826032986813,0.21909304,0.09319103,0.23896098,0.02368809,0.6499163,0.17352764,0.26194116,0.030113043,0.08811395,0.040256,0.05063563,0.008028354,0.14227533,0.051460277,0.27121592,0.11602751,0.1392629,0.019558657,0.25692493,0.10793775,0.12621753,0.017646825,0.1869863,0.0789787,-482.6936,4790.089,0.21569166,38.842613,154.94675,250.37306,0.02236585,2.8693337,-5.0951214,243.44382,-0.036673617,3.5431962,29.798094,48.020412,0.014350014,1.1213417,-1.9275315,156.1031,-0.01991811,1.5989813,8.276704,39.342518,-0.006787166,0.77398914,-4.816642,77.00124,-0.02616026,0.9861964,9.695736,60.598537,-0.017411636,1.0378953,-3.3786137,116.572685,-0.03037876,1.0490296,4.562552,79.269325,-0.0012716048,0.9048497,-10.138934,130.05638,-0.013028735,0.9951251,-0.6504688,73.254196,-0.0008545616,0.89941555,-2.4739513,72.7651,-0.002001975,0.9288698,0,classical_classical.00016.wav
0.017130477,4.5073608e-05,0.5927852,0.3551514,983.5788214332212,47052.32848598225,0.1018361635708141,-0.4876488485736017,1403.8329849282143,24477.83489956135,1853.1721274550116,291856.4600793803,0.04422460030476006,0.0003454829712267546,95.703125,46,0.037379346787929535,0.3919147849082947,0.00029887623,3.600192e-08,2.0424113,8.202172,0.8720282,0.092478216,2.5628765,15.9016285,0.0073763759708226125,0.07781542653288734,0.1298174,0.05111366,0.09391758,0.018715613,0.299412,0.045213435,0.625803,0.15805286,0.28129715,0.02629166,0.24132042,0.09619808,0.15749705,0.037072178,0.21356244,0.05441578,0.30658263,0.11184791,0.25464192,0.07035182,0.39824772,0.116164714,0.20204502,0.057293896,-406.9405,3313.5125,0.07669883,10.5196495,163.12128,219.80573,-0.009571535,2.468683,-2.3830736,413.92087,-0.0057015745,1.9590224,32.416294,85.63219,-0.002193926,0.8844958,7.9417677,95.98539,-0.01879029,0.6953735,9.643221,59.956947,0.002257361,0.5536998,-5.4485674,75.5112,-0.00012070623,0.67134285,9.491742,36.885426,0.014623849,0.55277514,-3.0622783,37.185207,0.0051385174,0.5548215,10.19724,50.78367,0.0046804585,0.52900577,-10.358045,92.559586,-0.002703308,0.5639489,-5.4023542,86.41875,0.009378098,0.73846316,-8.050903,87.02121,0.01726916,0.5681928,0,classical_classical.00023.wav
0.041578982,0.0012195634,0.78044707,-0.13474822,1558.9858019627875,183679.48973365253,0.21078925836467477,-0.7247216772693195,1578.7189593022672,69183.01415949431,2921.965664606714,658950.7755277512,0.09220201238390092,0.0011399398534105455,135.99917763157896,68,0.15126994252204895,0.8399015069007874,0.0011372231,1.0677555e-06,2.7629879,11.39048,1.0553497,0.39447755,2.7198746,16.159084,0.058131666716775485,0.034120735047681004,0.36034575,0.13305883,0.22168933,0.02965529,0.47690707,0.17485854,0.17454596,0.015772149,0.24911487,0.08245638,0.21880437,0.08955415,0.17292637,0.029407313,0.27085778,0.09913908,0.1449103,0.013143438,0.28210512,0.10646734,0.123068914,0.015303957,0.2676186,0.095764115,-297.17767,12927.413,-0.008792251,26.950686,130.17676,1559.9911,-0.027098594,6.264323,-30.512627,332.15466,-0.013447431,2.0701873,27.434053,83.49694,-0.0013173291,1.0217204,-6.999929,185.5763,-0.013967953,1.3797833,1.939301,127.37868,-0.012771868,1.1018778,-11.0856695,107.921524,-0.018758506,1.1141796,4.716369,70.31485,-0.0038740416,1.1113278,-8.736414,146.01572,0.00562177,1.2720928,5.370046,106.9441,-0.021625584,1.0190058,-5.357057,242.16225,-0.016109737,1.3357002,4.432484,162.01042,-0.010777493,1.2813576,1.7534858,184.18549,0.007190761,1.5976045,0,classical_classical.00029.wav
0.016007993,0.00018967291,1.9102567,4.281494,1281.6385323449103,302096.87746483117,1.498640185295436,1.838777422858863,1502.99007389509,133644.88092534253,2443.5935572574012,1545221.2965571657,0.05937303478134675,0.0011493873852825767,86.1328125,29,0.08736710250377655,0.8603312373161316,0.0008763939,2.675989e-06,10.797743,212.57024,1.0039579,0.1626052,1.9726772,10.87105,-0.0012525124516207893,0.04217096523891126,0.16107582,0.040352512,0.30458817,0.12865347,0.30499044,0.082219645,0.4088671,0.15043446,0.27012265,0.08128182,0.11645544,0.023127804,0.16152932,0.047823265,0.26505277,0.117088616,0.20602582,0.06159406,0.29200158,0.14031006,0.20108958,0.06131154,0.1784745,0.061349213,-419.1335,3952.5627,-0.059668202,10.532996,127.255745,1449.9017,0.03378989,3.7497635,-3.6087575,311.0746,0.006868851,1.5207336,23.077682,160.68916,-0.00018782956,0.84662735,-4.2230563,250.34839,0.031592526,0.7450658,3.9636922,122.69872,-0.0026560687,0.65132004,-8.174722,161.17245,0.0064853146,0.70138663,-7.6498523,45.465668,0.005060181,0.6895168,-7.052937,69.62194,0.014902543,0.5977836,-2.936296,42.81384,-0.009863667,0.5757177,-7.3882246,58.83687,0.0170309,0.5927549,-5.452123,48.869053,-0.00059237273,0.5901117,-9.093265,51.3936,0.010428596,0.6303323,0,classical_classical.00036.wav
0.044318832,0.0010923948,1.4151852,1.9096823,1279.494666189377,92418.82594629952,0.2506989382691436,-0.6007261978660763,1339.2818635601404,49792.47545603276,2378.527284037587,358746.92883024144,0.07585328282217492,0.0007516907763692069,151.99908088235293,59,0.17490951716899872,0.7457641959190369,0.00057535595,1.0894413e-06,22.037378,654.17566,0.92059875,0.68621117,9.477695,149.66911,0.03700901078691677,0.02868473003379784,0.24381265,0.06652596,0.3191522,0.070450924,0.46782452,0.13247208,0.26814073,0.05299875,0.3150657,0.12115918,0.16589837,0.03370706,0.22167425,0.07030572,0.31654832,0.120788634,0.26406053,0.05591637,0.38720152,0.113957465,0.27853855,0.08329205,0.28644106,0.06957464,-275.72427,6549.771,0.060484882,30.946884,145.9289,484.33682,-0.0061221076,6.262552,-36.231834,381.0715,-0.022021258,2.6958768,23.930353,259.89896,0.02341212,1.533474,-2.3507576,164.69296,0.0062438776,1.7116086,-2.3070629,88.6344,0.013075371,1.1371875,-13.19949,93.52875,0.005503598,1.1092885,-6.576739,78.84499,0.015812542,0.9731171,-9.313151,71.63448,-0.01785237,1.0284399,-3.1790876,60.278645,0.008294477,1.0145168,-11.493053,66.426,-0.017135553,1.0110952,-4.2429028,62.858395,-0.013316996,0.9421874,-1.6614276,108.1608,-0.020894922,1.1915746,0,classical_classical.00038.wav
0.12373418,0.004035569,-0.3911404,-1.095885,2224.8938399288413,338093.40011982876,1.224908809084162,0.6321492608508357,2274.325029414401,102199.24825350198,4467.456319236165,1624585.3673719068,0.10944642813951239,0.001174314721849899,103.359375,53,0.2435169368982315,0.5134080052375793,0.039003536,0.004382107,2.5968835,5.810671,1.0325812,0.42730105,2.0665493,6.2305956,0.0826733463045475,0.0182575873382046,0.5672501,0.15249096,0.22129196,0.021972045,0.27872905,0.0743126,0.2026494,0.024561035,0.3409085,0.1028351,0.31959814,0.09915981,0.2697981,0.031596847,0.50400215,0.12587374,0.2317785,0.032195438,0.24236777,0.056324326,0.1971965,0.03691378,0.3638124,0.06509451,-98.35358,3453.064,0.006377123,26.37021,98.35551,562.1023,0.0029857852,2.1781492,-20.49053,123.734886,-0.00084745034,1.286178,18.820034,123.80051,-0.0050169444,1.0059572,-2.095781,49.270466,-0.003361765,0.73114973,2.6650372,30.373888,-0.008354683,0.5005079,-7.3115172,37.896957,0.00012983073,0.5925312,-3.5901136,28.50035,0.0064191427,0.630507,-7.989525,34.015564,0.008129977,0.5468762,-1.9183744,44.89024,0.0032668877,0.6415986,-4.731997,60.436333,0.012213046,0.70286053,0.62377596,36.614326,0.0126184635,0.5964226,-2.5930846,39.630558,0.008608859,0.64531004,0,classical_classical.00049.wav
0.08052824,0.003169796,0.017209295,-1.4993176,1527.645526264714,232397.09741962963,1.3122370218456105,1.5173558191658945,2079.667989385167,196188.42011244586,3220.8305240784634,1525371.2022445009,0.06010507872968266,0.0016020911563379623,135.99917763157896,67,0.21304678916931152,0.6991453170776367,0.0082460465,0.00017693036,3.1812406,11.724633,0.9830274,0.5892397,7.086408,102.25205,0.01062612791901643,0.015542440849576579,0.3750729,0.08435254,0.3982393,0.071050234,0.49174514,0.12857865,0.41076028,0.06609477,0.45233423,0.107397266,0.3230753,0.03925457,0.40875876,0.107826844,0.40376154,0.107822664,0.28654385,0.05167474,0.33962044,0.08603516,0.31262526,0.052242007,0.3749491,0.08830755,-230.27237,28254.176,0.20591854,48.83574,119.15338,1155.0316,0.06610142,12.010994,-1.0512242,1083.2749,-0.04748535,1.4917344,28.384487,95.97859,-0.007856584,1.1987425,10.00878,138.4082,-0.0098629575,0.8240246,16.125824,74.14688,-0.0030367253,0.47292098,4.793946,66.36472,-0.007350999,0.48253658,6.192379,36.05937,-0.006191829,0.5020508,0.95159554,34.03402,-0.0070585245,0.49016827,5.915187,40.89762,-0.0024745448,0.4338738,-1.1755236,55.36878,-0.006962926,0.4388081,3.5739167,40.10729,0.0013044737,0.475659,-2.0996544,39.327335,0.0034601518,0.42297903,0,classical_classical.00051.wav
0.13873944,0.0030632918,0.015204632,-0.7511723,1462.3210310586796,116588.71598381612,0.4994166859655116,-0.5660881570180991,1553.5588532915347,94754.05787428482,2739.4167684549147,585063.4421592011,0.08776931054082818,0.0005390321593727535,215.33203125,97,0.26114189624786377,0.3989277780056,0.002795427,9.105209e-06,1.9659519,4.1013002,1.1064079,1.5347408,3.2335448,12.607647,0.04608525283495068,0.028503644830707348,0.18107374,0.055228863,0.25515154,0.023635177,0.65814275,0.11358424,0.23336613,0.030071141,0.22645909,0.05501866,0.28070223,0.08919278,0.32007548,0.031141782,0.54087615,0.15890886,0.22131272,0.017279295,0.3240608,0.06460317,0.22081111,0.048474632,0.19524233,0.029554868,-121.05684,4956.1387,-0.1808839,88.7901,149.82222,921.16547,-0.012177999,13.302769,-43.140697,241.51782,0.02179134,2.9072864,24.491314,126.30696,-0.015634634,1.656962,-5.493248,116.12146,0.008031288,1.4169257,10.702244,63.535717,-0.0054026907,0.9922716,-2.8442953,69.15848,0.008334347,0.8671907,0.7909034,41.27628,0.004797995,0.7989589,-6.4277973,45.96655,0.013033135,0.82996494,4.5118203,34.8939,0.010746414,0.6575603,-1.235541,38.75363,0.005718903,0.69619906,1.2984776,43.375584,-0.007815797,0.8146387,-1.1607817,31.01447,-0.010041106,0.63482994,0,classical_classical.00053.wav
0.17471221,0.0021532462,-0.96121806,0.73640776,1709.3052380467611,110908.17142902267,2.9808982812478453,20.955516137559286,1605.592860058778,49059.20191117177,2828.0662324037344,400497.708975648,0.11600572332140092,0.0014396615789954673,95.703125,45,0.24978187680244446,0.26559725403785706,0.0033187948,5.690863e-05,10.400913,126.291046,1.1694638,0.2585387,1.4319087,3.951118,0.028801158549646558,0.023523249642943778,0.51032305,0.14388251,0.5085309,0.102091976,0.49471408,0.11972875,0.37355432,0.09646043,0.28349835,0.070660874,0.2734527,0.07725301,0.20802085,0.04150352,0.25036663,0.06841234,0.21120434,0.047453504,0.21260907,0.058622967,0.24246503,0.08108638,0.27535528,0.043352064,-106.68693,3619.9807,-0.049154554,14.907015,127.64995,741.43994,0.0343276,6.438935,-45.339428,271.2239,0.0019739552,3.7707179,31.386822,158.06593,0.02827476,1.9617856,4.4541097,434.2935,0.026644448,1.7966146,-5.050969,115.84644,0.0086651025,1.489349,-16.184906,250.35135,-0.0028557896,1.4848306,14.905193,296.9432,0.01036424,1.6518606,-7.7786136,135.4177,0.009259776,1.2620846,-1.3484918,276.56317,-0.021337314,0.94477856,2.7878048,325.11893,-0.019086285,1.5855575,17.39698,298.53662,-0.0071252543,1.4760749,-4.197092,262.456,-0.0022758604,1.28699,0,classical_classical.00054.wav
0.1897583,0.0036444701,-0.9506447,0.3117211,1680.5068109578096,94207.23025567182,2.2339335477766316,10.199813859091414,1707.7186936667717,53393.14854489357,3076.023066376016,360354.81605150114,0.09674960393285603,0.0006889906664127018,99.38401442307692,50,0.2849225103855133,0.31813862919807434,0.005321027,0.00014382342,7.8989515,74.8975,0.91679144,0.2308522,3.423586,17.80575,0.1086726100557634,0.06818294318510493,0.16585214,0.033518292,0.20669773,0.011281475,0.6911471,0.12294757,0.30302703,0.023570409,0.27766234,0.10265873,0.18374412,0.015287006,0.32657737,0.039685294,0.6209375,0.109499775,0.27900767,0.020426365,0.28385141,0.085849896,0.15227665,0.011552581,0.26568422,0.049097482,-81.15693,2716.5032,-0.00818195,19.303934,129.08463,375.12756,-0.014661426,6.4516587,-42.481037,139.63591,0.015719203,3.702323,33.15248,116.15092,-0.013548076,1.3985761,5.651299,101.41539,0.011461897,1.7545081,-6.4727635,98.2402,-0.022018451,1.1493047,-2.2664282,94.885506,-0.011563039,1.0713909,7.3922744,87.14093,0.010914429,0.9533988,-18.704502,64.73746,0.0030969563,0.88139075,2.4881966,44.94143,-0.0010864226,0.8773025,3.7781215,73.60741,-0.016917964,0.8423341,1.9137038,48.06842,-0.0129593685,0.70725447,-10.063788,59.030064,-0.00031141084,0.699253,0,classical_classical.00056.wav
0.020719387,0.00020144907,1.2311603,1.4940491,1285.189622152325,128561.41868723712,0.621005995123289,-0.16248254025748565,1659.8145069907841,71952.68091824031,2478.135015056598,462594.5763241881,0.0637490476248065,0.0008163420124845294,117.45383522727273,57,0.07986200600862503,0.6850239038467407,0.0017346902,4.613299e-06,3.7001376,17.451477,1.0436349,1.2595987,3.6906676,15.31168,-0.013642657171144273,0.045625253422284726,0.3146817,0.09050424,0.19950415,0.040136073,0.31962466,0.09888841,0.26605332,0.08152921,0.25021502,0.053900614,0.47218806,0.15231106,0.21960957,0.03720007,0.17553206,0.064713374,0.15534727,0.033869423,0.33489713,0.093274236,0.4038083,0.12827514,0.23997833,0.053868975,-360.88638,6765.021,-0.0871777,95.22305,139.01433,841.5903,0.006824598,11.896187,-12.954871,200.60297,-0.0012533236,3.4156308,33.81472,82.638916,-0.013044951,1.7833297,7.581149,57.11017,-0.0039696074,1.4292884,-1.7150867,35.262264,-0.00401174,0.85028946,1.0278153,37.540436,-0.01580603,1.0218695,4.07734,33.48274,-0.0034587428,0.62424403,3.9340472,54.553078,0.0059359563,0.91754186,0.9356936,98.51167,0.0040547573,1.2054197,0.52139556,175.90294,0.013778624,1.2525263,4.7006664,165.95164,0.013032469,1.159966,3.3526468,76.88115,0.0033433666,0.75700563,0,classical_classical.00072.wav
0.016759016,0.00031420367,1.7245725,2.551529,812.7820757581197,50965.49198509271,2.5770952017170505,8.765336537432672,1010.6695305130681,76244.57156584851,1238.742509493518,268006.2068520224,0.04833946582333591,0.0002537687126006885,161.4990234375,75,0.09036509692668915,1.0576868057250977,0.00028484917,1.225436e-06,7.1601014,60.89282,0.6732986,1.247961,6.0805187,45.356274,0.00712838253627257,0.0623854713268789,0.17442298,0.06494117,0.094546475,0.010993196,0.28468755,0.11901644,0.40123755,0.1435948,0.19100705,0.041931454,0.32952136,0.15158428,0.19683293,0.051666413,0.1925012,0.068284295,0.2745212,0.11947972,0.1630283,0.029899243,0.1576986,0.067964114,0.16375582,0.06139813,-477.9197,8601.8545,-0.005318745,47.466827,155.34184,1505.9801,0.035537478,10.494859,12.689065,800.1558,-0.0060213446,4.2405214,5.518632,230.4064,0.012625298,1.4165897,2.365268,96.43893,0.024566837,1.3077433,-10.648683,117.86138,0.002733917,1.0138065,-16.636108,82.52198,0.000632695,0.88931435,-12.546505,105.49415,0.006852773,0.8400931,-11.196688,172.6181,0.012635768,0.93942875,-9.370655,131.8339,0.014481247,0.88405627,-3.2077742,66.14224,0.0103023,0.8646027,-2.774281,119.87951,-0.0018649164,1.067003,-6.477144,90.56919,-0.016752986,0.91406494,0,classical_classical.00077.wav
0.0052672415,2.9686222e-05,1.7792695,2.6397028,972.2557712633097,93546.14297779022,0.7964038616474587,0.11358102528817415,1615.9492847028475,206323.56056240876,1907.6051316394157,1047447.8954690115,0.03153986975135449,0.00012612853403738342,112.34714673913044,54,0.02487354911863804,1.034413456916809,0.0013404009,2.5384563e-06,3.2361293,17.140427,0.77459323,0.04147112,1.7209536,9.782629,0.02978795163282298,0.024830858635576478,0.36585814,0.07163583,0.33488196,0.0733976,0.39571932,0.07016056,0.48201117,0.090180255,0.49269223,0.11907919,0.3855733,0.10408419,0.55794126,0.08807081,0.52253896,0.0916821,0.29109967,0.05863982,0.2744703,0.05761759,0.57528067,0.0984118,0.5770467,0.07752625,-549.78296,7695.0054,-0.060769558,1.9232872,157.05516,1520.6213,0.01956195,1.051162,6.583676,544.8313,0.011517234,0.71239924,34.441654,74.80395,-0.009596431,0.6007983,13.253041,64.70898,-0.017266298,0.40738213,5.7638717,71.37064,0.0004840591,0.39897662,5.042023,81.59275,0.0015573619,0.3499423,-3.0030231,74.192,-0.005804568,0.33562192,2.0598757,53.52508,-0.001439161,0.38788918,3.066099,30.59791,-0.0051063444,0.39100784,2.0244193,42.977737,-0.0075868857,0.32701147,3.2478142,30.648247,-0.007903094,0.3635094,5.677012,17.347544,-0.0072215484,0.34924015,0,classical_classical.00080.wav
0.038884893,0.00040606825,1.2164757,2.011819,1525.687215362507,211410.48610203384,0.6148000055653094,0.21195362991945377,1588.460071365499,199117.8092731249,2733.2584723599557,963816.5123732444,0.09158788155476007,0.0008479582462014713,107.666015625,42,0.11422108113765717,0.5182252526283264,0.0061951717,0.00015591661,7.563573,93.84817,1.1483516,1.115139,2.8209367,9.7271,0.0412753170366767,0.03080688102374712,0.33667865,0.099940754,0.22673522,0.027907437,0.4993819,0.14346041,0.3005515,0.05736544,0.36120975,0.09234631,0.35241833,0.08426753,0.20779456,0.030542586,0.3922121,0.11541205,0.22107325,0.027983285,0.3204221,0.08071568,0.2999709,0.06820763,0.20560795,0.03347264,-246.11053,5833.2437,0.1853683,72.87062,149.34515,1471.7583,-0.05018747,16.769796,-41.901432,240.16356,-0.016655382,3.654442,11.547046,97.57781,0.00874533,1.7167778,-10.233306,61.225883,-0.0045957416,1.5128005,-4.0465503,57.216,0.017662797,1.1368401,-7.113487,45.790466,0.0033902524,1.1091208,-10.147082,68.04418,0.0060352837,0.83172303,-9.40315,63.583015,-0.0005235491,1.0132171,-7.1777315,61.68755,0.0064201783,1.1076353,-3.1557107,77.87569,-0.002248651,1.1060703,-5.6363225,61.248604,-0.010908484,1.1368941,-2.5846405,94.16363,0.00045267053,1.2718178,0,classical_classical.00085.wav
0.013989927,8.111768e-05,0.9183915,1.2077208,1423.8483182117402,106809.75929770741,-0.07835281038623802,-0.5684795507032687,1697.036959572853,49054.133562442956,2927.2156328608744,490477.74772283423,0.07013903166118421,0.0012323022136397639,161.4990234375,77,0.0496908538043499,0.643787145614624,0.001235746,7.382192e-07,2.257787,9.644081,0.89480543,0.2599523,5.72909,57.30346,0.045959341481436815,0.04427314678684894,0.42536727,0.14252149,0.33502746,0.055176586,0.5310305,0.11864407,0.3281581,0.06809838,0.20188564,0.034211062,0.21829148,0.03971361,0.35054028,0.08385542,0.44763845,0.1056926,0.29528335,0.054833148,0.48262605,0.090054676,0.55100954,0.104470104,0.26193094,0.038140833,-385.84573,9373.948,-0.069502085,33.245358,128.64633,408.195,0.04914014,2.4833674,-26.750345,453.11484,0.04377788,2.292055,39.498077,116.51968,-0.007410922,1.045468,-2.1855469,173.19292,0.021302043,1.231579,16.779593,60.438007,0.005086741,0.85276574,-5.732275,127.10229,0.01708832,0.9865224,14.755467,71.71075,0.009003744,0.71975034,-3.0921726,124.23731,0.0040946207,0.8809822,12.322709,81.479164,-0.0027322725,0.7804847,-5.912123,100.68594,0.0018616217,0.9821288,2.7904608,92.833534,-0.018320045,0.85904384,3.6743538,116.24181,-0.015071263,0.95612895,0,classical_classical.00094.wav
0.2042707,0.0019195367,0.23842807,0.023730755,2174.1604935047117,570461.9655463778,1.667423981602498,3.4840160724773837,2281.058760714112,206870.9963100941,4348.07370779315,2578226.800647368,0.1025643835864938,0.002366501392879316,161.4990234375,71,0.2706160247325897,0.2144826203584671,0.019756043,0.0013809042,3.9497232,18.873484,1.2073426,1.3723042,2.6659052,9.182658,0.06288370288116883,0.0268643365174303,0.30632687,0.060552504,0.35659164,0.057815026,0.6214754,0.13345562,0.34400612,0.04151668,0.33014706,0.069952875,0.23276834,0.03887032,0.3699314,0.07574669,0.50710297,0.11362205,0.37883708,0.05710731,0.47026643,0.10552934,0.2734431,0.04241883,0.33295572,0.08127824,-57.75979,1337.1653,0.072421044,47.80744,95.76648,823.8119,-0.037531678,28.358454,-10.109319,414.27032,0.013093012,14.329446,40.979637,193.22061,-0.012445616,5.241888,13.979035,133.6319,-0.014781661,3.1261258,-0.98985845,171.42763,0.0014540367,4.272869,-0.18847118,107.00304,0.007197296,2.216334,7.4250784,100.90501,0.008202099,2.010482,-3.6333375,103.60408,-0.010802495,2.8523602,9.545139,80.60196,0.0022835345,1.8701725,-2.9410646,74.62041,0.004960504,1.8180094,2.4362512,80.11866,0.007685795,1.5145565,1.9947803,53.288246,0.0034476425,1.3324203,0,country_country.00003.wav
0.27427122,0.001033605,-1.3377199,4.677375,2505.64225702653,282991.7395140623,0.006085943373743042,-0.27624255496515415,2573.933846333137,119657.61406012285,5480.583526327883,1428298.2695548702,0.10458553538602941,0.001189174995225237,66.25600961538461,33,0.2760276794433594,0.1172187477350235,0.020559669,0.000424658,3.9586384,37.356728,1.028589,0.6098297,2.6625185,7.989867,0.030423161772611697,0.04312975783271812,0.32551226,0.055770893,0.36074108,0.10059855,0.24749643,0.035979994,0.34486303,0.06930283,0.47999063,0.13440426,0.34784096,0.060961343,0.38211697,0.09047855,0.2727024,0.03773806,0.39617878,0.10518523,0.2761785,0.07210594,0.2799996,0.04492886,0.47401753,0.10599867,-19.776026,525.4318,-0.045609795,17.18985,76.692825,368.68854,0.015183053,10.133003,-4.8332195,158.62447,-0.0017806723,4.3471937,32.20988,153.42815,-0.013909247,2.5095956,7.677993,120.38372,0.0047210674,1.4086447,17.248816,124.81399,0.014057933,1.6191047,-1.43586,60.018227,0.0060058394,1.0186847,9.138049,55.21414,-0.010466826,1.1560447,2.7570934,94.40685,0.011550752,1.5435346,9.134766,82.25635,0.014420376,1.112361,-2.6791797,62.81967,0.00943327,1.0247784,7.5156045,85.26815,0.004188826,0.9622843,0.3527853,58.017494,0.0040140515,0.929874,0,country_country.00008.wav
0.12688062,0.0019729976,-0.11897466,-1.0035927,1668.245334656673,470022.4926441731,1.5303037804507056,2.540649056731067,2053.561935041154,279149.28908391314,3440.4958624588817,2772151.964529074,0.06406537224264706,0.0011032168775324698,89.10290948275862,43,0.18820562958717346,0.35008054971694946,0.011831097,0.00055156485,3.8624687,18.384518,1.3902729,1.9345002,2.112988,5.1324654,0.08354019887631395,0.028735544086749155,0.42942065,0.13749547,0.27591687,0.057170667,0.26657873,0.075525865,0.21660484,0.048529163,0.36064154,0.11935304,0.3930379,0.12639837,0.31943637,0.0702484,0.45315853,0.14331219,0.25410023,0.05207872,0.1719041,0.04848058,0.15567921,0.03609895,0.2636969,0.0636429,-141.01823,1979.792,-0.06547972,78.363304,123.87279,1157.7797,0.039213654,42.917213,-2.4779878,334.56195,-0.013432124,12.436828,27.959589,220.85623,0.012701876,4.2914796,0.02309831,202.44289,-0.014387786,4.9909883,1.2174067,82.392265,-0.0017493812,2.7058744,-10.99745,120.81926,0.003224851,2.949359,-1.36803,99.978485,0.021650888,3.020564,-6.994622,66.892815,0.0040518506,2.0291386,-6.113773,67.182625,-0.0074748793,1.9577831,-5.1924267,100.76174,-0.004735268,2.1349978,-2.178293,57.416035,0.008509215,1.3541248,-4.600623,55.108963,0.0056089535,1.5565491,0,country_country.00012.wav
0.080038056,0.0011122875,1.2421631,1.4360423,2812.59576297552,522700.50168431504,0.9945691982535357,2.010255507660938,2841.9708918320007,175983.9933166041,6062.305008737664,2839167.5517667816,0.12956610995549536,0.0023882699949254673,129.19921875,64,0.18757463991641998,0.4166889488697052,0.043355446,0.0017844859,2.2520292,6.438987,1.3952414,1.7976842,1.869436,3.2609005,-0.0007867902065149818,0.021139085820951354,0.2768585,0.055859473,0.3695927,0.094227076,0.29104954,0.06424654,0.26699722,0.042107627,0.53590125,0.12600933,0.36645168,0.066602364,0.3495537,0.085314065,0.30560067,0.060671844,0.38616908,0.07575831,0.5413571,0.117555805,0.3574014,0.057861127,0.3758916,0.105910085,-126.201096,2084.603,0.027318282,81.15521,77.63402,538.69244,0.0076899985,14.707231,3.1705327,349.17346,-0.014550933,11.7999935,19.967413,106.66624,-0.012059199,3.3927195,10.835713,173.12021,-0.012630521,3.6104121,0.7298059,104.047264,0.014884338,2.8407285,5.220927,90.944695,0.037381146,2.3351226,-0.5048599,78.675026,0.0017063138,2.5116987,-1.0031432,78.1511,-0.0051794364,1.939698,5.394092,86.92303,0.002546396,1.9957975,-3.728515,54.646866,0.015449256,1.5915304,-3.502039,46.152153,-0.0018707053,1.5760933,-5.325574,49.816593,0.004089859,1.4589363,0,country_country.00013.wav
0.09267778,0.0010438322,0.30019924,-0.5980146,2952.8962124012724,965220.2396178457,1.7727342140426798,4.225083252815079,3036.7924905613545,125218.63926376656,6571.8352610112715,2663128.7774046543,0.12478911692143962,0.00668187425715856,135.99917763157896,69,0.15520788729190826,0.34860989451408386,0.045180712,0.0022340447,2.1305456,5.541382,1.3684528,1.8647271,2.945617,12.180615,-0.005482361603437784,0.018028822186931102,0.24986885,0.03887084,0.43953505,0.096875906,0.42523855,0.100449376,0.37825793,0.08127929,0.47500223,0.117540576,0.3269046,0.065564595,0.32828185,0.1020375,0.23176503,0.043217566,0.35806775,0.074032314,0.51084477,0.12504254,0.33130673,0.05373537,0.31547254,0.07731578,-124.60245,2328.2817,0.2639017,85.81544,72.50858,593.6721,-0.062078144,17.095121,16.714214,309.82608,-0.009914673,9.742043,18.23801,179.8143,-0.013214775,3.9693298,12.215406,120.215904,-0.018025206,3.2020404,8.07895,79.41556,-0.025235903,2.1322408,7.9846854,66.995224,-0.013751452,1.6581835,-0.51476,61.203156,-0.003803443,1.7591372,2.3687928,75.768105,-0.003428989,1.5213275,-0.56441873,58.04803,0.004651427,1.5420549,-5.5617557,49.34942,0.007214081,1.364426,0.5534742,61.004993,0.0032667317,1.7014247,-5.064303,61.47313,-0.0036598463,1.7859348,0,country_country.00014.wav
0.10520666,0.0009893734,-0.43714505,-0.1993661,2409.114913370295,1069570.2068327807,0.7853773719244709,1.9785390659431146,2533.3392090641087,153065.89334876163,5219.668437379063,3270311.3390743565,0.08685094874709752,0.005418454053248172,103.359375,50,0.17419680953025818,0.2989763617515564,0.021650981,0.00085489446,2.5997684,8.385331,1.5356219,2.7016494,2.7889674,9.610663,-0.02614275903400769,0.04727543089918734,0.3179889,0.084773324,0.30980074,0.06278456,0.46723413,0.10829326,0.39483252,0.08531752,0.324736,0.07678384,0.37713793,0.099214904,0.2953894,0.0586752,0.26978984,0.060618788,0.26783442,0.053337593,0.40432096,0.07411588,0.5678486,0.12388522,0.3948881,0.06089489,-161.07915,5322.4424,-0.05677099,115.12508,74.70777,1364.2811,0.07314831,42.457577,22.423489,257.88715,-0.0063061197,6.6969404,45.997147,393.08206,-0.002333923,5.6161904,5.2498493,230.00136,-0.004701362,4.8472133,25.115282,111.85289,-0.0004960177,2.5729148,-0.5928125,128.80519,0.010644884,2.6143692,10.379052,77.40032,0.0045577595,1.825774,-6.8264356,124.047,-0.014811355,2.5091074,5.05526,132.76294,-0.0008470495,2.7558308,-0.7582614,50.71091,-0.0044414736,1.3158984,1.4124366,73.81219,-0.0014307278,1.5964758,-5.9986353,68.14856,-0.0046611475,1.6741928,0,country_country.00020.wav
0.109816514,0.0016747902,-0.2011706,-0.86269355,1044.2374567671677,103778.89076412677,2.265104288886677,10.138882113396821,1393.1663230363372,51914.45281165481,1944.4799086626838,560945.1007157051,0.0456202834752322,0.0003879735954498276,107.666015625,45,0.18510515987873077,0.3726598024368286,0.0011420575,8.054046e-06,8.450986,84.17116,1.2461791,1.4396964,2.5700967,7.7397127,0.01613756037162708,0.020516662878188853,0.35667312,0.13249066,0.22751439,0.0591259,0.22634064,0.08551784,0.17803027,0.041853666,0.29049045,0.086071886,0.31376383,0.10028863,0.2687447,0.07632168,0.29812035,0.10291922,0.28758702,0.06479625,0.428294,0.13814875,0.30613583,0.08216253,0.2886637,0.07938331,-209.44473,2714.304,0.03847335,75.58394,167.21715,469.7763,-0.033173624,12.41014,-20.932905,339.29453,0.033663567,7.1294746,36.868416,322.13547,-0.008658121,6.251324,10.216114,298.85483,-0.052716352,4.2915955,4.0163655,125.02315,0.049097523,3.2353032,-5.7090216,154.61723,-0.00529838,3.8970127,-4.6040363,105.008995,0.018614411,2.0664399,-6.2693844,105.15722,-0.0047392906,2.2174323,-4.172916,85.50035,-0.0034949037,2.0534134,-6.7252593,87.27552,0.0048048906,1.6564666,-3.2654512,52.28483,-0.005009153,1.3699447,-7.992934,55.174564,-0.0060880603,1.4624178,0,country_country.00021.wav
0.078271426,0.0015886294,0.7425523,-0.14781117,2614.305008554006,791979.0178652091,0.8301348361944438,0.7694014321599414,2655.68330531017,278315.2172071483,5435.842130206318,4021719.863037238,0.11930388931888544,0.0033917230633721566,135.99917763157896,68,0.21355928480625153,0.5092230439186096,0.046290036,0.003642527,1.90948,3.4624844,1.774034,3.614597,1.6599538,2.4940977,0.007974187252043428,0.023564377173267568,0.27831554,0.0750913,0.3513999,0.07536009,0.45429865,0.12116056,0.35532355,0.07601391,0.39469585,0.10238282,0.35313252,0.08430414,0.3830206,0.09241467,0.3302104,0.08729239,0.29899666,0.05388385,0.49587777,0.1294244,0.32952332,0.06722439,0.29538438,0.084860094,-153.87318,2857.7498,0.10020283,115.7123,83.7017,840.96655,-0.035605203,41.936893,-8.428106,629.0956,0.01059157,17.591442,13.966441,168.3729,-0.008054557,4.8642507,13.542644,148.28519,-0.02541056,3.7228425,3.7684617,212.99649,-0.007479185,6.3911524,3.006938,107.12072,0.002723875,4.4336276,6.3475204,76.44702,0.011054468,3.271538,2.0592046,88.17837,0.014044294,2.944535,2.0591655,86.61558,-0.0018322888,2.7908595,3.1928606,96.99955,-0.010208085,2.6257374,-0.49025255,75.02353,-0.0092302775,2.50369,-3.0284445,79.946556,-0.0036823906,2.555084,0,country_country.00034.wav
0.09092911,0.00092516706,0.3887887,-0.42138815,2860.154316939642,519178.0184334048,0.5753373209358708,0.052505763960558394,2919.863775504903,146926.05522771593,6248.3205505937985,2139966.0371885933,0.12116404435952012,0.002010626546168515,151.99908088235293,76,0.16795259714126587,0.33450847864151,0.03851605,0.0009499506,1.689421,3.6194873,1.3156016,1.7430084,2.2749345,5.8234577,0.05786073100795312,0.02322566096200073,0.48324028,0.11320266,0.36601698,0.0756718,0.4313706,0.10535298,0.33589724,0.058727004,0.42088795,0.10901316,0.31797346,0.06491014,0.3727832,0.077107534,0.3845182,0.092140965,0.24102202,0.038155995,0.2884842,0.077533096,0.29067808,0.0554437,0.45595637,0.09408507,-118.05324,1851.5981,0.049330045,60.37015,74.15594,575.4164,0.010355526,15.152454,8.281237,304.03778,-0.033779904,8.6327305,15.447511,208.3976,-0.047646593,4.4436116,6.156742,95.926865,-0.0041986234,2.2642968,8.449939,108.71546,-0.0026654205,2.901328,4.113038,91.053856,-0.0004254406,2.43644,5.736196,77.487885,-0.015452757,2.0808442,-1.9681649,79.42768,0.0003243386,1.8099065,3.1660538,84.119606,0.0018055335,1.762707,5.037966,65.252975,0.00033647285,1.3654543,-1.1300215,57.232235,-0.004035867,1.1918242,2.4402535,55.612537,-0.0010273892,1.555224,0,country_country.00038.wav
0.11320785,0.0005820785,0.22028491,-0.23981714,2634.3775481515077,820228.8981050495,0.6799242742210512,0.13802405435874476,2899.31933256153,232434.0454430033,5813.381513943982,4543092.7827461865,0.09588641943208204,0.002878282265269443,129.19921875,55,0.13806438446044922,0.21311511099338531,0.03517622,0.001822279,2.5300896,8.284007,1.3425927,2.1578562,2.7345831,8.785835,0.04083223655245516,0.022520513426590137,0.36734825,0.09850898,0.34432846,0.06965909,0.3859099,0.085635096,0.41982588,0.056981433,0.49568152,0.09488295,0.31398016,0.053222567,0.26569855,0.05101899,0.32439184,0.07231431,0.44661492,0.062236957,0.62409145,0.11559273,0.41984463,0.051464606,0.3815887,0.08302216,-111.68045,2636.3616,0.048055828,76.38901,82.24852,806.86786,-4.3339034e-05,29.363115,13.078438,390.2018,-0.04862405,10.415945,31.922014,173.93973,-0.028038811,4.8730726,23.703028,141.3681,-0.0051685907,4.0681195,-0.52963907,135.56783,-0.009773157,2.9774075,12.038963,82.60499,0.0018423105,1.8247399,3.652959,93.48118,-0.0027451266,2.1842809,-5.734557,154.87149,0.00563278,2.468911,3.3287833,57.831886,0.015990047,1.4024035,1.4276567,58.913773,0.0155035835,1.6869478,0.78177637,49.325863,0.00097589963,1.4544257,0.5592605,52.14002,-0.010202318,1.5813856,0,country_country.00041.wav
0.094943985,0.0014697481,0.43233347,-0.6985986,2531.328591972497,391844.6116339468,1.1296361552182916,3.107758905845623,2492.0681489718754,132858.43331249998,5072.494327320772,1819208.060803967,0.13430568824980652,0.002211762405823043,135.99917763157896,67,0.18198063969612122,0.4037885367870331,0.045750473,0.0026090294,2.1642234,5.756381,1.2982223,2.6246908,3.3379366,13.629892,0.013692302368027175,0.018052682728759997,0.36387825,0.07603426,0.37581104,0.062020157,0.50106615,0.09486351,0.3406885,0.05520621,0.3890189,0.08551715,0.29856032,0.05586857,0.41676244,0.079851285,0.4248297,0.10571602,0.39516413,0.057822816,0.6596039,0.09948793,0.31605643,0.037935674,0.35465968,0.073967084,-101.187515,2670.0972,-0.007834505,85.09481,85.41613,604.95105,0.013348691,21.365513,-19.67463,314.3705,0.0007955268,10.397094,20.579803,162.4167,0.011551513,3.5626936,9.987495,170.05978,0.035175502,3.9733562,7.5946727,82.06186,0.0019248949,2.1337821,0.08713548,129.93378,-0.011494977,2.5517585,3.4089587,62.69091,-0.0026731137,1.254131,0.041644234,72.45844,0.013201882,1.9015939,1.5824009,73.28485,-0.01095741,1.7622377,-1.4464257,48.7073,-0.0005126841,1.2894089,-1.2964021,44.313198,-9.5351934e-05,1.1800945,2.1417086,54.566013,-0.009756779,1.2816136,0,country_country.00043.wav
0.116889246,0.002107514,0.40070397,0.006795168,1939.8159812198362,422102.2786941448,1.6415136875478264,8.126348711212904,2482.429523797505,162536.47567433925,4131.0250202568695,2376317.335548131,0.06397844910990712,0.0011588757615532345,117.45383522727273,56,0.2696375846862793,0.3927450180053711,0.011573871,0.00043355156,8.191297,91.57077,1.5059985,2.5169246,2.9025235,13.251366,-0.012237107073089464,0.016217444969665814,0.32430464,0.10158048,0.27824476,0.0757519,0.3291,0.10495523,0.28166282,0.07961861,0.29317623,0.06714703,0.49863985,0.1470081,0.28087607,0.055874247,0.22079884,0.07444393,0.1895865,0.03659993,0.2645248,0.06130924,0.4369041,0.14176448,0.3401989,0.072001085,-148.93643,5221.87,-0.11049899,127.18355,107.21302,700.69476,-0.0047911536,21.580431,11.178053,393.5505,0.018724244,11.336289,26.709782,212.9591,-0.0060364385,6.185056,11.389844,266.73846,-0.007745247,4.3402634,-3.7978742,201.79758,0.020189598,6.592613,14.016795,91.71371,-0.014370144,2.5927756,-5.8721514,90.1819,0.018500792,2.595258,-11.048301,98.98384,0.00030820657,3.4236202,2.7830465,84.36017,-0.02482993,2.5025232,-8.436773,82.41464,0.010408552,2.618633,3.1844153,67.04159,-0.003817443,1.9790907,-0.777811,60.149975,0.0052753645,1.7984425,0,country_country.00048.wav
0.090293415,0.00082870293,0.046706744,-0.6215286,1553.3176541269577,374054.09998159297,2.214903273817158,8.67665213070823,1849.4670476429374,135275.09309610198,3168.1141761803406,1443662.5090211781,0.05926834909539474,0.0019012421796895675,64.599609375,32,0.15169326961040497,0.3188183903694153,0.0019475997,3.8750033e-05,6.735119,50.202602,1.0753967,1.2873471,3.6305652,17.348959,0.03464842444397252,0.06828782584033868,0.22775576,0.06883244,0.1274531,0.03859284,0.10118519,0.017471904,0.22664222,0.05616969,0.38067287,0.13651618,0.27948412,0.070869625,0.29301986,0.11418574,0.24607667,0.059035722,0.40004823,0.14925376,0.37988877,0.13319263,0.27414447,0.07198408,0.3596682,0.1298058,-204.72652,2650.192,0.12190499,46.82489,121.99211,705.6102,-0.016306728,16.236284,-17.809391,287.30533,-0.018518582,4.922828,46.405792,163.54529,-0.006030816,3.1153166,-1.8820225,230.1787,-0.026082428,3.7714806,17.112404,144.49474,-0.015460038,3.3048582,-14.798698,137.25433,-0.009800068,2.2574751,14.756461,106.219925,0.011779267,2.0989702,-19.472008,145.14738,-0.0055506933,2.2013762,10.993116,172.65237,0.05199826,2.1912463,-13.545,87.49826,-0.003674552,1.4145627,1.2659806,91.49131,-0.0047418997,1.8260505,-6.2663293,86.86019,-0.006783371,1.3367654,0,country_country.00051.wav
0.069490105,0.00039363312,0.2627074,0.17432833,1115.4073840323067,229698.39554227327,1.9277149768363953,7.049325148956461,1662.6207323371673,140411.96717781769,2345.5691499975815,1464234.1743990001,0.03548315656443499,0.0006179824108831971,71.77734375,30,0.12105081975460052,0.2855110168457031,0.00080688525,8.368554e-06,10.971792,151.5584,1.0875845,1.2118621,3.2005408,12.820115,0.017155706232454094,0.09112266857249675,0.46228874,0.13845578,0.27293018,0.047379445,0.2225263,0.0560372,0.24739534,0.04587047,0.4229213,0.098287344,0.5500077,0.15429953,0.3561945,0.06734595,0.39358744,0.09873645,0.28096372,0.054552983,0.2631862,0.06576713,0.20799902,0.04692588,0.24781615,0.042586684,-265.37054,3310.7466,0.019926792,51.796867,139.01772,637.4975,0.026535599,13.102451,6.0046687,288.7365,-0.019816067,4.7554693,47.606377,271.38947,-0.040102087,2.803131,-2.540823,372.09467,-0.014563114,3.903715,21.156048,110.02431,0.021809887,2.2038078,3.976778,106.146614,-0.0027143885,1.8546022,17.743435,126.37583,-0.025914786,2.0577626,-12.119282,138.35777,0.009332505,2.650861,15.570101,182.67392,0.0067882035,2.2347016,-1.2194908,84.92087,0.007840435,1.3227949,7.961715,107.924515,0.0067497133,2.192774,0.4414019,89.90769,-0.0033453528,1.7644013,0,country_country.00052.wav
0.10718952,0.0014254379,0.49688342,-0.17112327,1398.326104847563,377663.0813879946,1.1306663112405337,1.8161255190651397,1896.9075118974115,247255.56279756862,3102.5312394180532,2755686.7403222593,0.04858889742163313,0.0007014962669487424,60.09265988372093,31,0.21143534779548645,0.3522263169288635,0.0021061855,2.1354079e-05,5.166601,32.8571,1.0831925,1.5912666,3.446236,15.389273,0.06158263430461543,0.08495581676453982,0.15036437,0.029640386,0.29869488,0.072235994,0.4375549,0.13154294,0.25550333,0.040907342,0.29174787,0.08656153,0.15994823,0.023610393,0.2388479,0.074749686,0.2894094,0.093288496,0.3925002,0.038404744,0.6779366,0.12187538,0.35250393,0.037319276,0.23117562,0.057662044,-186.15544,4636.198,0.23205797,65.55262,135.58975,834.61926,-0.03928858,21.02995,6.1815743,260.24002,0.017729856,5.268938,45.632244,144.05687,0.006581843,2.836766,-5.561029,178.84953,-0.035686936,2.7502763,22.58071,94.34689,0.010092146,2.1041844,-12.794762,109.802414,-0.009335607,2.1116278,16.940916,109.0112,0.013902552,1.9258946,-13.571131,131.76746,-0.03399135,2.526883,9.570142,116.68854,0.02465108,2.293016,-8.202027,84.66352,-0.0064534284,1.8713421,6.5060987,74.6207,0.016683156,1.8696902,-8.933903,61.600063,0.005425979,1.2203737,0,country_country.00061.wav
0.08719332,0.0021946453,1.4978889,2.3928852,1328.3278984531369,175105.12235652242,1.7213722475293425,6.169458960015438,1633.5092384168076,68824.80970410304,2757.9249898715652,721204.6747966289,0.06108844390963622,0.0010101757574061312,112.34714673913044,55,0.27820083498954773,0.53727787733078,0.0008377485,4.1230865e-06,7.9550524,77.01133,1.1176887,0.8374758,2.8434663,10.720509,0.03152693818950549,0.06570517244109655,0.20693159,0.037805934,0.36797544,0.06892902,0.5773958,0.12320936,0.3429747,0.052058388,0.27024484,0.06377712,0.22347815,0.044460017,0.33283585,0.07533502,0.34072894,0.10113132,0.37110823,0.062404953,0.5816965,0.12202008,0.32368323,0.056952097,0.2888502,0.07487771,-217.11368,2651.375,0.028399134,40.05124,136.11755,696.99554,0.025724754,18.667156,-10.319245,229.56197,-0.02427411,4.631722,51.339916,250.03986,-0.014436862,5.81949,2.6291835,213.05307,-0.03348339,3.6285264,15.093133,113.15209,-0.01579856,3.0218103,-0.65839154,163.70064,-0.0012975644,2.138529,12.255498,125.24485,-0.017617883,2.065372,-6.2077475,95.48241,-0.011242024,1.7581723,7.791144,90.70407,0.010585527,1.6901772,-5.3754697,97.976,0.0025819433,1.1638258,3.623216,97.58619,-0.007221507,1.441772,-2.7939038,99.57792,0.0010228422,1.2563931,0,country_country.00069.wav
0.04327995,0.0010822623,2.188747,5.9477854,1144.7438520319315,326933.960119334,1.4386526883592883,2.393666930074347,1444.0974247312108,164116.37197636376,2223.0448908850135,1688461.02647205,0.04987498185952012,0.0014500948709065364,66.25600961538461,31,0.24509871006011963,0.760115385055542,0.0010789697,6.7778687e-06,6.999171,64.99433,0.9994761,0.8100671,3.071027,13.412069,-0.014387990476494568,0.08172672014375981,0.376147,0.08830136,0.39638913,0.09377754,0.35833254,0.10190181,0.4021188,0.10206429,0.44020742,0.11216065,0.3132036,0.06392738,0.3240232,0.09753671,0.25840554,0.041516863,0.35935885,0.08139651,0.4135386,0.108959325,0.40481195,0.07717487,0.4700855,0.10650168,-303.237,7679.5728,0.13712983,41.42794,151.10574,858.1819,-0.02792196,15.380242,-4.566698,762.2555,-0.02653745,7.9769177,27.631475,285.4173,0.05597165,4.630202,-0.75977665,321.95377,0.008310811,4.098304,13.8396015,163.76279,-0.016125211,3.7586844,7.0608726,153.51942,-0.006017,2.7015202,4.3098364,115.52905,0.021203203,2.0747595,1.7134734,122.336784,-0.0026828947,1.9542248,6.6051316,120.37878,0.01478385,1.7766287,-0.53755987,83.14874,-0.023417184,1.3869281,7.966457,80.803764,0.01162473,1.1580794,1.2603549,66.43645,-0.0030740104,1.0899993,0,country_country.00078.wav
0.11523688,0.0015826387,0.7536877,0.49064994,963.0779724460987,284348.9533562234,1.6726099062048925,2.962275942788237,1234.5696122870343,259722.04449851706,1750.0060846192919,1637099.3226977645,0.04576956450754644,0.000604590210609393,80.74951171875,35,0.21397730708122253,0.3452227711677551,0.0004937012,1.1031788e-06,4.4006352,27.280142,1.1694272,1.6801035,2.9262269,10.671637,0.1201938895438478,0.05476929047156161,0.40969083,0.12033081,0.21962637,0.028789103,0.30031866,0.10744339,0.241538,0.038612958,0.45500496,0.12558945,0.35204723,0.100803815,0.25976205,0.030522149,0.4711608,0.14189683,0.25232998,0.03226433,0.30824968,0.11968984,0.18316767,0.027717425,0.2724028,0.054090295,-229.17159,5071.175,0.0010241163,59.314545,180.3553,1433.4448,-0.00079786225,23.73904,4.551881,726.6165,0.048807338,12.506373,24.183556,302.23444,-0.011248299,4.9518013,1.1121782,451.32877,0.014342969,5.7839055,3.9692712,173.55261,0.013402071,5.129118,-5.9757714,199.54562,-0.03492056,3.5555506,1.876099,163.17027,-0.00058353355,3.3165348,-13.130575,114.7815,0.026063954,2.0516682,0.012277326,209.34454,-0.012829344,2.274894,-13.4975605,110.00163,0.0010849293,2.0836196,1.5813081,147.17052,0.010712339,1.9463847,-13.421663,93.81719,0.0014570372,1.5109988,0,country_country.00079.wav
0.18061951,0.0034394793,0.4335213,-0.054481745,1965.2723915215024,272820.4023046075,1.5060481048806285,4.366834837534878,2037.1665186705475,86008.19262671242,4058.6587911788893,1093954.2708097105,0.09301795605166409,0.0015240271023600478,86.1328125,41,0.3360264301300049,0.3246995508670807,0.0066162175,0.00023779919,7.874477,79.113045,1.3863355,2.192427,2.2894964,5.6494026,0.06798528088920744,0.02750039072312124,0.34109482,0.10216999,0.2790115,0.04798456,0.44180894,0.107483156,0.27297717,0.044449177,0.29314336,0.09145543,0.22189726,0.055554528,0.26762304,0.059346437,0.40738446,0.12449705,0.28295228,0.049562655,0.39650127,0.13103361,0.26290548,0.044788513,0.37574676,0.10869694,-80.188515,2344.3042,0.07412446,56.004276,108.17553,515.912,0.012824661,19.439566,-23.800943,276.04382,0.031162418,8.387888,52.579147,264.56436,0.03246133,5.8616667,-6.392388,196.61435,0.009767944,5.3299737,15.0780325,135.08029,0.028478744,4.9847646,-17.59415,131.7351,0.0038513304,3.448261,9.736592,102.68837,-0.0042998563,3.327939,-16.172138,100.63211,-0.010000834,2.6481423,8.908961,121.482925,0.008744497,3.2291648,-15.942253,91.65974,0.0108409,2.4025593,8.003774,79.14889,0.005768606,2.1952872,-10.714722,72.52306,-0.018390225,1.9464273,0,country_country.00084.wav
0.13543373,0.0018723254,0.60405695,-0.72299147,1596.3564605884071,279783.9052810809,1.943483594984356,6.021988669819297,1853.2107857348572,101980.34160243918,3292.9717545169797,1189618.8532399286,0.06925052607391641,0.0012542434645681302,73.828125,30,0.1919267177581787,0.3194948136806488,0.0020897705,1.4788589e-05,3.9989605,18.155209,1.1964035,1.7678648,2.6888714,8.804864,0.05216768740074751,0.08786483930236198,0.22449353,0.041802187,0.3065335,0.08819842,0.28486618,0.07822961,0.33564082,0.06331173,0.520747,0.12486255,0.34014383,0.065275066,0.30364597,0.08840298,0.21835098,0.035495877,0.37210706,0.07363685,0.5055336,0.14301577,0.30779055,0.054544438,0.32857373,0.090074696,-145.94948,3172.951,-0.0056081982,68.218155,124.47337,629.5061,-0.014942697,20.223421,-17.751213,534.95844,0.025374942,12.556844,49.070892,266.6264,0.021701852,6.080322,-0.01782217,232.37239,-0.0033923967,5.437211,22.637676,149.56349,0.009926846,4.412112,-7.030426,157.75824,-0.0184014,3.6032865,16.605871,84.10916,0.01955069,1.9846244,-9.578849,180.06216,0.0018314917,3.5215094,15.306001,97.94865,-0.006710194,2.2878342,-7.5049615,82.59198,-0.012295137,1.9242615,10.788342,84.68654,0.00760907,2.201735,-3.3546257,79.83814,-0.007835682,1.7977505,0,country_country.00085.wav
0.16131847,0.0021889675,0.7596291,-0.31060076,3591.343247774693,498749.2217573672,1.2605445711442216,3.5368800378135994,3398.126773182633,70168.97009800185,8075.126170816805,832863.4310887664,0.15335470382643188,0.004546329441926294,92.28515625,46,0.23533377051353455,0.29002511501312256,0.066525154,0.0025071343,1.5830191,3.148613,1.4752082,2.3574605,2.107587,4.771816,0.008346281150411415,0.0086191027899531,0.31976995,0.063987955,0.31159267,0.050462045,0.37077853,0.08349187,0.37029052,0.06658396,0.51531416,0.102605745,0.5065321,0.080787666,0.57368785,0.09970795,0.43184245,0.091350175,0.36286104,0.056330856,0.4440846,0.101608455,0.33616048,0.056373898,0.39713317,0.08300403,-53.17999,1366.6862,0.056779284,49.857708,57.19437,265.82617,-0.0045614145,7.6381807,21.173107,239.93596,-0.019243,10.326028,11.336259,263.46295,-0.010911541,9.358929,18.120071,124.38802,0.0022771175,3.4628894,1.6569097,95.64093,-0.007164276,2.8654544,0.3467604,79.49307,0.0025808301,2.3852417,2.3183818,50.80223,-0.0051591923,1.8231889,-5.111301,85.47086,-0.010860488,2.1593814,2.7477498,53.170654,-0.009762014,1.5387092,3.1540067,57.948467,-0.01025037,1.7139515,-5.5170665,51.437187,-0.00032314207,1.5266352,-3.1595535,49.204796,-0.000704142,1.5342652,0,disco_disco.00002.wav
0.116084665,0.003489268,1.086024,-0.03937602,2565.1108921852056,888015.5582317512,1.3052791325989628,1.8123363012989913,2670.1229728186768,294216.69327908015,5390.550737410507,3843380.5987883573,0.12077326818885449,0.004174844291918171,123.046875,61,0.2303127646446228,0.5088529586791992,0.043024,0.0022830523,2.268497,6.0507784,1.7011409,4.056554,2.0664816,4.8166723,0.03376345306109057,0.018717900146330704,0.4860888,0.116136424,0.3614736,0.03897289,0.5289043,0.10280361,0.43129912,0.09036395,0.38046786,0.06569836,0.4331547,0.09759419,0.3745609,0.045199357,0.52021796,0.116876066,0.26970005,0.029487351,0.28410834,0.039397184,0.44627744,0.09479786,0.33925077,0.037702158,-98.137634,3434.1377,-0.022920242,157.34276,92.3823,859.44293,-0.010745007,30.177855,2.6563542,431.17474,-0.016047023,19.055725,19.353876,283.54068,0.028522441,7.505703,3.5566437,190.09769,-0.030334381,6.3093414,-1.7695384,140.45937,-0.00078802137,4.819602,-1.715477,73.701935,-0.004915008,2.7290435,-3.1726525,74.67652,-0.0151594,2.4795117,-9.104344,77.72732,-0.01802922,2.8502595,-4.087897,54.115566,-0.013812751,1.9452014,-5.203407,65.07251,-0.010443975,2.3951964,-5.473989,52.618954,0.0024838853,1.5548042,-4.2402754,46.619473,-6.603235e-05,1.6056662,0,disco_disco.00017.wav
0.13869327,0.0022715987,0.17812762,-0.3923726,3043.7959015513625,452976.45189977967,0.589077413065276,0.0015018709020853116,3001.474873116255,110561.24854229693,6840.708635170762,1581397.4007880478,0.14363518587945046,0.0027426344478600757,123.046875,52,0.25275811553001404,0.34364527463912964,0.05833637,0.003198454,1.5658422,2.5597048,1.8502473,6.8572965,2.6091053,7.805475,0.0003162016626212867,0.008629449439952629,0.36196077,0.07243891,0.43859777,0.10847054,0.3001273,0.04967058,0.337533,0.080271244,0.29949856,0.076946214,0.26942402,0.04670362,0.4035732,0.11021983,0.35804135,0.06796479,0.48842221,0.121073306,0.33752108,0.06707883,0.37381324,0.09085726,0.44824663,0.10852144,-73.14005,3781.5352,0.09753502,144.98119,71.74451,515.11505,-0.008068866,19.23298,12.085331,552.7884,-0.031848133,18.21757,1.3493832,447.11038,-0.020137975,18.477558,4.476781,233.16443,-0.0031007265,7.521811,10.879805,202.90324,-0.01005104,7.0714283,3.9101355,172.33969,-0.020309566,5.3751597,0.940356,115.87087,-0.0068055186,3.2019248,-5.9834743,135.39246,-0.005729292,4.8653235,9.022405,89.800514,0.0064158677,3.076079,-2.380032,92.43848,0.006288174,2.8565786,3.5523784,71.05738,-0.0014429727,2.3691666,-0.13539438,80.11681,-0.0009910935,2.1265514,0,disco_disco.00018.wav
0.12460729,0.0008338365,-0.39076877,-0.123893976,2117.909931818137,514254.5923442429,0.7851287165929173,1.3693438268294873,2115.3102509801515,192113.35371279778,4354.148671058679,1973109.4862232776,0.10329831716815016,0.002210254104199648,161.4990234375,80,0.17166514694690704,0.2317378669977188,0.017681198,0.0004673972,2.4826915,8.28331,1.5539006,2.5861878,2.5454147,7.4287214,-0.012939959563351932,0.015491421053898596,0.3450581,0.070797026,0.34120083,0.096452154,0.3204078,0.069748245,0.4115641,0.10140599,0.29627836,0.07461346,0.24572213,0.04622396,0.34699324,0.09960082,0.24589229,0.051427893,0.28416735,0.073456936,0.29516408,0.065559916,0.40662774,0.08466311,0.56429905,0.12735073,-103.95482,2987.02,-0.19792213,95.90377,105.79436,1417.752,0.080098525,48.242798,-14.309939,438.21494,-0.02955511,16.176048,36.714348,233.9837,-0.023558263,6.097107,-10.340622,199.68945,0.008543317,4.192738,16.803305,86.781876,-0.021975884,3.5726945,-6.818083,76.456055,0.007626312,2.4271946,8.121585,74.31196,-0.024843514,2.3445952,-4.458654,66.705956,-0.010735421,2.3349764,0.9755701,78.84544,-0.019528467,2.0576696,-10.015436,77.72452,-0.017827624,2.0802047,0.3830438,63.69771,-0.018770702,2.1506064,-1.6973699,56.214573,-0.0022524716,1.5961169,0,disco_disco.00020.wav
0.115736865,0.0025183405,0.6519772,-0.04862094,3257.118409650687,386734.85000714543,0.9810787870399912,1.836397021279323,2898.052191515326,93237.13396475067,6684.776244739261,1583931.5401407676,0.17382434573335914,0.0027856483405220653,123.046875,59,0.26355814933776855,0.4335962235927582,0.08907026,0.0039329305,1.2874616,1.7600393,1.4005091,2.3157744,2.506048,7.589509,0.0009054576657994445,0.017365182222235057,0.3528058,0.06795966,0.40983838,0.07982377,0.46093664,0.08621191,0.31829962,0.049417138,0.37385038,0.090309955,0.32003117,0.051019467,0.502951,0.091558285,0.54150105,0.10897331,0.42293924,0.07372095,0.4497299,0.09410265,0.36057827,0.054553866,0.48546913,0.096773535,-66.50328,2415.4678,0.09068554,69.84731,58.299644,334.7251,-0.0065504536,10.27751,-8.183503,258.80737,0.024113903,8.673898,15.493914,235.00426,0.001229518,6.471052,5.564478,142.0363,-0.010983704,4.075506,7.695607,120.65249,-0.0010381779,2.8978279,4.0655265,85.571724,0.002744744,2.3927133,-3.5727088,92.958374,-0.0046647205,2.740112,-1.3148849,70.2685,-0.0047805044,1.7940487,1.6085373,50.721043,-0.0063211517,1.5544424,-5.484129,51.035095,-0.003246356,1.8055345,-3.7264445,64.713356,0.0015630324,1.5855097,-3.246505,43.563046,-0.0073893685,1.3298117,0,disco_disco.00031.wav
0.12291514,0.0020049664,0.6185341,-0.14330626,3653.23746091521,318038.13638198865,1.1214859691020478,2.440832907898879,3234.1112648853104,61984.84946706278,7835.185955035798,554924.8983142725,0.18083072815886223,0.0032068694842692534,129.19921875,64,0.22949525713920593,0.3642907440662384,0.088268384,0.0030444642,1.2407742,1.9595904,1.2250298,0.820509,2.3314438,6.39122,-0.004390666468508491,0.014047083653251888,0.23240261,0.035762243,0.36198193,0.06741258,0.51508564,0.120601356,0.39309642,0.077927016,0.36479446,0.10011626,0.34498534,0.07474475,0.4841646,0.10113069,0.4056407,0.09587493,0.30670005,0.060181525,0.35761926,0.09596281,0.24320537,0.04034791,0.29423514,0.08367159,-65.76953,1610.4615,0.01071132,38.3291,52.83055,193.94664,-0.0068505052,5.999073,16.581234,324.60498,-0.008637598,8.655858,12.556751,226.06754,0.0066714035,6.1063113,5.605734,135.62152,-0.0064534247,3.3073616,8.387765,153.10188,-0.016078562,3.7290666,-0.61621803,73.678894,-0.009240092,1.8421824,-0.6274906,67.828445,0.007353041,1.9133594,-4.085915,71.1365,-0.012415532,1.5120533,0.67806447,80.53411,-0.015039934,1.6847993,-7.777013,61.80884,0.008532451,1.3581067,-1.8887125,48.659653,0.0052739126,0.96533734,-7.253211,71.20906,-0.0064626816,1.0645226,0,disco_disco.00034.wav
0.15233478,0.0043886583,0.69707084,-0.34890795,3623.882683500056,917711.9686898093,0.4695840108082982,-0.08272095238845356,3229.2558383161286,108444.33266258382,7703.8367492864745,1913749.501400529,0.17643808654218265,0.0073033674656879195,123.046875,59,0.30337226390838623,0.4348773658275604,0.102143966,0.0071014813,1.2651362,1.2286916,1.5848526,2.8222752,2.0966191,5.6010904,-0.011582981765494094,0.008194544861466977,0.27417827,0.04133134,0.29130653,0.054083973,0.35831162,0.055033155,0.5778465,0.11134589,0.44869933,0.07505518,0.45333588,0.09021914,0.44956493,0.085096456,0.37618133,0.06685193,0.39312735,0.105439015,0.3765375,0.06107042,0.51061654,0.1028941,0.31983602,0.047500484,-51.788605,1869.0361,0.14425299,54.37396,55.661293,591.20526,-0.036177926,17.174545,11.385434,303.63705,0.009196054,9.313963,7.484814,173.91278,-0.003535706,4.9027777,11.988881,123.31296,0.01322389,3.684735,6.276557,66.030716,-0.0016190172,2.9077544,4.3550253,83.76879,-0.020139242,2.7458565,4.31544,46.86439,-0.0035340295,1.7106831,-5.932925,55.81592,-0.00376291,1.5029943,0.56365955,52.845394,-0.012378086,1.4536891,3.6026688,95.00959,-0.012157826,2.6328957,-2.3795147,47.95605,-0.006812791,1.2405112,-5.830775,50.522404,-0.016447298,1.0939361,0,disco_disco.00035.wav
0.12432791,0.0013061698,0.5060474,-0.34437108,2328.312730500691,337719.6245657614,0.6739659316179252,0.370159725925693,2431.8773489138644,256843.8297891348,4867.8288982379545,1956698.8008013282,0.10119175394253097,0.0007936629973227195,112.34714673913044,53,0.18903851509094238,0.29069072008132935,0.021326892,0.0005456242,2.037196,6.5414543,1.4955157,2.89232,2.4916196,7.647295,0.06313816380175484,0.014680724245988852,0.24095748,0.04757098,0.19412987,0.03300035,0.33974317,0.09707652,0.29350418,0.05035597,0.4416169,0.104574814,0.26811048,0.062197953,0.33613855,0.07512725,0.52370423,0.1397274,0.34008557,0.043560546,0.48932812,0.14406797,0.23667517,0.031451613,0.38817543,0.12167824,-107.37498,2378.5415,0.11124731,89.99827,91.03518,706.1673,-0.009679588,36.747208,-8.363757,578.7436,-0.025529489,27.920584,34.290062,301.19562,0.03102172,8.542416,-1.9180281,128.23581,0.0019456492,4.158983,3.8040028,150.7597,0.00070970494,3.524021,10.530074,86.16393,-0.019633004,1.9117703,5.5665402,95.31498,-0.011316678,1.9807038,6.9550333,89.823616,-0.0076114326,2.0957737,4.787776,64.120514,0.0027292962,1.4415249,0.6849008,62.40926,0.0045271814,1.4287882,-3.8527703,49.530544,0.008750892,1.184612,-2.5839093,45.931225,0.008177697,1.3600726,0,disco_disco.00039.wav
0.17539369,0.0034223923,0.6092071,-0.32483363,1776.3658203651607,620114.4685067593,1.4359983207268765,3.4635204282790166,2452.2009598198424,309209.8105688336,3878.3265482899574,4760264.970206122,0.053859084752321984,0.0013296820181839754,161.4990234375,76,0.29149284958839417,0.3335423171520233,0.011946607,0.00055817916,3.9786549,18.20849,1.2876316,3.0755138,3.6305811,15.330355,0.00638559044030438,0.04188361721141978,0.22446288,0.040796496,0.3628681,0.07579996,0.42369846,0.1067122,0.32898957,0.061843306,0.4133717,0.1142677,0.3007895,0.07184699,0.36474955,0.100872405,0.3221589,0.09005523,0.35262957,0.054719973,0.57593566,0.14357223,0.31593695,0.05046927,0.2833998,0.07876541,-122.03264,4351.943,0.026331013,115.32728,116.82782,918.0038,0.021124084,30.744333,28.30092,403.27676,-0.022801632,8.613003,24.718569,279.00073,-0.032290243,5.3241744,10.929029,191.74706,-0.034989063,3.0216846,-1.8827431,136.5342,-0.00973435,1.9106661,-1.3933462,125.162735,0.0069048465,2.4924161,-0.95412254,65.2401,-0.0002188845,1.3200799,-3.5339942,79.8051,-0.017997116,1.3710599,-2.6182637,63.175667,-0.012653903,1.4573439,-1.1441072,66.63889,-0.02539546,1.3137555,-4.16692,55.821056,-0.015768565,1.1938021,-2.5443995,43.072704,0.0030728471,0.8133393,0,disco_disco.00041.wav
0.11298982,0.0030055821,0.38073522,-1.0777142,2259.6752243821325,278841.7599341354,1.0474092029692954,2.4589732538379803,2272.883633430819,137546.54794337513,4889.228768835865,1491774.2523774924,0.11425932420665634,0.0022876620638880014,123.046875,57,0.22168613970279694,0.48520469665527344,0.008586913,0.000107964785,2.9928617,11.911646,1.7634795,4.592319,2.5720959,7.900078,0.03610736732738582,0.009026366244965098,0.3169357,0.08584226,0.3359571,0.07249202,0.4865462,0.1073031,0.36313093,0.08709811,0.3128188,0.07664107,0.40869454,0.11011009,0.40630198,0.07496609,0.6065295,0.12810536,0.38845405,0.07071215,0.31886563,0.078755096,0.3003177,0.079119,0.2713112,0.05331423,-125.69409,3106.1216,-0.013173945,125.78584,101.78602,404.68167,0.0053893747,14.01265,-17.487968,446.01395,-0.003251101,17.370155,33.677147,316.5373,-0.0037951116,10.87149,-15.244169,154.61337,-0.0043517393,3.899993,23.697699,220.80693,-0.0046617845,8.725115,-8.657201,152.54236,-0.0083909305,4.025273,18.545391,99.713005,0.0017672257,3.4883206,-14.059353,74.40852,0.008627348,2.2967193,19.96267,76.54514,0.0074037304,2.092875,-15.147905,73.94477,0.000635418,2.758524,12.975025,70.00637,-0.0019396673,2.0797691,-14.307856,98.63965,0.0018373529,3.1061907,0,disco_disco.00046.wav
0.11230535,0.0016704293,0.34867132,-0.20570302,2616.196888910889,342839.1035714646,1.4433042982461892,3.6663367498769084,2155.858697003208,95614.6632776294,4983.878196503725,1154289.212730448,0.15438379813273995,0.0033207484176888845,99.38401442307692,50,0.20555514097213745,0.3639264404773712,0.011237065,0.0001806478,3.22933,12.314765,1.6015285,3.1144,2.3605633,6.432369,0.010470712583119659,0.013798823474205526,0.35397494,0.072903275,0.3341772,0.0670991,0.5216683,0.1040734,0.5455844,0.09411751,0.5623194,0.100994915,0.47979414,0.09221135,0.41283035,0.087220505,0.31449556,0.063808545,0.26527274,0.051756963,0.3435615,0.07772723,0.3542957,0.07781492,0.42809415,0.089087695,-105.02267,2457.7942,0.0068027093,71.29587,80.2142,470.92685,0.0140241645,17.089579,-41.104004,520.00604,-0.025506964,18.996367,54.023926,220.85275,-0.009882331,6.7389774,-8.371541,155.23863,-0.008450555,4.539054,25.716751,152.8153,-0.0023745908,5.7049193,-12.466574,100.09098,0.00991705,2.6688933,28.70917,80.339325,-0.013365034,2.8611224,-15.005067,69.34505,-0.011730865,1.980945,15.6023035,56.83566,-0.0010017308,1.6720568,-7.614608,56.485416,-0.0025572032,1.5498154,12.413535,64.46515,0.0038575595,1.802198,-7.3606706,58.001934,-0.0034434544,1.5024312,0,disco_disco.00048.wav
0.1063492,0.0012352061,0.46150488,-0.22106242,2651.322011263771,206593.99417842596,0.5023723962751502,1.1935327085284575,2309.0218401382367,53484.10430364644,5372.0925156915155,709112.8760319768,0.15772315813660992,0.0017716762128974254,107.666015625,53,0.1806396245956421,0.3304726183414459,0.018413816,0.00015582248,2.2806833,9.898303,1.4060827,2.3314614,1.9444746,3.6086102,0.04455294494486393,0.012427639656005707,0.63017994,0.09061202,0.35655567,0.04092997,0.3900015,0.045477647,0.55519384,0.08347167,0.39202192,0.035753902,0.42049405,0.07514375,0.43886915,0.061557762,0.63979894,0.07410497,0.394072,0.05021062,0.34656543,0.045808136,0.519839,0.07791947,0.44278625,0.045664024,-77.19633,1656.524,-0.071748346,60.49104,89.36401,319.83295,0.030858535,11.318852,-34.229877,288.86093,-0.004171008,8.022952,38.677708,146.72913,0.016912129,2.7584944,-22.266848,113.01316,0.008041142,2.4014387,31.251745,73.47684,-0.007740967,1.8327339,-16.382814,95.518814,-0.008329054,2.328621,22.34018,45.762848,-0.0020813455,1.2288711,-16.011417,51.58204,-0.003190147,1.4525852,19.281298,65.76422,-0.0040770224,1.7902613,-13.227924,46.6994,-0.005865537,1.2623394,16.720684,36.65344,-0.0053072376,1.0281656,-10.389627,31.69203,0.005570045,0.8277086,0,disco_disco.00051.wav
0.052156076,0.0006656036,0.537032,-0.4587376,2566.118148115705,825809.1256732254,1.1326851797630644,2.102279300405465,2533.690698181671,113335.57427159861,5521.683277803309,2143429.7175913304,0.11464291977070433,0.005567578951090017,112.34714673913044,54,0.11205444484949112,0.4946556091308594,0.012308555,0.00023739647,3.0137668,14.982012,1.8882066,4.773962,2.3537788,7.210864,0.036317345016573736,0.009822026853943303,0.41201264,0.119959615,0.31232202,0.06301254,0.33693555,0.07936686,0.42007673,0.08141777,0.52749574,0.11661076,0.40218455,0.08429777,0.25677064,0.04604729,0.37716287,0.09142491,0.46092626,0.087730944,0.5322382,0.12338782,0.42461553,0.08792315,0.36517325,0.08665912,-226.35066,3852.9248,0.062784836,121.98005,78.2665,729.09375,0.0030048063,25.707067,7.8508143,637.3586,-0.029724691,16.390232,53.850124,248.54175,-0.0065644165,7.6051383,-1.1493647,191.11691,0.007086278,4.3689485,11.298221,181.95172,0.020503974,5.969599,-7.841514,178.72719,0.0031693461,4.1948366,24.360838,109.76337,0.009383875,3.036519,-14.94849,116.80566,8.142105e-05,3.1181352,18.490332,99.56698,-0.0034627952,2.5939686,-19.13364,93.26225,-0.008253879,2.511848,6.148811,67.412384,-0.013615366,1.9407161,-10.062714,69.30704,0.00532964,2.0267715,0,disco_disco.00054.wav
0.076174006,0.00053670286,-0.033250377,-0.5418532,1937.919456564727,129559.1239681348,1.6925605958163137,6.107457956068016,2099.9186294566834,66300.95669235551,4164.341485463428,870308.068589419,0.09247071824206657,0.0005656684524132301,117.45383522727273,57,0.11863701790571213,0.3041306436061859,0.0064175497,2.4823714e-05,2.5141988,10.8839,1.3417811,2.7451048,2.748007,8.2241745,0.01635277275538421,0.011343184708250133,0.41393206,0.09960215,0.27851123,0.06052016,0.3369225,0.050331358,0.5819243,0.11607664,0.34641454,0.04370367,0.3506511,0.103025004,0.25862578,0.045286346,0.3921786,0.074751996,0.52007705,0.112430654,0.3246973,0.045612726,0.34580508,0.09640079,0.29216748,0.047757708,-143.21085,2048.2644,0.0491197,93.29386,122.594826,232.55386,-0.00801342,8.282433,-23.92177,304.88025,-0.0068681706,8.371303,28.15027,184.24951,-0.0058344407,5.244723,-23.69165,149.99501,0.0024513623,3.0720809,23.083303,93.9523,0.012016815,3.3488545,-17.91228,104.95286,-0.0017271433,2.3294303,18.754358,60.61905,-0.0136506315,2.4973838,-18.636906,75.927,0.004195858,1.9790947,18.35757,66.02088,0.005189122,2.0992742,-13.915541,45.104572,-0.0009672974,1.3530564,9.7309885,49.298172,0.014231781,1.6964254,-12.244654,39.73795,0.0033370792,1.2436146,0,disco_disco.00057.wav
0.1844346,0.009693441,0.7458813,-0.18786836,2550.2243071683533,482374.22128785634,0.1249320606286599,0.1832937531579404,2486.185723751751,135391.4008841156,5585.457892166941,1941981.028239025,0.11589083361551858,0.0025401982231177344,123.046875,59,0.4138735830783844,0.5338221788406372,0.00980221,0.00011115685,1.839577,3.5633154,2.038793,7.4462543,2.5136225,7.1406527,0.04763713430402011,0.017998858325988246,0.43318474,0.13938287,0.32183784,0.086713515,0.36660823,0.11603539,0.34465623,0.11279884,0.32143942,0.10471255,0.33467665,0.111520514,0.3330242,0.09085227,0.3530035,0.11563916,0.26970643,0.08931762,0.2450288,0.07904519,0.23916619,0.07616281,0.3181816,0.09469286,-91.87886,5399.6865,-0.09141003,203.11479,87.59257,520.52716,-0.0019976671,20.06609,-2.0478046,611.45416,0.011210729,15.566404,34.2778,247.58055,-0.00048107075,7.855413,-18.14555,228.43811,0.008093158,6.613183,19.337437,249.80116,-0.009986933,10.474645,-14.687267,141.72513,0.0076186457,4.7335544,17.107845,147.29684,0.019715128,5.959421,-15.327777,85.21844,-0.00933155,2.376774,17.03477,121.8884,-0.00073645357,4.3775644,-13.553085,148.33804,0.010964083,3.86359,11.841869,121.34415,0.003671534,2.6663365,-9.806512,139.4851,-0.014142963,3.0443347,0,disco_disco.00061.wav
0.111582294,0.0017324513,0.8091248,0.22850442,1931.1512296856856,188684.39973429975,1.1220585369395146,1.666308690708557,2208.96910036673,43235.27153945369,4515.622694647349,710099.6075014581,0.08365444502225232,0.0012784899419441063,107.666015625,51,0.20490995049476624,0.3730226755142212,0.0061046146,2.792462e-05,2.4268777,7.2057743,1.273982,1.1645876,2.3226361,8.670467,0.03483807444761571,0.00997667722192087,0.56477076,0.117952846,0.3154781,0.04020394,0.34392622,0.058775708,0.5480468,0.11147665,0.40558937,0.053530294,0.49004084,0.12805289,0.36003768,0.062404964,0.39619645,0.082239054,0.28871918,0.057426088,0.27505925,0.050709262,0.33209002,0.066749565,0.35071236,0.05788235,-118.3661,1493.2448,-0.046498053,35.141006,114.23737,309.03354,0.012351544,10.188056,-6.78251,269.70117,0.025290059,6.2787333,37.401276,130.25505,-0.029866057,4.1914124,-17.431978,90.54284,-0.017302845,2.861078,28.362877,97.49498,0.017160177,2.2571387,-23.727028,72.86562,0.0071425247,1.5786786,9.283886,56.674603,-0.0027334192,1.2685221,-10.439999,51.035633,0.0018808133,1.3999376,12.6250305,44.345642,-0.0115288645,1.4501277,-5.148705,39.983196,-0.0032033112,1.1148297,12.253216,32.289177,-0.009176345,1.0613697,-3.8699448,26.930618,-0.0077500027,0.8034666,0,disco_disco.00069.wav
0.17761323,0.004828495,0.3192626,-0.65965056,2649.2223814060394,266056.1636548317,0.7883042553390706,1.447310572764989,2383.938120847627,51761.651269341375,5545.899798035991,749717.5842043728,0.15114761210816563,0.0029473389135935284,112.34714673913044,55,0.3154042661190033,0.391228586435318,0.01667842,0.00018267275,2.0040329,4.953075,1.3192787,1.8855804,2.3552701,6.3626003,0.01648095259935176,0.018892445943477,0.4737589,0.10344649,0.3015595,0.05731524,0.3400234,0.059859313,0.54378575,0.10693695,0.5156281,0.061097194,0.632381,0.10758455,0.32101354,0.0382372,0.2805699,0.051404215,0.32211488,0.06281518,0.349358,0.057368115,0.396906,0.06870759,0.35676223,0.054357298,-40.761433,1787.9845,0.105924845,74.085396,86.78017,321.81406,-0.0031460403,10.050061,-26.96053,367.60947,0.019462176,10.117678,34.9395,133.98628,0.009238921,3.6155088,-20.046322,132.46823,-0.0002774631,3.7590537,21.65567,117.795616,0.013295628,2.7402778,-23.952246,85.938225,0.019805217,2.526485,19.263046,75.78481,0.014439186,1.6391311,-17.529684,92.50623,0.0054027243,2.2500472,18.035402,75.51456,0.01507472,1.6504432,-16.019476,45.68215,0.011092484,1.2627913,12.444352,46.666924,0.002155955,1.397136,-13.87601,40.971565,-0.0045471983,1.1713824,0,disco_disco.00074.wav
0.10670037,0.0013780872,0.5013831,-0.49807644,2458.059846096209,434835.39546921506,-0.2986497342156007,-0.31615891115979666,2400.8594277495754,124890.03658582625,5269.1014717976,1828425.6418981708,0.11753141326431889,0.002433739405248105,117.45383522727273,55,0.20387452840805054,0.3479144275188446,0.010826168,8.9190995e-05,1.4891642,3.4373374,1.4997717,3.2835443,2.525392,7.672843,-0.002507925771425032,0.0210882068715446,0.30505276,0.046456903,0.3973313,0.111171804,0.30576122,0.040974043,0.3941979,0.05437232,0.5851423,0.13558222,0.40431625,0.07049886,0.31034553,0.08893584,0.32531255,0.058552414,0.5293274,0.11258372,0.24279122,0.039099697,0.22221878,0.032553528,0.4220503,0.10037728,-123.78234,2647.4905,-0.08094105,101.90431,89.81677,637.60187,0.04320831,28.152462,-1.8324145,595.8428,-0.021039689,14.595023,51.160374,204.53384,0.0019243753,4.099493,-16.253134,129.14696,-0.003933372,3.9088805,28.275314,122.53293,-0.015007534,3.550184,-12.486326,82.47551,0.021043122,2.0593696,19.024323,72.67996,0.0016853802,2.4346638,-13.273075,68.02976,0.0053421166,1.5645916,18.493275,68.64221,-0.016095279,1.800282,-13.769371,55.53501,0.0071691433,1.6592759,12.859523,44.325912,0.0007778827,1.2416201,-8.749738,69.7218,-0.006101497,1.7262554,0,disco_disco.00092.wav
0.09930414,0.00092579826,0.75971276,-0.2386427,2208.108973497482,299026.8401783875,-0.34989441143368805,-1.0245675600604105,2353.7753165261684,87683.37074141852,5075.552642160894,1185816.63318141,0.09361205676760836,0.0012076454422191426,135.99917763157896,66,0.14650410413742065,0.30640146136283875,0.007285676,3.4768767e-05,0.94070834,0.6465974,1.3664364,2.4560082,2.6442401,7.697562,0.04382445994534922,0.011906814572955919,0.7011171,0.11115891,0.4437318,0.044910744,0.358738,0.05644917,0.34024176,0.06208673,0.40106985,0.07380091,0.38788432,0.098438695,0.32331508,0.049704093,0.4393997,0.085745014,0.33664197,0.047949743,0.34024167,0.0641935,0.44561818,0.08752757,0.4821632,0.040693462,-130.01038,2043.4601,-0.03476037,69.627075,102.50118,557.4412,0.040237833,17.65546,-4.447221,121.946594,-0.0257111,3.9146872,50.066235,114.19023,0.0023878876,3.9140484,-15.536175,54.666523,0.0050031687,1.6476896,32.132202,63.650772,-0.005971986,2.7786446,-18.186058,69.93997,0.011549954,2.1553,24.292194,49.85958,-0.002077121,2.2762952,-11.906329,46.398113,0.004074555,1.5054635,13.765274,51.533752,-0.0030761857,1.8831813,-12.9014635,35.529583,-0.00537984,1.0927337,7.276265,38.350765,-0.007835442,1.1295792,-9.381124,83.71846,-0.0051571033,1.6144521,0,disco_disco.00094.wav
0.10807417,0.0022331811,0.661717,-0.5665865,2826.034135465053,315531.069953134,0.5107999270706002,0.3685239711788273,2680.649865706945,68100.05465755411,6233.645639330979,1006670.3941780011,0.12049398038409442,0.0022853350202344993,129.19921875,63,0.19082380831241608,0.43726029992103577,0.017008856,0.00029422934,2.1356966,5.852067,1.8646686,6.267675,2.0287387,3.5960898,-0.054230974344073306,0.012277312281668012,0.37528917,0.059929214,0.33053446,0.075450934,0.3607976,0.085790865,0.27509806,0.06295095,0.29734978,0.05201791,0.5956078,0.091580026,0.33022714,0.048520856,0.27002794,0.04679356,0.3994203,0.081185535,0.46163562,0.029559346,0.80226535,0.07067209,0.48324367,0.041377332,-116.928925,2783.0237,0.034404352,128.84053,75.76092,294.98087,-0.039114505,12.507905,-4.2081785,139.08888,-0.00031785958,4.6740746,37.289436,149.27907,0.013516962,5.5978417,-5.3388796,88.42029,0.008323385,3.7407045,31.37854,77.454025,0.011155988,3.2832966,-12.169622,60.990887,-0.0072920714,2.6498775,22.910816,77.69562,0.021499453,3.7402067,-11.439374,50.674435,-0.009359944,2.0929563,14.6274185,56.28117,-0.0025819903,2.1393373,-13.051159,55.149307,-0.0030396802,2.0302122,13.412399,63.248753,0.00034339732,2.5249503,-13.231491,64.48948,0.0012731305,2.7446897,0,disco_disco.00097.wav
0.2616755,0.0053869532,0.367626,0.023355722,2708.9515188034343,248137.9322806242,0.3338900129186724,1.3886235342091453,2510.9002469355037,48507.9049824615,5795.214957127999,493201.54617075034,0.12460960175599846,0.002614409761111685,71.77734375,33,0.4181094169616699,0.28048425912857056,0.018427012,0.0004963971,4.1653385,22.550142,1.4243522,1.587134,2.2708697,6.568674,0.010997048318353842,0.0032354907396967493,0.43467864,0.074226364,0.46970913,0.07651899,0.4831807,0.08574034,0.47987267,0.086469404,0.48785222,0.0722825,0.5238439,0.08520382,0.5369214,0.079039544,0.5410338,0.088908166,0.50574106,0.07906776,0.5441779,0.089110665,0.45672017,0.074131176,0.42429164,0.068183355,-11.67755,1349.3335,0.01563866,53.740967,81.99278,385.2664,0.049023468,13.282477,-8.503187,238.69055,-0.04962535,9.138916,52.76846,232.20642,0.012801844,8.814014,-14.705491,153.9435,0.01744105,5.1965303,31.963966,105.96923,-0.01115474,3.8433397,-19.688992,115.27462,-0.010148942,4.437047,22.870047,88.27356,-0.010420297,2.6529987,-14.709008,61.614098,-0.0011522659,2.2108095,14.519333,81.21158,-0.014562281,3.0543735,-10.0838585,76.68231,-0.0024053112,2.757311,14.002255,66.532974,-0.0006598426,2.2372901,-8.07263,52.050117,0.0005025889,1.8514037,0,hiphop_hiphop.00005.wav
0.17160554,0.0058911196,0.6647951,-0.6702533,2284.2353376763162,241040.7451627263,0.36919897710610416,0.17325062617635378,2116.8962746520256,42486.7865880453,4662.971803647446,658207.5497939248,0.12544859895027088,0.0024086300556722933,95.703125,47,0.3437780737876892,0.4472678005695343,0.009083029,6.244456e-05,2.350085,7.529249,1.50956,2.1800487,2.0115001,4.388577,-0.0014380189370958526,0.0047799448815688235,0.40583003,0.0848637,0.4123851,0.0852976,0.404466,0.07517819,0.42500556,0.08613861,0.41738278,0.086350724,0.40475002,0.08565062,0.42592874,0.08690377,0.4781327,0.09732427,0.465248,0.09276575,0.42203185,0.08676438,0.4380548,0.08711206,0.42619225,0.085782774,-67.43996,1307.0828,0.0051003005,36.950768,94.83488,456.6737,-0.0013713719,15.902902,-38.824226,284.18997,0.027064137,7.4188576,37.63052,194.82852,0.015191903,4.2433023,-12.228804,155.17453,-0.003040533,3.4484282,36.88399,97.83682,0.007100124,2.9760292,-12.633633,107.14885,-0.0054871645,3.254919,18.279163,75.63988,0.015654363,2.1175125,-8.8367,75.98559,-0.009115267,2.2095628,17.977419,64.45835,0.00904812,1.7952038,-7.2579136,60.577847,-0.00029618747,1.7585142,9.714922,54.63331,0.010498506,1.4903634,-8.735372,49.352562,-0.0018084752,1.6348487,0,hiphop_hiphop.00010.wav
0.19887862,0.0041839993,0.80093974,-0.066242695,1976.274626652563,216388.33054369217,1.3492036155597138,4.625523790280679,2109.9692096845442,86519.50273197811,4276.274141955302,1063844.9074452133,0.0872489055243808,0.0011264149282658904,129.19921875,64,0.30786940455436707,0.325242817401886,0.005238112,3.1940443e-05,4.0784883,28.159237,1.4192781,1.4318718,1.93081,5.3217497,0.013340573353232731,0.00523184100448286,0.20959553,0.046837546,0.3204549,0.09930945,0.34108058,0.058406286,0.51810896,0.12738484,0.3893683,0.064123996,0.37633818,0.07402587,0.40433118,0.08845197,0.40865895,0.096710846,0.4013382,0.10761564,0.35905033,0.09925096,0.28536355,0.0652322,0.19994238,0.042376917,-67.10595,1962.1161,0.006730655,46.921547,112.41731,320.50333,0.018996663,11.6777115,-23.652971,296.64047,-0.0054688943,12.309321,44.29385,166.67876,0.0071722222,4.6174216,-18.86754,132.04176,-0.013446923,4.206526,23.89218,98.00459,-0.0018151131,2.9934213,-13.408259,156.54965,-0.007361334,4.907918,20.15392,83.45911,0.00439032,2.294583,-10.660499,70.844315,0.0029922987,2.0773115,20.634644,66.49689,0.00481572,2.3673906,-7.5122643,89.64461,0.0042123646,2.511516,14.4297085,74.40007,0.008384155,2.3021414,-9.390931,84.73306,-0.0037376564,2.6105428,0,hiphop_hiphop.00012.wav
0.14017886,0.004067943,0.8926381,-0.0929482,2394.9420736842276,282300.9229530225,0.5023835606601024,1.0952901378721176,2345.947965834677,63439.90023555108,5281.076399386851,945885.5336706947,0.11593807444852941,0.0025352757282323083,198.76802884615384,97,0.33675360679626465,0.45499318838119507,0.0122415405,0.00015672848,3.3365355,17.299986,1.5609958,2.6013517,1.9401382,3.9165626,0.03325030773694665,0.0054808477352846765,0.54764086,0.095403686,0.53735524,0.09636063,0.4943067,0.086942315,0.44166663,0.07675449,0.4692482,0.08712986,0.42296663,0.09011014,0.35848588,0.07280477,0.3444103,0.061969887,0.34595305,0.060726237,0.3378628,0.05254886,0.36058882,0.07142567,0.4048172,0.0659982,-81.88528,2111.477,-0.056481637,53.512154,94.71807,423.0433,0.036341015,12.525035,-16.204374,264.0708,0.029454028,5.5639195,40.487457,171.98024,0.012964695,3.4275162,-12.210592,121.4641,0.013794187,4.0676537,28.14484,131.76591,0.0032795842,2.1167846,-20.05211,74.8128,0.020998662,2.6201403,18.082827,60.061653,0.0148960175,1.83153,-14.597049,46.746418,0.020393042,1.674745,14.153072,80.217094,7.015707e-05,1.9188459,-7.22893,86.05335,0.012064681,2.6195753,13.621468,47.606606,-0.01736695,1.4617449,-8.470755,51.94523,-0.013139344,1.4963267,0,hiphop_hiphop.00015.wav
0.17591244,0.0056644683,0.31393957,-0.66812897,2677.4904281252566,466780.56882621907,0.06679057204146478,0.08298820048117861,2262.8230539622195,93425.86623971537,5265.3098280584845,1041821.4623332046,0.10804469814241487,0.005754974587251664,117.45383522727273,57,0.35298025608062744,0.4278416037559509,0.009462065,0.00031384733,5.395061,41.090202,2.0501585,5.5167627,2.627788,9.380662,0.0011390501037455854,0.020095565503093032,0.4045626,0.058143575,0.3484827,0.05099798,0.3586663,0.065052174,0.4136878,0.08705872,0.428085,0.07184766,0.50113904,0.070540115,0.52110267,0.06474224,0.5733152,0.067985065,0.6452938,0.09828998,0.6527116,0.09741929,0.5561218,0.07182668,0.45876315,0.06188762,-122.27264,4737.9893,-0.061002508,178.91585,50.625385,1040.9958,-0.017250646,30.981909,-27.750084,793.43414,0.012382584,25.46638,66.61044,484.87292,0.017021775,11.3591585,-6.5819497,293.29495,0.033784743,6.962162,32.053726,163.14348,0.022225004,5.2999916,-8.245243,244.93765,-0.019679802,6.5673223,22.421602,129.55093,0.017189518,3.73605,-6.9512005,153.10388,0.019543108,3.5462084,21.041748,120.06134,0.011429711,3.2496965,-6.1907306,123.55403,0.006307539,3.3958507,13.645291,95.8647,0.0007705696,2.4892075,-3.0905812,137.62323,-0.015671425,3.6889029,0,hiphop_hiphop.00020.wav
0.24188223,0.00536206,0.22513999,-0.50071955,2405.520266155126,520856.9040235849,1.973855764876007,5.0477244610515974,2268.7801534539662,90786.22376756999,4985.79485158064,1324301.6405293376,0.11973812705592106,0.004086580873506939,99.38401442307692,50,0.3753250539302826,0.30273446440696716,0.012325388,0.000218848,3.3038864,13.54867,1.485311,1.4745435,1.7998722,3.5125928,-0.0002810385909155937,0.0034186432951828507,0.36280945,0.065426305,0.37404057,0.06788238,0.43896806,0.08835925,0.42478994,0.06791167,0.4884602,0.06924123,0.6397054,0.09266842,0.5495363,0.08474065,0.4805318,0.10370733,0.38734865,0.07902854,0.3315327,0.063941374,0.32473037,0.061333023,0.36169362,0.07021402,-27.657696,1445.5753,-0.028674265,55.253143,94.42186,651.6546,0.010237828,18.223555,-20.647358,481.6159,-0.025274018,15.14529,49.911324,294.13916,0.012467375,6.108771,-14.742412,251.45274,0.00226447,4.582681,23.900558,150.70978,-0.039698496,4.2357235,-17.662022,121.95847,-0.022407265,3.031962,24.070381,68.22723,-0.003330013,2.0528576,-15.922071,68.78163,-0.006936578,1.7024549,16.465757,63.82942,0.0023565625,1.8962773,-10.670386,63.331444,-0.025853515,1.8994896,13.9217,48.18236,0.0015304798,1.4840755,-10.504655,54.54025,0.017005768,1.6934762,0,hiphop_hiphop.00021.wav
0.21307458,0.0035854105,-0.04157953,-0.79734254,3084.823804546642,554994.9401960314,0.9781307345245808,2.647142771315293,2970.61795564429,103306.64426076924,6779.025674825852,2160805.0688468404,0.13644361938854488,0.006458001940550383,99.38401442307692,50,0.29544541239738464,0.2810203731060028,0.066755846,0.0043312563,1.8591919,3.9199872,1.4570972,1.9982506,2.7430387,9.901092,-0.0145474893532062,0.004521879662803281,0.4389243,0.07736006,0.41009587,0.06702776,0.45783642,0.09000766,0.40187445,0.06448627,0.49904206,0.08302984,0.47774115,0.08563434,0.37371686,0.048060425,0.46648687,0.07993779,0.5463938,0.070971146,0.6818477,0.08260018,0.54748183,0.07954686,0.4567083,0.08098584,-25.108788,1381.5844,0.07168864,50.598732,60.825592,532.1105,-0.024510464,15.08346,-4.1871734,367.40656,0.021307437,9.393278,14.84839,382.26895,-0.011702074,6.6086674,6.795023,124.48539,0.005951301,3.5846272,6.0983343,134.23605,0.03089375,3.9165885,15.451296,127.995766,0.013414736,4.3783426,3.7847345,147.98549,0.028797075,4.503364,5.6598086,92.65815,0.01521932,3.1044536,10.247507,74.253746,0.02402575,2.602883,0.86333096,72.358536,0.01791922,2.3985834,4.1838894,68.00178,0.013176229,2.3213737,0.9262049,63.53252,0.011614736,2.0246577,0,hiphop_hiphop.00031.wav
0.22759452,0.002799967,-0.4781856,-0.02847433,3190.9611486133335,259371.1676748835,0.5041125067369606,0.33684290354076474,2735.146410872221,52776.72720506878,6354.186577103086,761480.0793821,0.16942036631675697,0.003235976772016339,198.76802884615384,99,0.27758273482322693,0.23249556124210358,0.085072465,0.0030564778,1.5299902,3.7157998,1.3950845,1.1039574,1.8693328,4.6911087,-0.002285173196255077,0.006231128252755465,0.44705734,0.07836074,0.47245118,0.08195115,0.482324,0.07423761,0.5115651,0.0790839,0.4999469,0.082273535,0.48543495,0.08303641,0.45370144,0.08258936,0.4361336,0.08083498,0.4583498,0.09290593,0.43015456,0.07390582,0.49805406,0.08873808,0.45901418,0.07562075,5.7450266,992.1022,-0.072196625,47.790573,53.23796,300.36176,-0.02199112,11.609782,-9.084882,236.6041,-0.02201818,7.475882,26.914824,146.4967,-0.008442564,5.669339,0.5150854,165.32974,0.02443692,5.1383977,15.531692,74.51602,-0.0065429388,2.70205,1.6484766,103.631035,-0.004961175,3.437658,7.693787,62.909927,-0.00028034335,2.328026,4.983751,68.920944,0.00011873393,1.8768401,8.580142,66.58269,-0.01443265,2.1411057,3.365759,41.414124,-0.0146141555,1.4179932,8.494521,47.359,0.0063903946,1.7951308,1.0648345,37.55809,-0.0037721214,1.3061233,0,hiphop_hiphop.00034.wav
0.24699534,0.014659566,0.49002,-0.4397595,3235.2481583692597,1283535.6383364291,0.7317733546058558,0.29055386164548747,3272.0486469456723,150267.22759997984,7336.513970437065,2655228.100175794,0.10936252842008513,0.009231753053517672,95.703125,43,0.6035627722740173,0.4901982843875885,0.054284867,0.005906627,2.188468,4.8748975,1.8144104,4.5720735,2.2707741,5.7282,0.010856469266380892,0.006411074364001879,0.37877694,0.083516374,0.36676997,0.07672542,0.38597503,0.07915215,0.40353101,0.067800134,0.46967876,0.07735766,0.51901186,0.09702748,0.53362244,0.094222166,0.5669549,0.10565218,0.5333357,0.10772958,0.4498664,0.10957347,0.3798283,0.08743957,0.37464365,0.088187,-76.66977,3629.2485,0.024975237,196.18044,52.75891,744.61273,-0.04939503,35.324986,34.63973,525.9544,-0.034376718,19.0463,26.195763,298.2455,-0.00048334754,9.611498,16.66196,255.96843,0.00685791,7.1618986,11.357288,184.58795,0.0054784375,5.9506636,5.8532853,130.57701,-0.018644853,4.251879,6.905825,143.92488,0.0015762033,3.4530714,3.6511555,113.620964,0.030362375,3.2410243,-0.966211,102.84056,0.0049194316,2.8642251,3.8864017,91.02363,0.006137544,2.503274,4.504023,76.93944,0.005262923,2.1325827,0.63438976,73.974495,-0.02174492,2.4846632,0,hiphop_hiphop.00047.wav
0.1512725,0.002694256,0.6168766,-0.26893163,1949.4791233467895,654679.4033312466,0.913756949400489,0.8332241037665011,2286.011989114593,279820.08095805533,4220.941143213042,3012134.5169591964,0.0630052879498839,0.0019437822824407542,92.28515625,44,0.2577516734600067,0.34313055872917175,0.013830341,0.00047380727,3.1567225,11.986836,1.7526594,4.314286,2.4101956,6.5895557,-0.0017312093934273396,0.004177461756097893,0.5262183,0.09965773,0.4543645,0.06572088,0.44422242,0.06764965,0.4700981,0.071730435,0.54278487,0.063115135,0.6847964,0.10613218,0.55473447,0.059024055,0.45151994,0.057421748,0.45166564,0.062650226,0.5028659,0.09403556,0.45377913,0.057374913,0.45304024,0.07790689,-133.21423,3342.894,-0.0009924384,154.84929,93.96181,889.774,0.012451131,25.569765,-2.2723706,672.981,-0.014066246,27.352367,50.22527,286.57224,-0.02781718,10.516854,12.519364,207.01665,-0.020142911,6.65436,15.018857,117.60599,0.0029399598,4.138627,11.508484,150.36525,0.026501797,5.007831,10.247735,78.75585,0.014628446,2.3675196,7.959726,63.42592,-0.005057165,2.2628574,10.802299,107.969345,0.008138569,4.0204964,1.9692266,51.526302,-0.0025243212,1.6399001,5.198482,39.344116,-0.005946767,1.345293,1.0740548,39.84369,0.0054029715,1.1714449,0,hiphop_hiphop.00059.wav
0.18639667,0.01731265,0.8162068,-0.5604665,2671.524249049752,1246822.1246349125,0.9870513600497697,0.721369056529424,2494.249425455584,261178.38544388,5319.159502436871,3601562.978203892,0.12221468048568111,0.007322694689815544,92.28515625,47,0.562358021736145,0.7059006690979004,0.05283722,0.0059279236,2.0282953,3.8025484,1.9300756,3.9161382,2.7390347,11.565719,-0.015456850414990318,0.006761009716999228,0.4085135,0.0893166,0.4057983,0.09027836,0.35566157,0.07690884,0.39293742,0.08218563,0.38534522,0.07671186,0.42229715,0.06762467,0.5349551,0.09179999,0.4476082,0.07820486,0.44641235,0.09551408,0.49070403,0.107594915,0.58234006,0.10879928,0.4832196,0.090847455,-98.89903,5048.3647,-0.061311066,222.83746,71.15323,1406.4391,0.026901977,58.86141,-10.098296,980.7763,-0.0828746,39.596165,31.725317,529.6893,-0.008191678,16.495005,5.089384,286.78818,-0.014046233,10.800357,1.9197195,264.8888,-0.037540883,9.329538,-8.94767,220.1562,-0.014274807,7.8557167,-4.274731,177.7975,-0.021902377,5.8502717,-6.0018206,176.26118,-0.01313206,6.864111,-4.2890325,156.57162,-0.0077905566,5.147005,-0.6424962,147.16298,-0.011602057,5.0971746,-1.891104,126.62795,-0.012841035,4.4670577,-0.5227193,90.29276,-0.010018172,3.424569,0,hiphop_hiphop.00063.wav
0.2717847,0.006838522,-0.17492719,-0.32596207,3299.2351628278698,996854.7247597636,1.2257824974082707,2.175158127609496,3139.315724099736,86371.9113776118,7083.748832206608,1436562.623427178,0.12096525493421052,0.007073542009993565,129.19921875,63,0.43905359506607056,0.30426791310310364,0.046505246,0.002831108,2.5235357,9.501633,1.7942243,3.9343338,2.3865883,6.5564117,0.01766302811166803,0.004230890519276129,0.43352997,0.08053341,0.40824044,0.07532742,0.42493653,0.08286353,0.42052108,0.07983731,0.4145118,0.07412405,0.43113935,0.08626102,0.45047724,0.07474532,0.5055033,0.087487124,0.58730537,0.08116382,0.6816741,0.10031659,0.5951987,0.074192934,0.51955026,0.0767956,-59.209076,3873.3223,0.0048309127,162.8773,36.229557,936.1065,0.047788907,34.443005,39.795998,579.0522,-0.0048009185,25.332981,49.92651,390.6633,-0.05165024,10.82466,10.130862,276.53214,-0.013856848,9.286696,16.90565,127.85807,0.020501766,4.1880455,9.794849,155.94876,0.013401637,4.9028683,4.444252,124.79903,-0.027008045,3.5429642,2.428958,111.1621,0.010231104,4.0182323,1.7018616,95.29752,0.011265691,2.6433046,2.3615115,103.619385,-0.0033325914,3.300216,3.9046617,70.938385,-0.007398979,2.577891,3.1985762,59.06371,0.002031412,1.6782876,0,hiphop_hiphop.00069.wav
0.27886552,0.005521158,0.011345359,-0.48834538,2501.7378191896305,1242933.1099329065,0.581343773446033,-0.18731271629744528,3049.8460113322285,321269.50694128574,6028.288547763884,6245412.961886707,0.06927244582043343,0.003067890216469905,95.703125,47,0.3908692002296448,0.2664527893066406,0.025710525,0.002107534,3.012536,9.556275,1.8827498,5.986027,2.508855,7.246067,-0.01675976664001528,0.014337484223887104,0.34438547,0.07893099,0.2955783,0.05797611,0.31713316,0.06347757,0.33166033,0.06545278,0.41247284,0.067695975,0.5578021,0.10613251,0.5429509,0.092756175,0.51804787,0.094623566,0.48545182,0.077589646,0.44992954,0.06698046,0.4938396,0.1170972,0.4311987,0.09516121,-81.683784,4954.272,0.013187421,230.41498,82.303116,1049.3793,0.004938214,49.560806,53.529533,748.56665,0.02069891,25.411741,25.499685,275.9657,-0.017558647,9.355648,15.707696,213.14207,0.018956196,6.4764156,19.201519,88.09181,0.007837038,3.122972,8.448212,78.17374,0.011863347,2.5846775,6.3824034,63.016895,-0.0035778705,2.2828896,0.19760755,79.07734,-0.013484323,2.467068,0.14752647,59.149006,0.0027202899,2.0156536,1.1901315,45.68121,-0.008192043,1.4257205,1.5224408,37.165432,0.00023274304,1.3028984,-0.7222516,37.971264,0.00076196657,1.3565323,0,hiphop_hiphop.00070.wav
0.2470372,0.008212038,0.19849983,0.10266662,3187.816484935212,1333234.8482490752,0.842897408313241,0.6930903884684465,3286.7267262692176,114893.71513754189,7475.746461850571,2250938.096229929,0.10757380151896284,0.00993706141453864,95.703125,47,0.5029752850532532,0.3668285310268402,0.04148434,0.0043943995,2.7779665,8.154427,1.5926782,3.0324101,2.5153182,8.336338,-0.0039001244982128725,0.014142358341213005,0.49885044,0.12726444,0.54720944,0.10923333,0.54835063,0.098167844,0.47312942,0.10405612,0.37051576,0.07678962,0.34623098,0.092898384,0.36032185,0.10601646,0.38214007,0.11901468,0.3395015,0.071199425,0.32592183,0.07134809,0.30262822,0.060755096,0.34356114,0.06709697,-78.70389,3194.6616,-0.11692548,105.47078,51.449516,1037.2771,0.08090181,42.173668,42.216015,297.26663,0.035017002,10.735568,30.075918,241.44113,-0.0033010712,9.812836,20.105505,225.5939,-0.022119517,6.658082,6.986969,108.797386,-0.02095583,3.6551487,8.024218,115.880905,-0.00018722206,3.3761103,6.866158,121.07313,0.0040432285,3.5756922,-4.6415987,112.28584,-0.005365599,3.5722392,3.6491585,97.82399,-0.004813184,3.1990106,3.6543467,90.70741,-0.024021095,2.5154507,4.342972,70.25089,-0.009689833,1.8304436,2.5995657,72.63054,-0.008286585,2.5876434,0,hiphop_hiphop.00071.wav
0.23842949,0.0072025587,0.6413816,0.3197472,2986.4183595685263,945801.492848987,0.5728377432134675,0.8079845804837325,2899.9621618803476,219696.0118602672,6402.811283076142,3581586.812638125,0.1376612991002322,0.006303260889335712,117.45383522727273,56,0.4814244508743286,0.3559454381465912,0.068934,0.0060846577,1.865686,3.3481712,1.9565207,4.2345004,2.285994,6.5192146,0.04310964537861196,0.013421161868471268,0.52653354,0.103173085,0.44928303,0.07629229,0.4347611,0.06633377,0.53153753,0.09214354,0.4142058,0.06941552,0.3370262,0.067210115,0.38416505,0.072031386,0.50138974,0.09445838,0.46908107,0.09115935,0.44260928,0.085317425,0.5094033,0.092310324,0.5309845,0.09512137,-25.853153,3307.3755,-0.05632128,105.89579,70.946266,1139.4401,-0.037475605,36.45346,9.548327,624.99695,0.034637656,20.37931,17.48022,399.01495,0.057581875,13.852705,-1.6314148,336.86823,0.021081254,10.150513,-0.5470881,261.80316,0.01719044,5.8099213,0.26027253,170.17493,0.021655124,5.0289807,-4.643747,118.33184,0.016132956,4.1502886,-0.58589023,116.5222,0.009489328,3.2757387,-3.0855963,104.11192,0.022283679,2.988414,-2.4060123,145.12013,0.016800856,3.9051301,0.38703677,82.32533,0.0054971385,2.7163565,-2.1574867,78.22611,0.009958814,2.4769144,0,hiphop_hiphop.00077.wav
0.141347,0.00064907194,-1.1065646,1.3038611,3377.3537522272427,819977.3151133595,1.1883725474842886,2.168661749115561,2996.5318102635783,136305.2458435498,6892.474988813371,2250172.192228702,0.15501417980843654,0.00726182722115478,95.703125,45,0.1586703062057495,0.180243581533432,0.07906357,0.005856588,2.1548977,4.9963727,1.9205548,3.071596,2.5302646,9.028989,-0.010635114803365835,0.005930732840713524,0.37597033,0.0946862,0.33833715,0.08719734,0.3260247,0.080656976,0.3430292,0.085077465,0.3350785,0.07776818,0.33204645,0.078676395,0.33592194,0.07659704,0.40214902,0.097187825,0.54669094,0.11623279,0.5712962,0.09557959,0.5039188,0.09324012,0.43225357,0.0989616,-64.00042,1803.6823,0.011623199,70.183426,50.80533,662.1405,-0.004581847,24.67683,6.6019654,489.6961,0.038238604,22.087751,27.830626,255.1484,0.024556993,9.787356,6.6351504,189.89182,0.016937787,7.428885,0.29845634,130.83754,0.0015399528,4.6759806,2.82178,118.70034,-0.0075715436,3.9362056,3.2143695,97.35036,-0.005192599,3.1243284,0.16547744,114.47485,-0.0037544756,3.9640844,0.61116374,75.41632,0.012230705,2.480392,0.09668512,70.918335,-0.0018484836,2.3499427,-5.0659504,67.33121,0.0027040823,2.572517,2.662499,76.96014,0.01339454,2.3924081,0,hiphop_hiphop.00080.wav
0.10349304,0.0017896374,0.89509,0.5349989,2735.7591836811116,280779.5138575753,0.42141538057712297,0.07133969520458461,2295.39240559496,50818.76803468057,5418.33390274284,663923.919550393,0.15759428514415635,0.0028837875385432235,112.34714673913044,54,0.26201266050338745,0.4087628126144409,0.01805076,0.00019719565,1.7773424,4.386369,1.3060526,1.3582174,1.9863677,4.3371787,0.010076813645675795,0.0020790748167992526,0.58378595,0.07556582,0.5125929,0.058574323,0.51782614,0.06674141,0.51538414,0.06483328,0.54514045,0.06594628,0.551027,0.0732867,0.565814,0.06522727,0.6027273,0.06576047,0.6253079,0.062203504,0.6126722,0.07397945,0.5303589,0.05798229,0.54280967,0.065897144,-92.57535,1415.0823,-0.032252897,47.248173,77.32823,363.11533,-0.026656717,13.43912,-32.705482,295.49725,0.03064657,7.9533095,54.52097,137.26703,-0.00629351,3.6133199,-13.136226,86.484604,0.007922163,3.0581598,33.594536,82.81823,0.014453076,2.1105494,-12.014402,79.49145,0.008495446,2.6082394,27.973028,68.35102,0.017973013,2.1809397,-11.891684,60.12535,0.012158698,1.5276518,18.775812,51.122303,0.017427655,1.7672704,-6.6194167,46.75375,-0.008911052,1.7221566,12.987664,29.922201,0.007459536,1.0939604,-6.975368,32.834766,0.0073190355,1.3165797,0,hiphop_hiphop.00095.wav
0.11080779,0.0013749906,0.51645446,0.72140574,1752.0601379199597,162280.36294676817,0.43004572597569674,-0.3510461809001608,1811.6650488571518,68840.18656643656,3488.5789050406347,725536.3955348252,0.08312232427921827,0.0009172940660930041,107.666015625,52,0.2516635060310364,0.33464130759239197,0.0043486287,2.1985828e-05,2.029485,4.5555906,1.7756155,2.4535046,1.7849028,4.329757,0.018619103228609046,0.00341248790174727,0.3762587,0.07685807,0.37491158,0.077100806,0.4154818,0.07537641,0.49043515,0.0855414,0.57401764,0.11645833,0.4999166,0.095119104,0.3653314,0.0666212,0.34542546,0.06865415,0.4073667,0.0886827,0.4187928,0.088375695,0.40539286,0.08117475,0.4150538,0.08175379,-128.25366,2219.4612,-0.09587491,75.37425,124.71829,462.06018,2.1310045e-05,20.349579,-37.315384,415.86697,0.009984142,16.70544,44.01681,269.1759,0.013240208,9.667083,-12.893393,329.0181,0.02848673,9.263687,19.12616,170.61243,0.029319426,5.7336855,-9.395847,139.21239,0.001395991,4.544738,19.925152,89.601555,0.0039057452,3.184797,-6.9743342,87.51666,0.0046914737,3.4632058,13.599823,69.0718,-0.0038879118,2.353113,-6.0679183,63.346817,0.0042244648,2.0381303,12.443696,55.82339,0.0011058548,1.9789206,-4.746405,55.202236,-0.0011800863,2.0127132,0,hiphop_hiphop.00096.wav
0.11897983,0.0021528394,0.33365172,-0.3342142,2539.204008715449,305789.5767939597,0.026948200573837264,-0.5460997174446072,2341.907844933754,49149.34719611162,5352.492634209317,633071.2851053957,0.10070347269253097,0.003603841892806534,107.666015625,52,0.2311548888683319,0.38997113704681396,0.009682143,0.00012283228,2.456558,10.425489,1.6772121,2.978029,1.9960911,4.668615,-0.006035779006188989,0.004663933536636158,0.5003528,0.05539449,0.58396447,0.062083956,0.62799156,0.09487961,0.5506807,0.06951728,0.4956004,0.07053551,0.46106732,0.068378195,0.44026095,0.057482585,0.45890784,0.05909924,0.573676,0.09038109,0.6160775,0.09311094,0.5563336,0.0776059,0.5437099,0.0733622,-129.77603,1932.4867,0.0079523595,63.413628,71.81837,407.6928,-0.0094206,12.143612,-23.074848,400.37137,-0.042163886,11.813194,63.01011,277.9359,-0.012086543,9.1935835,-6.6954575,179.53304,-0.011577134,5.600587,34.211548,139.70035,0.001083921,4.590486,-11.993902,126.51403,-0.016283844,3.1911707,30.335918,75.17065,-0.014316107,2.1905198,-7.404099,90.943756,-0.012986771,2.8665986,20.45341,56.454033,-0.0032731378,1.717918,-6.034916,65.35101,-0.012676013,2.2227504,14.550691,61.80609,-0.0106742745,1.8386385,-2.797536,69.49636,-0.0111182695,2.1086874,0,hiphop_hiphop.00098.wav
0.15373823,0.014909467,1.3267821,0.5384574,1963.1168173712674,676128.765992604,0.9411827995707497,0.8540345420320472,1917.1560300023268,130028.26471543695,3798.6936964855845,2175513.188470328,0.10156741304663312,0.004363682408302385,107.666015625,43,0.4925176501274109,0.7942352890968323,0.008346108,0.0002170034,3.024641,10.476372,1.8944651,4.982271,2.8616972,10.658063,0.024460438486352674,0.006048648914746097,0.3767767,0.08626244,0.4518614,0.085804544,0.59668875,0.102830045,0.4716972,0.079979464,0.40841496,0.08208325,0.3762757,0.07925784,0.41999638,0.09590528,0.41703072,0.100099266,0.44616666,0.11062325,0.48070496,0.10844296,0.3727756,0.07903185,0.3528684,0.08180782,-138.75241,3699.728,-0.1588105,153.3575,100.21436,1567.638,-0.07037514,43.62887,-31.463362,1050.0157,-0.020915238,31.596628,32.44577,556.9035,0.02749267,16.351645,-2.7784781,318.27124,0.010575012,8.752453,13.112889,320.63055,-0.021486556,10.00267,-14.513043,229.00856,-0.0044656554,5.9565463,13.950915,196.35101,-0.00047013487,6.1290255,-15.170901,208.63475,-0.012880519,5.2246685,8.2052145,152.87715,-0.041811947,4.453857,-4.922986,137.3049,0.005370856,3.6680875,3.523305,123.67243,-0.019989174,4.1564035,-7.9792624,109.96263,-0.0123070115,3.1740208,0,hiphop_hiphop.00099.wav
0.34262288,0.013425365,-0.6804273,-0.39844894,2812.1740408358355,589963.1669838481,0.043417237620166936,0.4979363252820237,3035.5509527685867,186919.4278548189,6518.343917799439,2936812.8464927347,0.09378476925309598,0.0027742215075574807,143.5546875,65,0.5212794542312622,0.3381790518760681,0.041784324,0.003061816,2.4378495,6.6038303,1.5683122,2.8342187,2.8903978,11.300761,0.02579827601686026,0.01501166136598662,0.39127037,0.1025695,0.3593718,0.0625285,0.51288474,0.12900561,0.3852715,0.06416484,0.4628187,0.113100775,0.32801622,0.070014425,0.31956667,0.057115164,0.41375384,0.10075152,0.43041435,0.07802566,0.5367594,0.106580324,0.35548398,0.06420525,0.36716375,0.07669249,-16.727839,2907.9993,0.0042541227,98.14366,73.12574,594.8857,-0.039436262,24.634773,12.123373,734.1731,0.022678385,14.691915,17.577242,345.99387,-0.01043453,9.4918995,4.263636,214.6343,-0.0042998497,5.813968,0.69936264,247.31952,-0.0007481723,4.74839,7.755548,151.98883,-0.01541479,4.509647,-3.2037275,146.10658,0.011520994,3.469016,6.822673,144.37071,-0.00056933914,3.146742,3.7911236,105.190025,0.008492384,2.3308337,-0.45327467,79.51835,0.0013644614,1.9374577,1.8107871,83.27333,0.011653845,2.2929,4.9622755,100.22913,0.0028576718,2.0298703,0,human_kpop_song_1.wav
0.3943649,0.0047160215,-0.39700755,0.7901726,2913.3346570447843,663594.8984899711,0.769444040360506,1.5299451227717382,2964.368227945258,209335.2897520206,6509.3689720697075,2814233.2722049374,0.11855672830398607,0.0026082168528595096,123.046875,52,0.4584524631500244,0.1741364449262619,0.050381705,0.0019602594,1.779726,4.8262925,1.5303237,2.015964,3.2274883,15.025108,-0.005987206876334113,0.01840979572045505,0.3310808,0.08214235,0.3609109,0.097958334,0.39689112,0.08543154,0.48588806,0.10783953,0.34610868,0.07981204,0.28486148,0.06919011,0.32420754,0.08309183,0.39997584,0.07804997,0.52609986,0.123050265,0.3917479,0.07923039,0.33870062,0.07982084,0.30504715,0.06664881,29.761496,3425.0012,-0.09123569,61.791553,75.76801,628.0232,-0.03249009,20.977106,6.032263,660.337,0.010831977,17.623558,6.5569806,322.57233,0.008545798,7.7559533,7.835011,186.07289,0.01843254,5.38475,9.533662,192.65239,-0.014238334,5.158181,3.5911794,99.98215,0.013075037,2.6786377,3.7081075,118.30702,0.002970119,3.1009867,5.4682245,98.35326,-0.003119888,2.9536734,6.9861436,98.2024,0.006460219,2.4848564,-0.93882537,66.46821,0.014607672,1.6536344,-0.2003146,65.46346,0.020218184,1.8176167,0.9370477,71.70309,-0.006249363,1.9723527,0,human_kpop_song_10.wav
0.2758168,0.006628518,0.7210943,0.54703426,2825.1802749685394,727955.1228938269,0.8653885358919046,2.0785849905587073,2899.5569039641596,177731.81091747995,6053.471728817966,3290828.7639275957,0.12210508175309598,0.0039879233934776714,129.19921875,61,0.4821913540363312,0.29518041014671326,0.05013392,0.002816043,2.0913854,6.0945883,1.5649122,2.687827,2.729423,10.278669,0.016215316053361368,0.014984788559110116,0.4487845,0.09883837,0.33304638,0.05549577,0.38743776,0.09702556,0.32107034,0.056667134,0.4347092,0.08930647,0.47588488,0.103844516,0.31129268,0.04710184,0.4000181,0.097115874,0.36224326,0.06618925,0.47033182,0.10295252,0.36952344,0.07501822,0.34351397,0.054211076,-4.872718,1918.1637,0.06328806,69.797745,81.208626,737.95575,-0.015381252,24.196619,3.6774857,376.0833,-0.045098685,10.736981,13.973349,288.74622,-0.0026497443,7.8962274,6.5294285,162.87447,-0.0013371754,3.485861,-1.1761991,138.7894,-0.0051791845,3.6321402,10.479817,103.2555,-0.011632275,2.6307037,-1.0336604,115.02281,-0.0005951754,2.4846792,5.0594068,118.86837,0.006485713,2.5626826,1.9350435,58.715527,0.0007516991,1.6527659,-2.4987495,65.349686,-0.004696936,1.8391143,3.0774899,57.074955,-0.01268976,1.5730599,0.62272394,72.72507,0.019151563,1.6435317,0,human_kpop_song_11.wav
0.2674977,0.009445014,-0.010171262,0.32984877,3441.752035537593,1356132.4206164477,1.0283161580759332,1.1276630182214609,2992.2441455067906,170461.79200466283,7099.31540474434,2848618.9507971355,0.15895519906153252,0.013073449331747256,135.99917763157896,70,0.5692121982574463,0.3633132874965668,0.06530119,0.0057008998,2.0025237,4.1045666,1.7099757,3.7981954,3.1266024,12.015754,0.0034643964607712257,0.024691394273384803,0.33197278,0.09792658,0.33707035,0.08442024,0.41210833,0.12431038,0.36449847,0.09756177,0.41377074,0.103952356,0.36750323,0.10211797,0.3051237,0.08370193,0.31967837,0.10020067,0.34019113,0.082990535,0.52024907,0.13107684,0.43032658,0.11071175,0.3275764,0.0849804,-29.798326,3535.4048,0.042047337,124.65098,46.775894,1905.6368,-0.1565128,42.60911,2.4901497,1001.1039,0.039903775,22.575216,5.9201574,498.84265,0.02716148,8.567789,4.8823133,279.5719,-0.00866835,6.1864905,3.586741,188.24611,0.021278271,5.1886983,-1.1599015,141.66336,0.004953189,4.0834947,4.3437123,167.68349,0.0052144253,3.5630677,5.1409736,100.794556,-0.009940564,2.4423752,1.9375012,131.00343,0.014179924,3.0942447,-0.69102,228.88419,-0.0041535697,5.0681047,3.6657465,166.44942,0.008154099,4.010948,2.1246202,110.87442,0.016002946,3.1273017,0,human_kpop_song_12.wav
0.32371664,0.011011398,0.2273739,-1.0643667,3206.5980591946795,773010.57307714,1.4447813447545483,4.0402141987374005,3097.9002557881986,87892.33167581298,7034.932460725861,1777515.4144693927,0.12052686000386997,0.006016169264946169,123.046875,61,0.4887846112251282,0.32415762543678284,0.06150746,0.0041372175,1.7442048,3.482512,1.6731248,2.8229825,2.3491423,6.381192,-0.00951577838925821,0.014336273789669368,0.35520732,0.044216085,0.42607683,0.12187908,0.34792292,0.0711848,0.41439882,0.112567134,0.31428325,0.08214628,0.27702,0.061606627,0.31789187,0.07068594,0.30567262,0.060295653,0.42773977,0.11655052,0.3283453,0.05892002,0.4216072,0.06700215,0.5992511,0.12557666,0.7219518,2198.727,0.019698417,92.17488,57.87159,672.964,0.03812996,21.59717,3.8417373,583.31006,-0.031346127,27.179844,4.1802716,332.15433,-0.03622506,13.725566,1.270936,175.78658,-0.044654924,7.8218884,-0.43447745,254.41261,0.029493669,8.394081,-5.1370425,249.50294,0.027681492,6.764505,-3.161609,187.57019,-0.004938911,5.68604,-1.1812809,150.79468,-0.012976508,4.664057,-4.8408217,148.13501,-0.004352397,3.6632667,-4.729329,138.44931,0.016431434,3.7024915,-2.4302964,117.015045,0.00096081174,3.605651,-4.5511484,96.050095,0.0070509226,2.87112,0,human_kpop_song_13.wav
0.3070168,0.009277754,-0.08083024,-0.20594692,3182.1713903460013,566978.1749246562,0.8245631384309327,2.3090797623460526,3277.1925479986894,117753.47142616537,7550.271011210816,2201150.131756547,0.11631637903928019,0.003191403698911606,117.45383522727273,27,0.5485257506370544,0.3137323558330536,0.044267777,0.0029703553,4.1574707,23.02326,1.5986941,2.8074458,2.9566035,10.950562,-0.012699738258878686,0.008401670732859386,0.43288645,0.12176734,0.28426164,0.07177141,0.25940645,0.0766116,0.27380508,0.083652616,0.30142358,0.06648234,0.49115372,0.16146135,0.29431638,0.072071485,0.29004788,0.08423226,0.34326947,0.107878454,0.28790632,0.0736036,0.30992278,0.103261046,0.27179724,0.060405165,-13.278062,1965.1144,0.014350494,60.28764,67.642075,513.0241,0.039611798,15.908267,15.358502,537.564,0.027759587,17.89692,6.318989,300.80414,-0.0034105142,8.464576,7.982511,147.13098,0.0106414,3.4557471,-3.3623738,226.3822,0.050233293,5.535411,12.077317,125.22724,0.011900978,2.6502655,0.96485364,103.10094,-0.0050929915,2.693552,8.101637,142.7614,0.016530426,2.8500643,5.571943,113.19682,0.011884248,2.713293,-4.4729333,102.80403,0.010984817,2.076712,1.7054747,86.57389,0.0054935007,2.0836344,-0.89265853,74.911354,0.007958094,1.8172023,0,human_kpop_song_14.wav
0.31080976,0.01797764,0.06889046,-1.1015273,3076.482758277156,1088950.9855708077,0.6262134696344811,1.2842945317227326,3292.61276263701,142888.52680187,7293.6475629777,3616163.8805129286,0.09612678079044118,0.006253545197105825,112.34714673913044,56,0.6027824282646179,0.4313915967941284,0.03384036,0.0020184263,2.9396439,10.772711,1.764687,4.67496,2.7553978,10.215567,-0.02121931800279097,0.014007963080786475,0.40080756,0.10226509,0.39808193,0.106182,0.38125142,0.059920106,0.5988863,0.13360673,0.40862513,0.076081134,0.40543085,0.1241713,0.33797306,0.08449381,0.3388675,0.07500993,0.39315546,0.098240465,0.34762236,0.07594663,0.43736008,0.10729435,0.32914072,0.065888315,-57.399406,3841.2373,-0.037139993,173.09627,63.52478,902.37463,-0.051120322,31.111767,36.620193,529.1296,0.03186665,16.77043,22.096216,368.01678,-0.017817402,12.8690195,13.099491,221.9394,0.002530504,7.4788876,-0.21064442,366.0068,0.0055591213,13.184226,0.5777529,153.4726,-0.009050646,5.5263124,-3.7594595,213.30775,-0.017045308,7.501127,3.4585285,136.41878,-0.0034050795,4.8044834,2.888205,129.15506,-0.017994998,4.050553,-1.5593795,104.22627,-0.008193977,3.4439588,-3.015945,91.859665,-0.0022594715,3.139465,2.1364806,91.52269,-0.0025709355,2.6227503,0,human_kpop_song_15.wav
0.29518056,0.009313472,-0.30920887,-0.14608145,3360.7674458185343,674450.407355987,0.5045951804806178,1.7941783840888643,3242.6369806419575,119730.85690610071,7636.38715714493,2287049.244301932,0.13419608951722137,0.004162716279114035,161.4990234375,74,0.5091078281402588,0.32693997025489807,0.06091011,0.003674406,2.3330905,7.407881,1.5219561,3.057711,2.9006681,10.777542,-0.024581711031260587,0.018035262306713387,0.32038328,0.06670726,0.42452154,0.11991884,0.31894985,0.06811663,0.33133897,0.07959568,0.3258863,0.07853834,0.3163505,0.07210511,0.3809875,0.11426732,0.33795175,0.07865308,0.47226745,0.12523748,0.3844258,0.08481316,0.4050896,0.10925121,0.3643016,0.09430573,-7.9954543,3191.4927,0.01693548,74.819305,58.26225,636.1437,-0.018164866,14.29733,8.792696,374.94464,0.030109935,11.504427,12.951216,364.40384,-0.00070109527,8.609839,8.997384,226.18356,0.030136542,4.315335,-3.0552816,324.10898,0.029160263,5.296388,4.758003,139.46895,0.006905916,3.0301578,-5.8099613,225.3698,0.019865595,3.5624266,4.2348404,92.776825,0.020551663,2.1879895,-3.4130092,94.07933,0.017911179,2.344911,-7.930673,126.68287,-0.00045780648,2.8730302,-1.6930423,90.097466,0.011059783,2.0644703,-1.5926994,96.9234,0.015189234,2.0665383,0,human_kpop_song_16.wav
0.24933523,0.029116908,-0.23379073,-1.1845521,2554.927255076109,675479.0152976882,1.7128369335033862,4.623015340241033,2807.1857799183867,221500.98813829766,5750.49022757232,3253079.6426787414,0.10290376173084366,0.00338389523583228,123.046875,60,0.5779762864112854,0.6843668818473816,0.04044987,0.0019533741,2.8125458,10.623109,1.2722824,1.4059354,3.547977,16.74933,-0.026989436109142288,0.021635709259602655,0.37811738,0.055561986,0.43617216,0.098868124,0.36324063,0.07397862,0.42666495,0.08675034,0.47426215,0.1032143,0.35341752,0.058012117,0.39988586,0.087511174,0.36092314,0.06564783,0.5187534,0.09913708,0.47945184,0.10283174,0.37649947,0.056117192,0.52497077,0.11164119,-75.90796,19431.396,0.098300345,44.21501,89.16244,592.6093,-0.05313941,15.33447,6.562,336.41238,-0.00024605682,8.6703,10.191779,199.55554,0.016749347,4.355938,11.946896,137.58284,-0.024980232,3.5365734,3.5642,113.37068,0.0055034533,2.8298965,-1.1698401,85.51764,0.0016010132,2.4916809,1.0512633,63.519714,0.01960803,1.5919964,0.5370919,68.36942,0.010541625,1.458706,0.7859026,49.1766,0.00931038,1.069859,1.1885138,45.09742,0.000824407,1.1757,0.43895257,36.09912,0.0023870126,0.95386195,0.67877775,51.75775,0.020559005,1.6609892,0,human_kpop_song_17.wav
0.22935309,0.005275777,0.231988,2.5680203,2946.608039701693,804538.3453429932,0.5370004526609258,0.5260331797562263,2875.876671407542,240080.45325077706,6287.170315674584,3335914.2370079043,0.13050147844910992,0.0041191705010230695,143.5546875,73,0.574245035648346,0.31669312715530396,0.058031917,0.0037154923,2.046395,5.190943,1.6478598,2.2024086,2.1065383,5.677408,0.03386816079941807,0.012293367309583943,0.40054953,0.097159736,0.35999626,0.060087822,0.52599883,0.10226146,0.34526724,0.06438275,0.30973613,0.06935192,0.30703002,0.07465266,0.3409227,0.055038333,0.53969276,0.1234593,0.3854293,0.059299923,0.42724207,0.08706524,0.41707695,0.09303092,0.40968442,0.07862447,-21.863525,2428.313,-0.1238749,43.798904,72.685814,795.4324,-0.1056794,23.314814,-0.70611197,631.1449,-0.06687052,18.42622,8.653979,279.0925,-0.015433712,8.4435425,6.1710234,212.98155,-0.016762074,4.686256,6.3085423,197.04747,-0.024913393,4.933321,-0.35316473,103.054855,-0.014481219,2.7408342,0.55418473,122.94314,-0.008446784,2.8829944,2.4998899,116.5361,-0.019710591,3.2412877,1.5483737,126.768524,-0.020204656,3.1123526,-7.1927123,97.26867,0.0044299853,2.828608,-1.4586656,87.85974,0.01361298,2.2976022,-4.2168417,84.97402,0.0027072378,2.14769,0,human_kpop_song_18.wav
0.28214744,0.011308459,0.5312081,0.06724501,2819.586889341933,917185.6850146693,0.3278130397109086,0.7355568369893977,2902.789896570753,246686.1818808389,6168.146035398123,4484324.351810992,0.11442863535216719,0.004425780667972461,107.666015625,44,0.5569212436676025,0.3768995404243469,0.05072057,0.003225644,1.7620193,3.141683,1.7120981,3.714446,2.7628968,9.976176,0.04494676226108737,0.014750295595741161,0.28533247,0.073444486,0.28671864,0.061546586,0.43592924,0.09437009,0.3802723,0.07875849,0.35777372,0.090952605,0.38480565,0.0941126,0.38836002,0.0806386,0.5399147,0.11967225,0.45778993,0.088079706,0.41848168,0.11552165,0.38799617,0.104071826,0.35129714,0.08921615,-23.381342,4002.563,0.0307998,72.601234,74.74763,1020.2974,0.0107699325,28.144133,4.7234106,445.52786,-0.017327512,12.947173,17.274025,306.96982,0.00811356,6.843528,17.413717,215.56154,0.016008366,6.506686,9.492901,195.4401,0.0070246854,4.587262,5.708064,121.90758,0.006572741,3.929809,-4.3361998,157.76314,-0.013850026,4.0452,1.566303,133.34512,0.028315008,3.275168,-0.8686172,84.70135,0.0043734484,2.5591817,0.5848734,91.54651,0.023470107,2.5316896,-0.73692536,77.633514,0.00501045,2.198679,-5.2196746,61.799583,0.0041489764,1.6994625,0,human_kpop_song_19.wav
0.3943649,0.0047160215,-0.39700755,0.7901726,2913.3346570447843,663594.8984899711,0.769444040360506,1.5299451227717382,2964.368227945258,209335.2897520206,6509.3689720697075,2814233.2722049374,0.11855672830398607,0.0026082168528595096,123.046875,52,0.4584524631500244,0.1741364449262619,0.050381705,0.0019602594,1.779726,4.8262925,1.5303237,2.015964,3.2274883,15.025108,-0.005987206876334113,0.01840979572045505,0.3310808,0.08214235,0.3609109,0.097958334,0.39689112,0.08543154,0.48588806,0.10783953,0.34610868,0.07981204,0.28486148,0.06919011,0.32420754,0.08309183,0.39997584,0.07804997,0.52609986,0.123050265,0.3917479,0.07923039,0.33870062,0.07982084,0.30504715,0.06664881,29.761496,3425.0012,-0.09123569,61.791553,75.76801,628.0232,-0.03249009,20.977106,6.032263,660.337,0.010831977,17.623558,6.5569806,322.57233,0.008545798,7.7559533,7.835011,186.07289,0.01843254,5.38475,9.533662,192.65239,-0.014238334,5.158181,3.5911794,99.98215,0.013075037,2.6786377,3.7081075,118.30702,0.002970119,3.1009867,5.4682245,98.35326,-0.003119888,2.9536734,6.9861436,98.2024,0.006460219,2.4848564,-0.93882537,66.46821,0.014607672,1.6536344,-0.2003146,65.46346,0.020218184,1.8176167,0.9370477,71.70309,-0.006249363,1.9723527,0,human_kpop_song_2.wav
0.33352393,0.0136783,-1.3459811,1.1634722,2263.542866807803,609070.0125413401,2.1209352910747996,7.835705328954218,2472.0487476472663,303600.7142746452,4807.55426271043,2814566.984905205,0.08072891471555728,0.00293042321849993,129.19921875,63,0.5385084748268127,0.3506622910499573,0.02185071,0.00087122753,3.0939512,11.311933,1.39269,2.6326303,4.2675047,27.584057,0.06319569377417421,0.02790459064344343,0.48636988,0.118134044,0.3199214,0.04517974,0.4303673,0.08188824,0.4553976,0.082228035,0.32924953,0.04919351,0.3699724,0.08532206,0.40054953,0.079217225,0.54452413,0.123964265,0.45313588,0.10285782,0.3733334,0.07157456,0.4090648,0.092880785,0.37424588,0.05948954,-23.95202,8277.237,0.010906001,90.43253,92.409966,653.5722,0.006482517,21.066158,-8.797255,685.7731,0.043428976,12.653686,14.194156,397.29605,-0.00065461476,5.758083,4.4630775,147.89761,0.004884528,2.7257764,7.2547565,209.90282,0.053028483,2.8558054,4.597951,88.82782,0.01995647,2.546027,6.6821713,68.46276,0.033460483,1.614841,2.9016166,109.0443,0.019281412,1.629588,5.036673,112.93552,-0.00049435615,1.6073447,7.032479,65.84088,0.014716562,1.4820263,8.074484,60.479694,0.005249924,1.4926523,6.4021616,68.73548,0.01290947,1.4371153,0,human_kpop_song_20.wav
0.37179548,0.0028866755,-0.84910274,0.5307138,3158.819878168045,302960.7423769018,1.0395274826243257,3.0782784860311576,3052.8440187244455,60233.61583170394,6951.332966240567,1133105.3061458145,0.13731398449593654,0.002273661250966604,135.99917763157896,67,0.3565821945667267,0.14450900256633759,0.07851743,0.0030474986,1.6093392,3.6133275,1.1815183,0.54690534,2.5454197,9.956647,-0.03488392212637394,0.007572203139011159,0.36942407,0.06732656,0.40562126,0.080016814,0.28011146,0.04991815,0.29032505,0.051405713,0.27960667,0.04875731,0.40157986,0.082495615,0.48066342,0.101329155,0.44427603,0.077812545,0.5549919,0.12634514,0.35582736,0.061688557,0.3467328,0.07108966,0.37941438,0.10225829,54.405792,928.12115,0.03718327,18.12072,64.87577,270.2827,-0.029358072,9.880341,0.6414459,169.4245,0.0044518905,5.572914,16.161844,101.36411,0.035775997,3.032945,9.176868,78.225235,0.0072082565,2.6855876,3.2863362,54.830482,-0.017868506,1.8470821,2.9699838,75.45487,-0.015722193,2.3609715,5.1029005,44.032917,-0.0065116994,1.4257227,5.6919646,46.73677,0.0075858864,1.5219762,4.9011116,48.22088,-0.005563171,1.5122765,5.332237,50.28961,-0.007342313,1.7455027,2.1080277,49.45427,-0.012748746,1.4297023,1.3215367,44.683685,-0.008513236,1.5746647,0,human_kpop_song_3.wav
0.34127882,0.014288819,-0.04483204,-0.07351303,3580.5005010710265,984171.8156879493,0.5262140261441379,1.2331596411629855,3321.747432813148,74715.65977894148,7873.852387891834,1699104.9858715283,0.14530259832140094,0.008608843296434063,107.666015625,51,0.619829535484314,0.35025861859321594,0.0735708,0.006270776,1.6188495,1.9807138,1.7778496,4.39864,2.916304,11.250596,0.028321104976363663,0.009715178370501102,0.61049783,0.111063845,0.3987835,0.07379246,0.35714138,0.07370975,0.41673672,0.09027858,0.45254797,0.08948838,0.42905682,0.096447736,0.3638492,0.058606103,0.50534016,0.09063217,0.41037858,0.08629051,0.34069023,0.061239038,0.4207091,0.09706878,0.44215345,0.07245359,-5.389083,3458.8545,-0.023822838,133.50183,47.990185,840.00146,0.035917427,32.362514,23.921034,398.60873,-0.021331819,13.20033,20.250584,294.42377,0.0063768956,9.623548,16.598156,243.42952,0.0118994145,8.9005785,4.0755568,148.62852,0.021246875,5.274797,5.3167834,155.39996,0.014207663,4.7473807,4.87609,139.0635,-0.02931564,4.0936756,0.4379365,126.1022,0.006630238,3.8079982,4.6924605,96.97565,0.04084326,3.1308188,1.3939085,112.41772,-0.017505826,2.652049,0.0022167289,85.369125,0.02275843,2.5413477,1.7777853,71.76412,0.01706156,2.5310862,0,human_kpop_song_4.wav
0.3339022,0.011307163,-0.40451828,-0.46506095,2869.4658202543205,819262.2899307339,0.9722842587492724,2.0343939201111025,3039.195729817063,214603.17131466468,6512.118955440935,3827081.6386124506,0.10745777803308823,0.004188748338773502,95.703125,44,0.5179362893104553,0.31846195459365845,0.04418294,0.0022890333,2.556939,9.027156,1.4581347,2.0026414,2.351426,6.277012,0.011191798776046208,0.009327299113699856,0.4246437,0.08518703,0.34706384,0.07749538,0.3972721,0.10292776,0.4464776,0.08954921,0.5778921,0.10692488,0.5139762,0.10465949,0.36121532,0.068702556,0.33431467,0.07732996,0.36220104,0.07625705,0.37926635,0.083766274,0.3413518,0.060352962,0.46651882,0.09862335,0.22678794,3009.3037,-0.061465982,66.29842,76.38274,629.0301,-0.03891136,19.682737,5.8467517,396.60406,-0.010682888,15.111091,10.288224,252.14034,0.007961066,6.8347735,12.13287,214.6272,-0.003127814,4.315108,7.9605155,142.14896,-0.015940247,2.7818866,10.346401,85.702835,-0.020300582,2.2142098,1.8843399,166.07907,0.0020159022,3.1414409,11.521662,101.59697,-0.014789571,2.5457084,4.2252464,110.711395,-0.03083943,2.0223098,1.6677194,67.244125,0.005130849,1.7343289,2.0142143,81.505585,-0.020841554,1.7257564,1.4988346,64.39935,-0.005986726,1.4919865,0,human_kpop_song_5.wav
0.35494727,0.008507062,-0.12363048,0.7668605,2890.3408090181015,1185754.5978005657,1.2134106144819803,2.2641727190677168,3156.059949986381,234004.1427333392,6688.084558067676,4221715.356005823,0.08791141096652477,0.005137022925358574,99.38401442307692,47,0.642248272895813,0.25985193252563477,0.034477334,0.0025712808,4.086379,22.593004,1.568376,3.1027746,2.9072196,10.700416,0.04205380024521483,0.01917714124044905,0.37209922,0.09239244,0.36112013,0.074095294,0.40972507,0.089755066,0.44726568,0.107683964,0.36090147,0.06070901,0.41631392,0.085940026,0.44048935,0.079696365,0.5158601,0.113913506,0.49419183,0.09795001,0.5133364,0.08974916,0.5215899,0.09988793,0.39329073,0.06703858,-16.78336,2570.0432,0.0050702286,102.511345,77.487015,848.69196,-0.017955646,32.184914,24.494633,620.6251,-0.0019256545,17.331898,20.348337,274.8378,0.00742161,9.335681,11.776113,166.32614,-0.0028422035,5.0216727,2.911379,131.80164,-0.016452605,4.775385,9.52647,115.50752,-0.0007901531,3.441254,-1.5908468,110.478485,0.0020598257,3.988227,9.702002,105.695915,-0.012407739,3.7164783,-0.8094968,85.93303,0.006544884,2.6044352,0.03726395,80.42043,-0.010214885,2.2796154,-1.5658401,70.00599,0.014854269,2.4032125,1.8589587,62.96488,-0.0061268224,1.7389256,0,human_kpop_song_6.wav
0.22831011,0.012469413,0.3393889,-1.0192531,1800.6835908377695,1071548.176451502,1.1066244160770888,1.7697531042047965,2299.2013426429303,514040.01944555365,3981.0425938467492,5690063.615719495,0.05644448106133901,0.004115682732625987,184.5703125,77,0.5106275677680969,0.48910021781921387,0.020344775,0.0025384135,4.3292007,20.108688,1.400165,1.4573107,2.7185922,9.875495,-0.035543645836683326,0.011640631442304905,0.53470916,0.083044335,0.5915631,0.08817635,0.5392691,0.082419015,0.51802343,0.08449242,0.5287647,0.09037243,0.560736,0.09924472,0.5515658,0.077393875,0.5239532,0.06977462,0.5592719,0.07355877,0.64142036,0.08893385,0.59294206,0.07329539,0.5328621,0.07767174,-114.177895,4980.329,-0.053059652,50.607803,112.8498,1967.6018,0.024545204,26.68954,8.23823,482.665,0.009020031,10.846831,20.856115,341.7365,-0.0032599224,6.7164793,14.149877,208.24963,0.038593017,5.6377177,5.7939444,195.30179,0.031335883,4.1317945,5.369342,133.92413,0.016682707,2.793443,5.1373973,150.64188,-0.009177864,1.9699191,-0.12233978,124.82358,0.019097012,1.894884,4.273055,99.76096,0.031023897,2.3435905,-0.22573201,109.85004,0.021224475,1.5363125,4.2976394,93.94201,0.010880269,1.9676172,2.2867744,59.482815,0.010616055,1.6380496,0,human_kpop_song_7.wav
0.254907,0.02105894,-0.058777597,-0.706038,2903.684816982914,1101178.463254098,0.45776877489085643,1.272995121089906,2833.787752512187,370501.74408424005,6287.870311441805,4105835.2463212884,0.11727517898606811,0.005947084681640335,95.703125,44,0.6094956398010254,0.5692937970161438,0.0481147,0.0045294384,2.6702738,8.792991,1.8562477,5.9346347,2.8001053,10.027576,0.016211047698551403,0.021495847693784393,0.40256375,0.106969036,0.29982728,0.06240763,0.2815344,0.070734896,0.24420789,0.06263075,0.28979567,0.06167508,0.3335677,0.11115576,0.26505435,0.051417585,0.40865523,0.12443575,0.41334227,0.085514836,0.6235865,0.1322705,0.41745505,0.10428277,0.38267928,0.1001502,-76.784904,15471.415,-0.07725944,154.3681,64.657036,1326.9257,0.010236834,32.426792,2.261932,551.40247,-0.031117676,13.589715,4.030369,312.02356,0.015848292,7.5830894,-1.4333911,260.66568,-0.028101107,5.5764823,-5.5017285,331.27563,-0.010805558,5.7101116,-3.0331945,216.31845,-0.015328374,4.7484164,-3.7525926,179.23877,-0.017304054,3.8594756,4.3329964,141.16228,-0.036652844,3.8980854,-0.19026132,116.43413,-0.02702371,2.656053,-3.983529,108.54146,-0.023910895,2.2578886,-3.4638155,72.839325,-0.0077998713,2.2008605,-3.9780614,102.73989,-0.019920046,2.2691953,0,human_kpop_song_8.wav
0.2844544,0.016605925,0.15873273,-1.2782061,2786.0209058793926,1465617.5969399868,0.2687875854075034,-0.45934367749727345,2929.0474829268337,385257.11996866623,6132.354585157459,5691018.576045432,0.09091630587267802,0.005873681233950716,161.4990234375,77,0.5427599549293518,0.4530215561389923,0.03611414,0.0040092603,2.9854887,9.887175,1.8173025,5.1689363,2.5386736,7.351371,0.01803497774976756,0.025678318706156694,0.49779007,0.13231154,0.33365977,0.04922445,0.34554562,0.10195036,0.33490935,0.06824686,0.49436304,0.1272597,0.45180926,0.11258062,0.3705576,0.07632291,0.47076398,0.11656843,0.39158168,0.07744808,0.4030379,0.11201319,0.33583593,0.07807695,0.35475627,0.06802727,-73.91551,5185.5425,0.11463345,126.34756,73.40094,2035.6271,-0.09214909,40.832745,27.764256,716.73517,-0.033880245,21.199768,26.307571,385.61517,-0.027447237,9.5474825,10.347363,223.1922,-0.03135305,6.3942423,6.031362,232.6832,-0.031747356,5.3798647,4.4241095,154.63983,-0.026194097,4.5636907,2.3594747,183.79411,0.0034178034,4.49165,-0.29742116,139.96945,-0.0044382126,4.0218554,5.140855,144.42873,-0.013453048,3.6086135,-0.4480502,87.475296,-0.020176442,2.1561894,-0.812609,107.088585,-0.012435963,2.7559636,0.26117757,95.90822,-0.0025538453,2.2809644,0,human_kpop_song_9.wav
0.0808364,0.0009934668,-0.067657925,-0.44619775,1065.1813274607414,161244.22362661743,0.8428892814134992,0.07235793299953786,1051.0958310894534,62971.69154876023,1895.7718698601973,488231.2007253744,0.05787379970491486,0.0009277044355907573,151.99908088235293,75,0.16128790378570557,0.3899148106575012,0.00011788054,1.3890424e-07,21.460701,595.61304,0.9339216,1.2185175,7.6075106,108.926056,-0.04502215498208695,0.05872938394835436,0.39910492,0.14243151,0.326453,0.09905759,0.22900055,0.07037153,0.1872945,0.075058684,0.12932043,0.016269647,0.2398958,0.055425413,0.20634589,0.057347503,0.18817647,0.04719628,0.24308017,0.07162867,0.3117685,0.058943603,0.44190767,0.14631131,0.30860698,0.07435112,-257.13556,6393.941,0.057116263,46.098232,175.52583,1223.0771,0.046522755,7.551631,-44.987904,1080.3647,-0.024734786,8.711016,25.790203,404.84662,-0.003327919,2.8539023,-4.3474097,235.53587,0.0006566697,1.379567,-0.1496991,112.61299,0.0030602613,1.1714729,-11.3641615,94.523285,0.005153826,1.1260002,-9.15121,73.65573,-0.008837433,1.2131716,-4.1199703,86.4021,0.0028671513,1.0521003,-8.272471,106.822914,-0.00042504276,1.2490302,-22.572567,99.62716,-0.008912388,1.0820413,-7.582039,70.962204,0.0046745697,0.91215396,-7.669523,57.56464,0.00012340819,0.8782889,0,jazz_jazz.00002.wav
0.05946679,0.0012990213,0.564602,-0.7568152,813.7398264123858,93071.16232551243,0.7461212510133651,0.09076707394870587,1059.7916556949228,220588.5040491951,1417.5747614526897,438791.10975322564,0.044670175841718264,0.00020854035590131895,92.28515625,37,0.14524886012077332,0.6060851216316223,0.00037789487,4.6763503e-07,3.7860188,19.499502,0.6757388,0.36972788,3.2463849,16.522038,-0.019809283018188507,0.03694002067974418,0.22548324,0.031394757,0.32369715,0.07403321,0.4932558,0.14835875,0.23926932,0.028931784,0.27263257,0.07235667,0.35304824,0.08599351,0.4416246,0.09996783,0.21470718,0.02456065,0.2831696,0.08922277,0.22314912,0.030790657,0.36953866,0.08703986,0.39399126,0.10599092,-296.99414,9826.767,-0.14454032,14.203681,192.80162,869.51025,0.02470507,5.1365647,10.269908,1127.0115,0.04434133,2.3070166,-1.6216916,253.35016,-0.01309417,1.0379453,3.3972142,145.77579,-0.022174377,1.3927916,9.955256,103.224655,-0.0112861255,0.9698727,-7.2179804,144.2786,0.0112975035,0.70564735,4.6580253,77.98291,-0.0038135217,0.9410166,-5.3815427,87.76229,0.013472873,0.5894886,-2.8878133,89.40694,0.0027671717,0.7483461,-10.212251,51.16872,0.0020590434,0.7867104,0.35241738,100.668526,-0.011560759,0.64792955,-4.940823,72.485146,-0.0047936076,0.75168157,0,jazz_jazz.00003.wav
0.09376465,0.0022378417,0.40355974,-0.45700622,1169.8831592067484,120153.95932529276,0.1252374367937,-0.4249051725018438,1355.5823448804501,60018.57167950972,1955.0965111322078,695777.6178609834,0.06484163361068111,0.0007072757374995917,61.5234375,29,0.24027591943740845,0.5045167207717896,0.00018776083,2.3232484e-07,10.651137,155.44884,1.0548406,1.1642647,3.2889185,15.448557,-0.03419969293933699,0.06764049207503961,0.2223063,0.10865634,0.2770375,0.14030159,0.16668943,0.044225115,0.26066685,0.13750151,0.16656218,0.04375841,0.283434,0.15653168,0.13453794,0.042748358,0.11075495,0.050749503,0.11305761,0.050700124,0.122076266,0.036300667,0.33042175,0.16933301,0.19840391,0.06974397,-292.0023,2536.4463,0.063283674,49.64116,137.65714,909.65906,-0.020773202,14.77455,2.6774545,588.308,-0.019959794,7.9365354,35.63392,147.96027,0.025179101,3.1989784,-12.298496,120.59654,-0.024983639,2.1536212,15.605711,84.7511,0.0068155676,1.5166502,-6.7916703,93.55922,-0.0059316703,1.4257131,-2.8564827,64.19663,0.00101006,1.302018,-3.773198,62.988964,0.015396956,1.1750388,-3.4651797,130.13655,0.009384146,1.6015353,-1.7190462,176.45961,0.02699346,1.8555591,10.377447,255.30844,0.023997815,2.3023605,8.307707,197.3876,-0.012616382,1.829883,0,jazz_jazz.00007.wav
0.03928195,0.0010220286,1.3597283,1.3346357,1171.2548885905846,166304.7563422865,0.9622172425300104,0.38861505445418576,1277.2205713400901,67706.35289771696,2017.3544680001935,622417.2115226805,0.06490928248355263,0.001158328877125498,129.19921875,61,0.14628252387046814,0.8138390183448792,0.00027872552,3.638235e-07,8.493419,102.92318,0.9290875,1.1086677,3.2386003,14.3041935,0.07097549317826601,0.06805932256255591,0.26864323,0.1226009,0.106464565,0.014202657,0.26398274,0.14280379,0.18234722,0.040273555,0.2928875,0.13933294,0.23142934,0.09079841,0.14078586,0.039212573,0.21476743,0.0998428,0.12811524,0.030577054,0.18837614,0.105616234,0.17076509,0.062227786,0.20277853,0.09407956,-358.36136,5176.2725,-0.082259804,60.50736,138.0234,999.7852,0.025185464,12.26091,-11.042596,562.9416,0.025089001,9.799587,20.849857,345.472,0.0032200222,3.3571227,1.9447051,139.20174,0.010896461,2.545459,-3.4360812,130.86385,-0.0037529152,1.0676072,-11.538535,113.87362,-0.002609376,1.4030459,-3.277953,63.91394,0.008150466,1.1586612,-11.024578,72.58959,0.014630499,1.405363,-8.37689,50.073612,-0.00889157,0.8158461,-7.4809504,81.36581,0.020627692,1.2899508,-1.0020691,71.66318,0.009579269,1.0977916,-6.740232,97.98164,-0.002004901,1.0337725,0,jazz_jazz.00014.wav
0.06236394,0.0006247431,0.73994195,1.0192099,1782.5096032831243,101578.21088531456,0.6332478348686517,0.6082292594820644,2061.9620700515784,90762.54682667273,3812.3852803611167,947959.2319252129,0.07357816430437307,0.0006380249650189803,117.45383522727273,58,0.17013488709926605,0.400790274143219,0.0033131207,1.1455009e-05,3.674719,20.189026,1.3516328,1.4356279,1.8795216,5.042329,0.023520150364039396,0.010994934131682127,0.33357877,0.09801918,0.3096726,0.08477882,0.30389437,0.08632328,0.385005,0.10803179,0.31708807,0.07869911,0.33578852,0.088908024,0.33778182,0.088123485,0.36779702,0.10029529,0.39805868,0.1061656,0.3703738,0.09349595,0.31637728,0.092586845,0.22389206,0.04206281,-199.95541,1822.1726,0.12798841,58.323082,117.204216,327.24832,0.024552662,9.752797,-12.359171,481.902,-0.03700953,13.994659,39.062153,94.56348,-0.013824127,3.0681903,-6.330021,58.149612,-0.012170221,1.7494377,16.501883,58.120285,-6.418036e-05,1.8315094,-17.276947,63.65468,-0.021990823,1.8708967,13.585378,50.538532,-0.003113305,1.5680765,-17.643486,36.594257,-0.005151249,1.3301055,14.005983,51.451355,0.0018761985,1.6450948,-10.174451,38.229755,-0.0018913863,1.2372421,12.148014,47.113026,0.0008843174,1.547538,-6.695931,35.563004,-0.00039754526,1.1276445,0,jazz_jazz.00015.wav
0.03192713,0.00031468613,-0.41716024,-1.1258022,1368.314551216105,421889.10624475253,1.7015185525732002,3.7643777597431844,1640.4301514755477,235522.8629695416,2633.1174112325853,2572719.1367001953,0.05864023497968266,0.002946285509518366,117.45383522727273,55,0.06193918734788895,0.555621325969696,0.0024592623,9.438738e-05,5.880062,38.674644,0.844319,0.49671146,3.3206165,14.543184,-0.04042156219382358,0.053531143750466796,0.16376579,0.06095975,0.21840091,0.1262033,0.115671515,0.043411463,0.1354039,0.035673734,0.35939664,0.15779638,0.30827355,0.121938534,0.13332182,0.03331293,0.14417753,0.06998242,0.22741356,0.12470863,0.2877458,0.15252072,0.19734144,0.09743102,0.12792556,0.046801016,-414.04636,4355.2725,0.014282823,22.088234,104.73549,1111.3726,-0.034540396,10.151795,-7.834571,913.3835,-0.054297198,3.8666732,37.865997,174.24962,-0.0048982203,2.076482,0.23421854,223.34789,-0.031883046,1.3753554,23.402958,133.95097,-0.007020085,1.1345946,-7.262739,94.46163,-0.016220218,0.9203735,5.760198,95.10472,-0.0064446284,0.9356234,-1.0362065,86.75219,0.0012203074,1.0164487,8.490973,51.783833,-0.0049023693,0.74346274,-5.5010653,49.663822,-0.013618295,0.6996974,0.8906696,50.12957,-0.011152517,0.78528506,-1.4493473,89.19598,0.0010606475,0.96954876,0,jazz_jazz.00026.wav
0.036314163,0.00017260839,1.041497,2.990005,2235.2545023708103,164592.32918773103,0.36825384502264985,0.18995008052833473,2259.182122512296,67472.97132569301,4685.821665477458,929176.1819301891,0.09940869594136997,0.0010206767213477234,112.34714673913044,54,0.10153883695602417,0.36178863048553467,0.0066913096,3.7947855e-05,2.4665124,7.8072224,1.3125297,1.250405,1.8865739,4.731563,-0.0309044878809573,0.013583025618677263,0.31785825,0.086390115,0.39841312,0.118880756,0.37077555,0.09103331,0.39643586,0.115702145,0.3102015,0.08534307,0.2920554,0.080733605,0.2976333,0.09218149,0.2653344,0.08306465,0.27771115,0.08819223,0.23974732,0.06688115,0.24045216,0.067023024,0.26663747,0.091833,-233.04416,1297.2228,0.056124423,36.824467,93.955215,335.00308,0.0029463612,9.861542,-16.322037,273.8711,-0.0055343434,9.339932,49.70222,101.78077,0.009813376,2.1538029,-14.077118,85.9999,-0.009326142,2.0482361,13.620749,69.87827,-0.005707205,2.039164,-11.947926,45.456264,0.008479778,1.3442255,13.40412,34.01014,0.0068721166,1.0996308,-25.945091,45.53611,-0.0011987627,1.2485204,17.492332,32.635952,-0.0044903765,1.0266434,-13.421045,24.564175,0.0055569247,0.63429576,9.388705,36.558563,-4.0793566e-05,0.95914215,-5.6063976,45.60372,-0.004562088,1.2266178,0,jazz_jazz.00029.wav
0.097773604,0.0011408585,-0.39343727,-0.10971069,1554.0193080070856,78611.76333041376,0.893070576547476,2.5281460336403203,1774.8785230557044,61470.39679810947,3215.622222239019,490770.7821650562,0.06639529012674149,0.0005670709043595827,151.99908088235293,71,0.18307508528232574,0.34545719623565674,0.0014867963,5.5895835e-06,6.985033,64.09239,1.2350807,1.2030337,2.433387,8.253751,0.00451882860817188,0.0226765330952555,0.3936477,0.14313218,0.24032763,0.07196398,0.17765163,0.034840137,0.16846281,0.0408874,0.24701641,0.07369583,0.3595818,0.12696038,0.25602353,0.060946368,0.3625531,0.10958701,0.3400827,0.09551027,0.25296426,0.062394235,0.3151667,0.12212894,0.32313472,0.06483119,-179.58539,2770.9434,-0.049606837,59.38661,124.3059,301.78372,-0.017338172,7.7047215,-29.682928,532.21814,-0.005397345,11.676734,45.348763,248.2263,-0.022207169,3.819042,-10.145393,84.812744,0.009394466,2.1692657,17.749968,74.69209,0.009399533,1.8667597,-8.770528,48.252914,0.012316557,1.3086228,12.736235,61.156857,-0.0011867802,1.6853337,-10.697795,48.573837,0.012718882,1.0416073,8.584038,44.25607,0.006095722,1.2425727,-12.360574,41.497803,0.005991344,0.96710706,3.3556697,47.544746,0.0021951124,0.9861813,-11.99776,42.331978,-0.0019267255,1.2023281,0,jazz_jazz.00038.wav
0.08227079,0.0015951927,0.6628846,0.39411855,1310.7203186399659,144901.7729778885,0.3636330366854282,-0.33689465555664366,1446.0995441886275,37227.29831306221,2721.6085428054857,715565.356330543,0.07651200899767802,0.0011413294953487015,99.38401442307692,44,0.22822406888008118,0.485468327999115,0.00044041334,2.7254978e-07,5.2864733,65.19733,1.6817223,6.470547,2.2745981,4.915095,-0.00445331658269894,0.011711029662772569,0.28420892,0.11490657,0.23598549,0.08608361,0.18813148,0.055557713,0.27456602,0.11928738,0.24657367,0.06874054,0.3278417,0.13210155,0.20329998,0.054469872,0.22160348,0.07174132,0.30244187,0.11986843,0.21561618,0.062280875,0.2414657,0.09990515,0.22251877,0.07240065,-237.31993,5129.8027,-0.1828417,247.37567,146.83463,239.90674,0.00526501,9.285718,-24.38773,553.66815,0.05597692,25.591497,64.266556,197.66104,-0.019871345,8.673136,-10.830375,330.04077,0.03779047,8.021241,3.2529025,147.6979,0.0025209272,2.6659808,-1.3364848,212.41005,0.032904163,4.2037787,2.7179363,176.15675,-0.019647496,2.8541698,5.1771164,78.78063,-0.024038047,2.048812,0.3928681,112.43818,0.007935657,2.360187,9.613638,136.32811,0.012707307,2.64008,2.5033517,155.2732,0.001195884,3.5161908,3.1281514,94.17766,0.016029095,2.9692898,0,jazz_jazz.00039.wav
0.086447686,0.0013438353,0.91270846,0.48460078,1004.149575393403,126605.78971719867,1.0913280341337783,1.2728590109256945,1245.673217186704,99596.78783138849,1808.3973982016737,556079.1628965369,0.04968186133417183,0.0005504456184419731,103.359375,52,0.21414470672607422,0.42405250668525696,0.00031009526,2.72915e-07,4.9052896,36.489414,1.3599951,1.8176073,2.2756634,7.1687727,0.015786731892130406,0.044216507889013955,0.25052574,0.08135272,0.2509606,0.06143917,0.43400136,0.14361008,0.3335236,0.08823417,0.32768798,0.106017925,0.2597988,0.092482604,0.18280989,0.04636743,0.27930444,0.11858883,0.22677928,0.05678103,0.29708436,0.10670033,0.26653334,0.08819782,0.20457397,0.038174428,-247.12595,3626.26,0.17365506,65.857,168.08301,794.6753,-0.008844456,18.231094,-19.792725,627.2629,-0.050259415,11.680137,21.996244,203.92366,-0.0062636924,4.4402184,-0.7398414,137.27225,-0.017971579,3.5853093,15.083411,102.045555,0.0028666446,3.238391,-1.264726,91.96165,-0.012820622,2.5241492,4.724226,94.896286,0.010841678,1.984446,-2.0383313,79.356766,-0.0135584,2.0215974,6.538581,64.362274,0.007059283,1.6844192,-1.3890959,65.4613,-0.00052168936,1.5096437,5.625216,85.261505,0.006932474,1.963457,-0.30055413,111.30776,0.007630174,2.5495985,0,jazz_jazz.00044.wav
0.11048703,0.0034979512,0.5694724,-0.27666306,1295.5301727326298,82799.80681966756,0.6384218506761253,0.21489294426996297,1446.8231593443904,32477.284042081083,2697.4420222704625,493478.1999777425,0.05864288046633127,0.00041672299880816173,107.666015625,42,0.2706989049911499,0.5352979302406311,0.000591838,7.5953466e-07,7.2604876,99.869995,1.5257138,4.140934,2.7609136,8.79362,-0.004904224020796496,0.026920104532060077,0.25705457,0.09526462,0.19097687,0.065886945,0.1933379,0.0502237,0.3503992,0.1486052,0.22262843,0.05665925,0.27235204,0.11298474,0.2484897,0.08545359,0.25420874,0.09869796,0.21812476,0.08666801,0.19662729,0.049623754,0.35034615,0.13850006,0.24442922,0.06258114,-204.27527,4044.661,-0.05593823,132.56984,147.64761,256.83157,0.03441379,6.371304,-25.261576,513.839,0.022468591,18.423752,49.39572,117.44839,0.012085241,4.141238,-15.68124,151.3326,-0.012051465,4.806544,2.7474341,166.2682,-0.010741606,2.63162,-7.901777,89.46311,-0.00789439,2.8158953,-10.610359,59.10501,-0.020626375,1.7337586,-4.845499,79.42091,-0.009430284,2.031142,-3.6492496,74.51751,-0.00509244,1.8642688,-3.5190346,57.376694,0.011258881,1.7114105,1.6018625,54.7649,0.0022176423,1.4869397,1.482367,105.272194,0.00028336453,2.2876122,0,jazz_jazz.00046.wav
0.1844451,0.008199202,-0.11606575,-1.1916298,2049.8283407393296,525072.7960499465,1.3546888465695441,2.7429360456425114,2466.9902383069666,139501.1038640222,4563.172407120743,3129891.468945645,0.06479628241099071,0.0019299345248935831,184.5703125,90,0.3450384736061096,0.4909290075302124,0.0067279907,0.00015337417,4.345932,22.307768,1.2522925,1.0072922,2.730741,12.241031,-0.0036181734081167957,0.03293621514039137,0.123051554,0.06286009,0.10735517,0.033987805,0.18209681,0.08627502,0.18684565,0.074580334,0.27968433,0.114771724,0.3510014,0.15470801,0.20438938,0.08022559,0.20692347,0.0975125,0.24866733,0.094908,0.36093476,0.16494651,0.17957003,0.06586934,0.09183361,0.024545178,-165.44522,3305.6045,0.060215104,59.0653,87.25498,926.87006,0.043914083,18.615799,24.809881,573.04254,0.0056456444,7.253494,28.423477,283.9779,-0.011817784,4.291593,-2.7804482,145.78809,-0.0045753173,2.4338708,-1.3395661,194.58159,0.005653395,2.5935512,-14.068816,149.70752,-0.0031517202,1.5743195,-4.7521763,123.27912,-0.0092520965,1.8280067,-19.205965,97.12279,-0.011693308,1.6944376,-0.590231,239.49017,-0.011700055,2.4829426,-11.94542,92.364746,-0.007857707,1.4006441,-8.327154,83.74074,0.005887277,1.4684254,-8.2205515,62.617706,0.007937258,1.0192513,0,jazz_jazz.00049.wav
0.1907029,0.00077476795,-0.5571134,0.3725438,2485.1861690972173,209700.5898378045,-0.06650353183761677,-0.192295300786268,2759.1953330984657,101540.00009976477,5793.356635031685,1386374.5520564823,0.08111251027960527,0.0008183461006172942,151.99908088235293,77,0.196874737739563,0.14595821499824524,0.023395993,0.0002962763,1.6389238,3.1348019,1.2534983,1.3126808,2.0944061,4.9239855,0.02707807840171083,0.019674204033512898,0.35032517,0.077599674,0.4537055,0.075841956,0.68843657,0.11424516,0.40276438,0.060675323,0.30814773,0.047947727,0.3439847,0.06186702,0.3838413,0.05184251,0.54175603,0.11057574,0.42806363,0.06969868,0.3926343,0.07457364,0.32352716,0.063373595,0.30953652,0.06245051,-54.85543,1006.9044,0.06684718,29.376623,77.348274,344.69397,-0.011813621,9.611056,8.232187,214.01175,0.019066082,7.5260105,31.682205,117.06604,0.01227832,3.983477,11.365915,90.17074,-0.018953683,2.6757762,11.7092705,48.413223,-0.010519188,1.5464966,7.9049416,46.27139,0.0003621377,1.4919049,13.523709,36.525978,0.004991588,0.95985436,-2.246777,38.004135,0.0063142525,1.1896621,5.585071,45.627937,-0.006531386,1.158443,1.4713968,46.252476,0.0036791058,1.2587538,7.389006,33.905838,0.0042550876,1.1142763,-0.9212894,28.918102,-0.00089542154,0.9879209,0,jazz_jazz.00050.wav
0.18235537,0.00495831,-0.0137544265,-0.76624775,1393.8502015938134,357205.96455606114,0.817028825140479,-0.12157894773188582,2135.166253762698,243521.7520693163,2925.4906432916505,3586093.1119594527,0.03805041239357585,0.0007370956100898469,107.666015625,51,0.34381502866744995,0.3861430883407593,0.004041775,7.404564e-05,5.046479,33.142056,1.3298529,3.0256007,2.6768672,8.190931,0.02729802198918845,0.0355570565395834,0.29048854,0.10774459,0.28107423,0.0768884,0.39927512,0.13740206,0.36471185,0.12760895,0.28939876,0.077051304,0.32648292,0.10873722,0.2814997,0.061784904,0.40268704,0.13438106,0.31761706,0.09958625,0.25729662,0.064162455,0.3258613,0.11355423,0.28440532,0.087126516,-179.97165,4235.484,-0.03850087,108.62709,114.65294,838.7355,-0.0017008752,21.878422,28.541496,517.7148,0.021187896,10.524655,36.081093,108.2091,0.014272554,3.0610456,11.087222,89.455376,0.0073091337,2.2147534,12.61876,79.859726,0.0056112106,1.5992434,3.7122953,67.984764,-0.0059486916,1.3838866,8.561263,69.74883,0.007971791,1.1020876,0.016916564,113.24215,0.00025049894,1.2490683,5.3795624,74.5427,-0.010460647,1.1756356,1.000922,68.974205,-0.0056089475,1.1895022,2.7233105,52.991947,0.009731063,0.9536517,-3.6071808,68.5115,0.006489915,1.0583787,0,jazz_jazz.00059.wav
0.23168926,0.0014294938,-0.68282574,1.9312406,2457.7479336333454,218303.6679660927,0.1949554537819484,-0.22749054738374452,2657.7962069000187,84321.11941876757,5472.225243535942,1306023.0538084547,0.09442535494872291,0.0011323043348189816,172.265625,84,0.2894700765609741,0.16318687796592712,0.027520496,0.00060357025,1.7933477,3.6472135,1.0805303,1.4270756,2.653369,8.788278,0.011212802664237558,0.019691073335354414,0.43884552,0.101834856,0.42136365,0.09473951,0.37478143,0.07953517,0.41524187,0.103129454,0.34025612,0.07036705,0.3924155,0.08767744,0.38243967,0.08291378,0.4165026,0.10258581,0.36201534,0.07550603,0.29834342,0.061569706,0.290368,0.06746561,0.2907508,0.05383795,-23.741186,1395.8687,-0.09640433,59.85367,82.82441,280.1804,-0.03645943,7.992682,2.272218,230.36218,0.051893413,7.0815716,29.485195,95.3442,0.008331852,2.6817298,6.6423044,50.86785,0.0139012635,1.4478537,6.4868283,53.590515,0.0028658523,1.157592,-0.72973084,47.27686,-0.0041443245,1.7146441,6.2020583,47.034428,0.006173197,1.38236,-3.4142678,44.04998,0.00024531796,1.2646798,5.56845,42.33527,-0.0064162705,1.2931767,-0.4270307,37.1899,8.787053e-05,1.2367725,3.183267,40.00938,-0.012865508,1.1718998,-0.20550643,49.734093,-0.009864955,1.4189855,0,jazz_jazz.00061.wav
0.08227125,0.0015951707,0.6628881,0.39409995,1337.3050098829249,143242.6025504455,0.42270791249697737,-0.23741492931952823,1518.6568768066402,32952.867255387944,2751.9916924160702,706590.1032084599,0.07651692204431114,0.001143283117436665,99.38401442307692,44,0.2282169908285141,0.4854623079299927,0.0012375187,1.9147603e-06,2.594447,9.724802,1.7053736,6.613939,2.2588835,4.8358083,-0.004450353934188373,0.011710265163626657,0.28420472,0.11489696,0.23598142,0.08609108,0.18814372,0.055565514,0.27457407,0.11929135,0.2465775,0.0687492,0.3278333,0.13210183,0.20330669,0.05447737,0.22159976,0.07173734,0.3024506,0.11987454,0.21563075,0.062293958,0.24146388,0.09989574,0.22251907,0.072397344,-235.7646,5291.44,-0.18860413,253.3436,144.78522,291.0748,0.013519983,10.428859,-22.553394,498.06448,0.04773838,23.503172,62.56097,172.93933,-0.012134264,7.68854,-9.329221,293.83484,0.030723153,6.887622,2.0171819,145.9454,0.008841606,2.3608735,-0.3470593,195.45222,0.027217703,3.7822187,2.0118878,164.94714,-0.01466994,2.582368,5.564123,75.396515,-0.027841408,1.8277051,0.3041964,109.00744,0.0106916735,2.3209789,9.438344,136.86404,0.010411449,2.601846,2.893031,152.30962,0.0027718965,3.4557996,2.56714,94.27102,0.01530504,2.9886339,0,jazz_jazz.00065.wav
0.069872946,0.00038239622,0.5206566,0.38639832,2634.080567357245,361945.6617674009,0.4542732920565346,0.06934844545399432,2728.052272386346,119184.45596905924,5562.841362259336,1653953.4571317467,0.10786934017027863,0.0013852350062512433,107.666015625,53,0.12667809426784515,0.27986446022987366,0.021913275,0.00038025176,2.0404413,5.5675745,1.2178962,1.6017292,2.2486734,6.2365217,0.0026822535550587246,0.019695438251313195,0.29372212,0.05807575,0.37249225,0.10866795,0.21301545,0.029831447,0.3355184,0.096362144,0.33170426,0.07319693,0.23910329,0.028379481,0.39417794,0.11197114,0.34351906,0.08274942,0.3387865,0.0611365,0.47452912,0.14731662,0.3457419,0.057111163,0.36996046,0.10495871,-163.57297,958.1602,-0.033680953,33.13827,65.99814,504.28812,-0.03125792,15.276147,5.3516426,180.90727,0.022073679,6.3427577,41.910503,118.31048,0.0062616174,3.3873994,7.0157814,71.71886,0.010998893,2.0241687,5.502399,58.553036,-0.0017882579,1.8584797,8.92,64.88213,0.00729247,1.8744723,2.6749392,49.360634,0.014037664,1.11275,-0.18527137,64.031044,0.01564846,1.2405579,5.1542172,42.992714,0.002147373,1.1763057,10.492903,73.41373,-0.0016462832,1.5036495,3.3337698,86.62992,0.0042158677,1.5436827,3.8439715,95.134056,-0.005084993,1.8969377,0,jazz_jazz.00079.wav
0.07134843,0.00079733744,0.64389586,0.28206563,2860.955151352789,318707.0865743587,0.5415099855394635,0.4395525226114638,2566.4356890610607,101010.18762250493,5604.732775614358,1290885.2261178652,0.14758074025251547,0.0022845477183419155,80.74951171875,37,0.15361277759075165,0.3957643508911133,0.04438347,0.002070615,2.2954915,6.595231,1.1049917,1.2578208,2.5479043,8.173234,-0.007178234321836258,0.018703014520770375,0.31469163,0.08715055,0.25054458,0.048163988,0.24217857,0.056802385,0.41853815,0.12808628,0.3309671,0.06011383,0.54341954,0.1223646,0.48987553,0.11216918,0.30425563,0.06903416,0.27282766,0.07980257,0.21190901,0.045943793,0.3022868,0.0775229,0.2205564,0.038733378,-131.92154,2064.8057,0.032378137,44.05481,61.590477,513.87866,0.0016865479,14.117524,-12.677667,234.76736,-0.034463476,5.4173703,35.077847,141.47859,-0.0152302515,3.3402941,-2.1337523,83.029816,-0.022011928,2.041452,-0.9544399,85.964005,0.00083469826,1.9004416,-4.844385,79.962654,-0.0007595895,1.9883323,-4.111025,76.54867,-0.006531018,1.4117366,-3.2753744,55.620853,0.0023792086,1.2189673,2.4981127,57.459232,-0.0070106317,1.1328418,6.4055057,48.893406,-0.011159433,1.2085054,3.4189363,59.026737,-0.0018788233,1.2632794,-2.8853552,58.351707,-0.018190324,1.2556756,0,jazz_jazz.00085.wav
0.045037076,0.00081309973,1.2431744,1.8286686,1788.118988036813,465383.69853075594,0.9835661252718157,0.8529130287475288,2485.704596471823,150269.1317674504,3904.9763871420278,3000643.457040462,0.06277475268479102,0.00338854544705773,117.45383522727273,50,0.16182607412338257,0.63314288854599,0.003590023,5.2170315e-05,6.3751216,52.918655,0.8506544,0.3627672,3.8995893,25.975466,0.020291748223583553,0.05181712390971088,0.39253503,0.10630919,0.30564666,0.06574858,0.427316,0.16303793,0.27501875,0.08290566,0.25204283,0.0971412,0.15599257,0.03916446,0.14275572,0.033117678,0.18964702,0.06327463,0.24409704,0.08416399,0.26822707,0.11516935,0.27380604,0.08659549,0.43512583,0.12556793,-322.4588,2501.8457,0.11869649,15.293447,90.67247,615.2047,0.034854714,9.403871,27.033606,276.83612,0.0063582086,2.355269,37.85912,161.13567,-0.0231497,1.4823574,19.706343,62.67586,-0.016346008,0.95969546,4.596429,75.21346,-0.0041896272,0.97436696,3.0730426,67.15135,-0.014607114,0.8594086,7.9851913,63.436356,-0.008281966,0.79988587,1.9288294,75.891365,-0.020058697,0.8018604,2.0825255,58.987762,-0.006044846,0.7383832,0.44548997,80.62957,-0.016283093,0.8341263,4.884424,51.193886,-0.012353535,0.6621418,13.045276,87.56418,0.006608576,0.6728543,0,jazz_jazz.00089.wav
0.060152046,0.00045403957,0.46389812,0.30752134,1885.1332191413771,300837.34613630956,1.011470486080699,1.1624737729590748,2230.1759936452086,106507.64333012381,4355.398663500145,1707980.5492964573,0.05814666275638545,0.0012341438439939722,80.74951171875,39,0.12471859157085419,0.3542390465736389,0.0034132863,2.7410888e-05,5.0211186,36.34509,1.2613693,1.9589107,3.2463472,15.077436,0.020185737824281312,0.017226839316733047,0.37721124,0.109350316,0.38111475,0.0867862,0.42347103,0.12481386,0.33612362,0.08260826,0.29945782,0.08517762,0.3134248,0.097965024,0.3140192,0.08504807,0.29170477,0.085471265,0.27733824,0.06792617,0.32072523,0.08828384,0.2911183,0.076230735,0.31060493,0.08377136,-223.03221,2174.942,0.16130222,85.8965,102.931694,460.7349,-0.03441761,8.527005,-1.7017893,353.24066,-0.027407229,11.3040085,45.22734,104.07318,0.0067021153,2.2697284,-6.781087,82.77414,-0.01471004,1.8763715,25.377794,55.14816,0.027213655,1.5387475,-14.396846,51.739033,-0.016748816,1.7384902,24.272863,37.612278,0.018947737,1.0590736,-10.418746,44.38695,0.006627861,1.0395459,11.176153,55.549973,0.0006601301,1.220543,-9.159323,39.40668,-0.02106164,1.3610264,6.6445827,40.78918,0.010840109,1.3184888,-7.8467445,37.368683,-0.016102595,1.2403449,0,jazz_jazz.00098.wav
0.15017863,0.0008543373,-0.017800922,-0.8595364,2751.9429030494202,155523.95856437026,0.21100707810571043,-0.2230403289142977,2205.667167919339,29379.445210125286,5234.46834788603,420476.1143059945,0.16671025420859134,0.0022377774553147484,99.38401442307692,49,0.1406782865524292,0.1946285516023636,0.018818108,0.00014808994,1.0999157,0.9260247,1.1672233,0.4535326,1.9834788,6.1772404,0.015261255476968586,0.006002857360436276,0.3993482,0.07337637,0.39674094,0.06953646,0.42063984,0.07867413,0.4679847,0.06442106,0.61514777,0.08119706,0.5250464,0.06935035,0.43139413,0.053142395,0.52455914,0.071289025,0.5977819,0.08006745,0.6137966,0.09047755,0.44623652,0.06784147,0.41300043,0.069123104,-43.059418,409.85458,-0.0008054636,11.860018,75.39123,235.11562,-0.004394168,8.387579,-47.834335,191.7636,-0.009262558,5.173578,53.01671,82.67817,0.0023247257,2.4424908,-12.331877,74.32399,0.0026391093,2.3691819,36.866547,78.360275,0.005165317,1.7629848,-8.281388,66.584946,-0.0027654474,2.1192968,28.398607,73.09381,-0.008533058,1.397899,-14.525013,48.456394,0.007899256,1.316385,22.10059,38.747986,0.003333032,0.9894687,-7.3498125,50.71135,0.011086953,1.4292945,15.969626,31.311863,0.005398559,0.8994757,-13.135863,36.193935,0.00018006655,0.9749137,0,metal_metal.00003.wav
0.23063761,0.0002548704,-0.38802773,2.6781087,2700.0607984944822,43715.805082855986,-0.298787389928559,0.5499604985778874,2240.3057146552483,14954.033824931554,5158.110476278299,161295.43898397475,0.17151030076915635,0.0008105730194086075,161.4990234375,81,0.1578182429075241,0.0692196786403656,0.018263122,4.5782534e-05,1.0260984,2.720161,1.0121967,0.16090676,1.869084,7.8275566,-0.0033432743437362,0.0037281382510345306,0.40825817,0.04463998,0.42750138,0.05472694,0.4376836,0.04670525,0.5764435,0.08236468,0.5700983,0.068316974,0.5189882,0.056626365,0.53824526,0.064239204,0.67781955,0.06167189,0.6520423,0.0666878,0.45835343,0.049787115,0.44722354,0.06116902,0.4176895,0.05151903,8.801141,174.54964,-0.00023729661,2.0943453,82.81116,116.20068,-0.012762473,1.7531531,-30.552038,95.0067,-0.017050002,1.7089485,66.70467,64.27782,0.012495174,1.0014862,-16.348965,74.490616,0.0062284647,1.2515292,16.55731,37.18705,0.009747723,0.6376606,-10.752601,34.67057,-0.006902919,0.79731923,29.530832,39.62588,-3.6624748e-05,0.8392684,-25.080227,25.866514,-0.0013857873,0.51221967,16.81191,22.746674,0.010300056,0.58299786,-11.383729,25.735632,-0.0032277831,0.687727,12.777809,21.908379,0.0016208843,0.5165772,-13.339877,21.186684,0.0018354061,0.5829294,0,metal_metal.00011.wav
0.26970047,0.0018220507,-0.80035955,0.92319393,2743.3893984922947,144929.48495817126,0.9286163269819603,1.0468281741911838,2140.5471031693223,50824.833036572425,5129.2856505780765,586364.2244834036,0.17962438624709753,0.0015806279710362733,92.28515625,46,0.24970963597297668,0.1582699716091156,0.02598483,0.0011558889,3.683716,14.481457,1.1465867,0.4505898,2.125457,7.078411,-0.01833696026569491,0.0029912161944147544,0.4869603,0.059721276,0.54890466,0.07325756,0.52030617,0.06776622,0.5122616,0.0590268,0.5189538,0.063135736,0.40480366,0.051428676,0.35218477,0.04154532,0.4582866,0.05437639,0.5386351,0.061087996,0.66459566,0.07760595,0.5786981,0.076188065,0.44013137,0.05603991,26.692247,391.20844,-0.0326739,10.394289,79.797516,332.42496,-0.034966573,9.380093,-52.057106,233.85388,0.014138067,8.25782,51.32146,202.58768,0.012404926,5.1223063,-16.363504,161.30777,-0.00601099,4.4315634,22.012665,118.81785,0.008181767,3.4948306,-17.462446,125.87522,-0.003310903,3.4363806,30.925823,114.49512,-0.0032290092,3.486907,-15.9802265,72.23401,-0.018820953,2.260086,16.127956,70.14421,-0.004387502,2.3350463,-12.1971035,46.163937,-0.007715736,1.5682113,11.304175,51.470722,0.013475043,1.7730542,-12.447628,50.303802,0.0010408248,1.5794076,0,metal_metal.00016.wav
0.19530325,0.0012673859,-0.12691166,-0.07861328,2576.1611397478755,143251.31792518063,0.4821403945530679,1.0421070452547188,2237.1855387565793,55883.144005150476,5058.094414395076,422435.88248002273,0.131779248500387,0.0017283362473384735,143.5546875,61,0.21235452592372894,0.18228250741958618,0.013107805,0.0006805422,6.751006,50.70742,1.1483984,1.0761725,2.5206513,7.6164,0.020055693540073995,0.010799060632382864,0.65326744,0.09240468,0.5601287,0.0591271,0.5544386,0.05085129,0.5498944,0.07602558,0.5481748,0.075882785,0.51483756,0.08821697,0.44464347,0.052263413,0.5437726,0.06477448,0.5423642,0.065318316,0.41049784,0.047169562,0.4622471,0.06319232,0.54547447,0.045688055,-43.709293,869.35016,-0.06538813,22.338776,82.737915,239.75533,0.02884762,6.397101,-29.627008,256.23285,0.034076255,5.1495175,70.41111,128.6922,-0.0015564662,4.1275735,-21.604403,53.596313,0.01736454,1.223827,31.158106,65.86312,-0.00015395049,1.9489248,2.0852995,72.07995,-0.009176012,1.5851986,28.87639,41.920914,-0.0024379606,1.1817807,-2.6782937,67.07202,-0.028974336,1.3086406,19.895716,37.075596,-0.0136317825,0.87163156,-6.9363556,37.510723,-0.012046299,0.8033312,19.131807,35.57981,0.00025345592,0.5871688,-7.3671594,29.830526,0.009697794,0.6522391,0,metal_metal.00023.wav
0.16507724,0.0009233061,-0.12536515,0.02516532,2398.4023355214918,78944.30659828249,0.3764569243839123,1.1175410213455361,2218.7543408123634,24043.113285407973,4866.8372375677245,371685.8493638926,0.12829627636416407,0.0008077510276494022,129.19921875,64,0.20532625913619995,0.1840711236000061,0.01365377,5.0174862e-05,1.5271369,4.9808006,1.1954749,0.83204967,2.8353677,13.875151,-0.021847676447765817,0.004696137916327474,0.42303088,0.06013732,0.3931645,0.06798672,0.4319256,0.07294042,0.47977284,0.08794103,0.46031374,0.05568902,0.48932177,0.08866156,0.39398074,0.055374034,0.41262403,0.04775791,0.5911395,0.08417511,0.618391,0.070618644,0.5776851,0.079129845,0.45647877,0.06207423,-36.46395,750.94525,0.047631882,19.903336,94.79875,153.4654,0.0067370255,3.4138353,-36.612747,95.28117,-0.015584556,3.1618216,55.00427,119.49545,-0.013011055,3.7114046,-8.240957,106.19914,-0.003454962,3.366393,29.689405,59.347927,-0.023302957,1.6442066,-13.68672,61.2317,-0.005632893,2.137868,28.726871,50.35436,0.007107012,1.8471211,-11.9972,46.094517,0.010201038,1.4536413,19.368708,37.329403,0.021775372,1.2391223,-15.667527,32.708294,0.010463951,0.9837811,13.940297,27.845896,0.013332848,0.85124743,-11.982472,29.109095,0.0053608962,1.0487992,0,metal_metal.00027.wav
0.111979716,0.00033016194,0.53631055,-0.008240223,2292.5689535724136,175840.61679688765,2.6131052904325243,9.817236325409963,2149.3510566356554,44392.75563853138,4820.037520559211,561191.2819745585,0.12364929010255418,0.001706172329107809,135.99917763157896,64,0.10037671029567719,0.16226473450660706,0.01015011,6.370516e-05,3.0822408,12.3366995,1.0754905,0.34518054,1.8275828,4.2344923,-0.026810598101126418,0.013549497324471759,0.4224814,0.0706091,0.59238315,0.0968518,0.47547784,0.07304566,0.56297606,0.09999351,0.4089019,0.07700224,0.32885402,0.06673449,0.34148708,0.07940815,0.305447,0.049713135,0.33012533,0.074791946,0.25756505,0.039136462,0.33610827,0.062064417,0.38812858,0.079789884,-79.06952,330.4673,0.011548373,9.398974,106.80837,219.14526,-0.0004719994,8.104024,-38.75291,135.26564,0.006546357,3.834897,39.84806,63.645428,0.008960773,1.8428274,-26.749994,44.893726,-0.0032711842,1.2026418,32.458336,37.187435,0.008627466,1.0292931,-15.016175,61.698265,-0.0045346683,1.4687066,29.695576,43.457226,0.0043594292,1.338354,-11.365927,45.793476,-0.0016074779,1.3999887,13.764984,46.041706,0.0121383015,1.1162287,-14.49603,49.43191,-0.00067413924,1.5426292,16.166332,45.46615,4.9456725e-05,1.0659076,-3.060488,62.4744,-0.0071468,1.3276398,0,metal_metal.00037.wav
0.15433292,0.00337468,0.6525236,0.76329374,2099.2973189243585,332807.0419155608,-1.1680247229929421,0.7543124684353062,2062.456764790835,135589.9892183455,4450.206423543924,1166203.9139840978,0.08829500653057276,0.0016162096262880823,117.45383522727273,60,0.32289186120033264,0.37640702724456787,0.004702013,1.7016413e-05,1.3865362,2.3364897,0.9161041,0.41403955,3.3136,14.744698,0.001686757296419747,0.03538698765866335,0.20804007,0.03416259,0.19637415,0.036524963,0.3227891,0.05791471,0.5472928,0.10173495,0.4704606,0.09718085,0.27864334,0.061922517,0.25870875,0.024875954,0.38879114,0.054310437,0.6512249,0.11910985,0.5063315,0.07348893,0.38767633,0.0542845,0.33445528,0.079930276,-99.78338,3828.401,-0.09748739,17.81458,102.12684,673.01044,0.072148494,3.4687467,-23.659554,134.81807,0.0028779947,2.85126,63.087208,251.55476,-0.032194223,1.4122753,-8.789669,310.61774,0.033334147,1.434207,30.74364,123.17061,-0.025087126,0.61112034,-9.6499,81.34507,0.011517504,0.8346189,14.1672125,54.480965,-0.0009906613,0.76907307,0.37099826,57.401913,0.007425909,1.1467324,13.2250595,37.62444,-0.003298654,0.86699134,-10.098214,79.4851,0.013559016,0.84911186,9.194633,49.315796,-0.006535548,0.7939836,-4.9334054,37.87098,0.006473968,0.77719533,0,metal_metal.00039.wav
0.10459357,0.0005713838,0.19523464,-0.45173073,2709.8571134319986,210203.34411791465,1.1644876849306334,2.1487233797219467,2194.62019348077,58619.307985176565,5082.335934476587,838340.9563032083,0.16650163869001547,0.0021588016169241378,107.666015625,55,0.12064839899539948,0.22853830456733704,0.021912772,0.00027409854,1.6986513,3.9127927,1.2387472,1.1063081,2.0357358,4.684811,0.00610879243178169,0.005025130985856487,0.40632758,0.067789376,0.38308504,0.058460057,0.4334171,0.064578466,0.58375835,0.070002586,0.6728359,0.07676582,0.5190333,0.06101488,0.5058665,0.06242944,0.5490261,0.07061535,0.56696093,0.0675248,0.5965273,0.08517481,0.46643704,0.059191667,0.4193397,0.062343974,-74.09321,799.9404,0.034850992,20.677279,80.09681,284.12515,-0.075179875,10.064765,-46.954678,238.30151,0.042581737,8.193665,50.99856,86.2756,-0.017523775,2.8978586,-9.135051,65.80965,0.011167965,2.0421946,31.746078,88.876076,0.013681347,2.9048667,-6.3704543,99.11877,-0.021861019,3.511204,24.842392,46.230507,0.014460311,1.3605627,-19.1189,63.603607,-0.015407244,2.1818144,20.78588,46.10017,-0.001378423,1.6373271,-11.646672,46.375637,-0.009258575,1.7072947,13.828823,32.301826,0.009880926,1.1322511,-16.455807,35.064816,-0.0016284453,1.081785,0,metal_metal.00040.wav
0.09043458,0.0011189524,-0.5056396,0.058178186,2683.8327705923098,346867.4667958473,1.197864813726805,2.0935335701698055,2127.2310243210636,167715.11603904926,4973.194927770656,1546647.630974082,0.17729975933630032,0.003961649175987313,95.703125,47,0.1671125590801239,0.36988887190818787,0.018940367,0.00033926294,1.7495056,3.242179,1.3019018,2.4736202,4.641599,35.006863,-0.03542189201404951,0.013252370111860189,0.39008117,0.06573337,0.43194056,0.07861067,0.37355116,0.06260764,0.41766736,0.076838516,0.49947637,0.09169323,0.48342413,0.092019044,0.48764625,0.09717755,0.42169803,0.066262305,0.4757411,0.09457479,0.46703213,0.0858141,0.39529365,0.064716846,0.4058375,0.08223121,-110.753105,4402.6743,0.006271575,105.271614,83.00019,609.59985,0.021213535,15.977493,-45.088776,892.4721,-0.0085936,17.167313,56.436882,171.6684,-0.009374735,5.24822,-7.349047,185.87865,-0.024857244,5.48395,19.820482,130.83366,0.026962552,3.923708,-13.268621,165.88336,0.0133049395,4.6968184,21.065632,86.26013,-0.0013315958,2.8763916,-15.577748,92.21513,-0.015169348,2.6808093,17.932453,56.266434,0.012268215,1.5728354,-17.986462,44.240593,0.007831601,1.4125979,12.786239,38.494553,-0.00035983158,1.1200932,-17.113073,62.59351,-0.011486279,1.4285424,0,metal_metal.00043.wav
0.08802726,0.0009995598,-0.19673821,0.37378454,2390.419379589868,365759.2451494547,1.0766636032016255,4.424005597574223,2028.0574072998857,119326.69770891605,4450.573087993421,1232953.127290491,0.14430071473490713,0.0038605607325270497,60.09265988372093,14,0.1707208901643753,0.359159380197525,0.0111142015,0.00018127306,2.5563524,7.9722776,1.2350904,2.4703164,5.2585654,45.518166,0.024636610134622285,0.01917509911222437,0.3809224,0.0776672,0.41459632,0.06495561,0.4405951,0.08338989,0.45619264,0.06540113,0.5286285,0.11045823,0.40445772,0.0700304,0.39869538,0.06387421,0.49313155,0.122456156,0.4182563,0.047334064,0.47883904,0.10694017,0.35728472,0.0480012,0.3980455,0.08990142,-135.40634,5739.8013,0.052627884,95.009636,93.31405,724.3952,-0.045373954,20.335808,-43.251408,712.2758,0.004628946,14.915713,59.152294,222.47916,-0.0026672424,5.0025067,-8.48654,134.39493,-0.01853466,3.367856,20.901056,138.34027,0.024031302,3.104098,-6.487418,158.6132,-0.0035421818,3.5346007,21.846699,93.859856,0.026350765,2.3714154,-18.946863,81.36581,-0.015015041,2.1655285,16.979282,74.70312,-0.006517857,1.7263352,-15.851487,74.57889,-0.024518734,1.6756977,11.051164,46.71044,-0.006193516,1.482092,-18.438244,59.70041,-0.0031038888,1.5502899,0,metal_metal.00045.wav
0.23247327,0.001129338,0.15021214,-0.21232724,3108.4450011422723,107498.94415889424,0.32673537805864716,-0.0826495514014538,2361.4906023615854,46432.30911170456,5699.457202828706,401872.21506103064,0.19690735052244582,0.001123984607134945,172.265625,84,0.21721136569976807,0.1445569396018982,0.035143394,0.0018699478,3.2309992,10.690452,1.1586461,0.7055972,2.3440955,6.379464,0.005821374298620041,0.010994019917551482,0.5947029,0.07874784,0.5576331,0.06398527,0.51367223,0.070312,0.46538815,0.06378731,0.3983759,0.055917863,0.41813824,0.0636633,0.5233666,0.07578285,0.45525628,0.060353022,0.43992895,0.06688664,0.47437155,0.06645415,0.5058358,0.059217826,0.6407936,0.10110808,10.483863,483.06027,0.016569192,15.838359,63.69427,178.44722,-0.012094393,6.084074,-28.404318,202.3559,0.0077988673,7.0996237,62.586746,158.72247,-0.0042593316,4.9317565,-19.572502,91.659004,0.009484063,3.293092,28.808268,72.87019,-0.00035907832,2.4252334,-15.211748,65.405914,-0.0055769538,2.222462,19.277632,62.700634,-0.0011348122,2.2486918,-10.677654,52.713737,-0.0040105716,1.7074277,18.84248,59.137703,0.0007636768,2.455501,-12.687698,43.53474,-0.0009790994,1.6042762,18.009232,55.922672,-0.0024210033,2.0238004,-10.809311,44.35546,0.0036492525,1.4764186,0,metal_metal.00055.wav
0.18438643,0.0010267664,-0.086855896,-0.42405248,2459.670579697411,129378.29702297311,1.6336346182893153,4.566049987660846,2221.5027213758212,43619.71417032036,5024.819615603232,646289.9769777809,0.14286912853134676,0.0011611300539068406,143.5546875,73,0.18500356376171112,0.1737828254699707,0.014392008,8.5510466e-05,2.6242502,9.436431,1.0661806,0.30073053,2.2807748,7.3956614,0.022407337020685297,0.007749286132278996,0.3501031,0.060642134,0.4080339,0.062709734,0.44860178,0.06793045,0.39513737,0.047434334,0.5293631,0.09656762,0.46802428,0.07258517,0.4879107,0.06629669,0.59455085,0.09787164,0.51138866,0.0708816,0.4941052,0.096365534,0.37267655,0.060505576,0.38024566,0.06810722,-15.5499,337.6321,0.017447393,8.395774,99.90534,184.66118,0.004329983,5.715217,-37.39835,171.838,-0.0092201745,4.5844,45.773003,125.73983,-0.024989603,2.2269547,-20.580027,87.48072,-0.026240475,1.914459,25.454128,53.907394,0.013123831,1.4080453,-18.453785,50.42273,-0.0020760035,1.5020422,26.329586,34.685,-0.0033517408,1.1508358,-19.99195,50.88795,-0.016143361,1.217784,20.9521,44.355827,-0.0055241524,1.2357517,-13.471362,35.838043,-0.0150337415,1.3288281,10.805852,45.346615,0.0032194923,1.0063224,-15.367828,38.131226,-0.0005598485,1.1270509,0,metal_metal.00058.wav
0.04084293,7.8787285e-05,0.49555647,-0.5790181,2723.638959048309,373242.8201745787,0.4872519738897806,0.3278550014609225,2399.618775666817,74532.11899163947,5494.900106424148,837938.3195059355,0.13497726393188855,0.003354213052405255,123.046875,62,0.0461876280605793,0.21732573211193085,0.014861984,0.00013185502,1.2775091,2.1208591,1.2345097,1.5146455,2.746975,8.471404,-0.04719146378146328,0.01291412711970021,0.52927464,0.053901892,0.73839664,0.08019457,0.6727815,0.057852566,0.4733219,0.056871977,0.4010822,0.06701186,0.44474307,0.07846486,0.4144648,0.06572572,0.42741328,0.070082285,0.48882687,0.08632319,0.47298107,0.08022299,0.39766487,0.05281753,0.45191497,0.063713014,-201.17204,1526.2876,-0.014129011,59.907085,76.82674,508.34186,-0.08169512,12.7755785,-14.832722,254.67961,0.05695976,7.543381,68.755455,282.46246,-0.0042547067,6.7319,-12.954561,105.010704,0.02449304,3.5592866,36.95796,91.07047,0.016499756,2.8090918,-10.985193,89.88156,0.002336034,2.396482,23.687685,84.685036,0.0037880838,2.7338798,-12.258739,65.900055,-0.014281795,1.7906597,16.675077,40.11558,0.0051508723,1.3112457,-11.070387,67.67628,-0.019794213,1.5730693,15.558382,41.695034,0.00459543,1.1504617,-11.186496,28.675552,-0.0100620035,0.9455881,0,metal_metal.00074.wav
0.09692746,0.0014536286,0.69099414,-0.15817618,2792.7282663263345,189197.47537549006,0.3375615205659605,0.26015187505289816,2250.8390420609553,96911.99862482236,5321.692820451577,729605.7598625643,0.16254285688370743,0.002869570721557669,143.5546875,70,0.18589907884597778,0.3933507204055786,0.015638135,0.00011192684,1.0758003,1.11095,1.1409271,0.7363223,2.218411,5.9580784,0.024458896159270393,0.008655774279696446,0.40426177,0.042598903,0.36018395,0.05447427,0.47926015,0.08522524,0.6030559,0.04417117,0.77649415,0.07238551,0.5675279,0.039391056,0.38247594,0.047742084,0.41646668,0.07589435,0.5065988,0.079657234,0.43313977,0.068261534,0.42524824,0.044305768,0.59149784,0.078518905,-100.871475,1565.5552,0.10646761,26.731274,76.13204,261.16608,-0.029233005,5.3529983,-29.54176,494.27332,0.01484883,7.6829295,69.70804,55.978683,0.0019486718,1.5144318,-17.341301,100.70125,-0.0010180373,1.8841311,21.393684,107.162155,0.002472267,1.5595862,-12.922546,53.654484,-0.009006989,1.6391295,22.007433,100.97134,0.018472305,1.2948366,-9.844206,52.76183,-0.011273496,1.2868081,18.426434,82.38318,0.01004153,0.98049897,-12.040529,38.325565,-0.021837484,1.0500928,8.984689,78.86338,0.015311098,1.0456959,-20.87698,26.793104,0.0036371353,0.89727765,0,metal_metal.00076.wav
0.26716387,0.0011548661,-0.045605045,-0.3826642,3338.7020063040536,172081.31685261198,0.39548351731768383,0.6836547313602388,2697.0613985795417,45804.30411732488,6670.784662677776,356042.5837581718,0.18680272530476005,0.0018596140418863803,95.703125,42,0.20523081719875336,0.12720027565956116,0.049670536,0.0024767704,2.1423604,4.055821,1.256054,1.1048673,2.2658632,5.6548843,-0.009146447863358003,0.008718899273784117,0.42249876,0.054198287,0.4925455,0.0718331,0.5276134,0.08014041,0.57106256,0.07202074,0.60395443,0.066177666,0.57957625,0.0749789,0.5118668,0.07801436,0.49567226,0.08033429,0.50447845,0.05930633,0.5610872,0.07721034,0.4970742,0.06618441,0.4275705,0.050909355,22.815863,744.77167,-0.019754732,19.162964,60.814537,261.88635,0.016230365,7.089047,-6.4084616,264.95898,-0.019933078,8.104436,53.18847,234.84033,0.0037913336,7.287299,-13.245837,160.82297,-0.013452704,5.255629,27.922491,98.637665,0.015008487,3.656166,-14.3165865,107.04228,-0.010242829,3.5607955,29.688398,122.68018,0.012556669,4.139637,-17.340715,72.197495,-0.020329673,2.4100504,20.311478,86.42341,0.008781766,2.7283807,-9.741702,73.34625,-0.019008921,2.2113423,17.13218,61.963642,0.007159753,1.9889135,-8.261584,46.21995,-0.0065155784,1.4409603,0,metal_metal.00087.wav
0.26598996,0.0041791736,-0.299185,-0.11644268,1443.9064233265146,147867.00103793558,0.3580874727663345,-0.06880229072625488,1726.8915942674935,54378.9273173242,3286.5301268019543,494372.77367286925,0.046564344282120744,0.0007001270496379853,151.99908088235293,73,0.35897696018218994,0.2430412322282791,0.001291999,4.317416e-06,3.765895,17.065426,1.0011604,1.1179775,4.0378785,19.5939,-0.03424866308888541,0.03760144206374548,0.19760017,0.028455013,0.25343508,0.037748247,0.53060174,0.068919264,0.676389,0.09460724,0.60309774,0.07426664,0.4162958,0.06530606,0.4687176,0.066325784,0.5861083,0.09582096,0.5345199,0.088908024,0.49087,0.09349512,0.4424415,0.0835508,0.27133378,0.048076723,-90.70428,2114.953,-0.020358887,39.978844,128.03087,208.74472,0.0071825758,6.3605056,-34.75994,161.71117,0.012094722,2.8467593,73.75267,95.28956,-0.0072273915,1.7719723,4.338176,107.43029,0.006196079,1.5543308,28.094246,35.014023,-0.003490769,1.0856162,-0.52538705,56.701977,0.0019439241,1.2993914,17.354288,44.01233,-0.016200483,1.0559932,4.3923717,99.04805,-0.00389396,1.888211,12.312262,43.615555,-0.008920849,1.1799634,2.2717032,53.757328,-0.00040088792,1.6215042,5.6780868,53.54927,0.0031624741,1.1086129,-6.76595,35.620663,0.0067863227,0.9742615,0,metal_metal.00089.wav
0.14660116,0.00037308535,0.023457643,0.0030314922,2141.690492513322,225846.9528306885,0.2777490411566798,1.132521632222705,2217.2939310469565,63622.35416260513,4682.655017959075,806754.3924702902,0.08467257945530186,0.0017842014516467946,89.10290948275862,43,0.12225645780563354,0.13175487518310547,0.0048105973,1.0746897e-05,1.3810254,2.721282,1.1978943,0.86260426,2.3153858,7.6202927,-0.0023978991869697476,0.016988835934959166,0.41205752,0.06324082,0.32182938,0.06178335,0.36627004,0.060709193,0.43396303,0.07869258,0.5041179,0.10067716,0.44096926,0.05469106,0.24577847,0.02294487,0.23734029,0.04499172,0.36324406,0.061585806,0.5306148,0.08005738,0.6493186,0.106911816,0.61609274,0.082447134,-93.49738,904.8277,0.008131095,23.074648,100.659386,375.6877,-0.026285786,7.1958823,-23.380533,225.78468,-0.004572629,5.8640003,52.50738,112.44711,-0.0015902017,2.8925302,-7.760569,47.114037,-0.003921438,1.536143,39.598175,51.0443,0.0022304386,1.4309537,-7.785374,54.78313,0.0056290664,1.6678259,26.740349,34.890076,0.004000279,1.1822436,-12.487709,48.866596,-0.0067398897,1.4417886,11.742273,45.00381,0.0045046513,1.1082164,-10.565209,39.021126,0.006311654,1.1047215,23.035872,61.475014,0.0041082236,1.6037103,-9.969885,59.830097,0.0016239664,1.6383541,0,metal_metal.00090.wav
0.09202337,0.00042443268,0.21691366,0.06099248,2644.7319342112246,86142.09110294822,0.2439244773982895,-0.34719144226054777,2267.869263585866,14207.722477045014,5176.827029768528,127538.27445734244,0.1416529605263158,0.0015872509642301561,172.265625,86,0.1363091766834259,0.22387534379959106,0.01402923,7.096557e-05,1.3686675,1.9956946,1.1606741,0.70302284,1.6452509,2.748887,0.027907383393389676,0.006710806400338464,0.3698131,0.0628432,0.34637114,0.053859208,0.41890505,0.07493952,0.45025635,0.061231606,0.55193466,0.1299721,0.5105329,0.060583863,0.53462666,0.086993724,0.54634756,0.10206483,0.44252935,0.06958672,0.3744151,0.08048067,0.33867264,0.050238594,0.44282886,0.07622197,-104.99307,465.5831,0.01092202,13.198584,80.72677,144.58032,-0.00279384,3.4571774,-28.552366,98.1045,0.025597617,2.8496711,66.82004,68.150345,0.0010530469,2.0034435,-20.720325,78.79613,-0.00050133007,2.5612552,29.137306,42.98149,-0.0050441525,1.3864722,-9.369941,69.00901,-0.0078553455,2.1157846,22.369543,45.677113,0.0016432732,1.5616982,-12.057918,41.40475,-0.011004393,1.4691098,13.606356,23.934565,0.0021503433,0.88825125,-14.747571,24.240543,-0.0013595831,0.84282845,11.06131,29.166786,0.001379632,0.85243946,-15.281126,19.76029,0.000281865,0.64413077,0,metal_metal.00093.wav
0.18827315,0.0031290522,0.048921335,0.23890448,2494.6907215420865,441939.66084498086,0.7091974652296232,0.9275295456148056,2286.853328494449,110869.3755548436,5107.227450627661,1243583.6867131365,0.12822976127128483,0.0035648534258156794,161.4990234375,81,0.35332435369491577,0.29711049795150757,0.0143458005,0.00030748334,4.3384776,28.324875,1.2737043,2.460117,3.063332,10.51508,0.001577835340319336,0.01295515464509057,0.5045969,0.07005011,0.52063024,0.04739588,0.6608678,0.086466916,0.5955782,0.06602542,0.5362912,0.067603536,0.4905864,0.07682377,0.47458315,0.06709232,0.4378218,0.06782564,0.47442636,0.076513164,0.54614127,0.100118205,0.49040478,0.06702353,0.4747045,0.06751974,-51.51981,2991.5247,0.043302655,96.90667,86.05989,732.9199,-0.033192903,23.597227,-20.206717,660.96344,0.028337928,11.516771,58.970734,448.60315,0.00023389232,5.815924,-10.801122,184.54533,0.008364526,3.8833103,27.480377,173.1335,0.0043289824,3.9488182,-11.172437,93.1551,-0.011434954,3.0767899,23.874731,62.066734,0.0076764715,1.8288827,-11.504921,52.311924,-0.02150015,1.9905503,13.226466,62.631466,0.015131202,1.8213559,-8.955628,45.78435,-0.01142027,1.5039512,13.862051,42.14844,0.010024321,1.2344985,-10.686572,36.611515,-0.0086335195,1.1982161,0,metal_metal.00096.wav
0.18598714,0.0027341289,0.620737,-0.3855853,1983.807253341972,334347.2841121817,-0.11669928030926949,-0.467930669131869,2112.6419077583146,65435.81802954326,4243.132675690547,1218984.361433767,0.08622283463138544,0.001993814452916027,112.34714673913044,54,0.25026455521583557,0.28114253282546997,0.00706203,0.00013947929,7.462611,86.548256,1.0712137,1.0620053,3.4957178,14.852394,0.02451518597687076,0.010331917549836516,0.5876701,0.09139756,0.4875163,0.04520064,0.5231128,0.078371264,0.44369432,0.048947506,0.45918807,0.07453609,0.44240785,0.08718598,0.43161118,0.05448016,0.43006754,0.060404632,0.48725018,0.064499326,0.59452194,0.12075733,0.46717674,0.061822418,0.4792524,0.06520956,-82.282776,5144.464,0.07747255,35.855717,98.49113,302.1455,-0.025527298,8.018376,-16.738886,756.8123,-0.024652148,3.5372677,68.66047,141.2912,-0.005774647,3.3272667,1.2162554,88.303986,-0.003926126,2.9643295,30.079098,50.24624,-0.0064872648,1.4102174,-5.497851,70.67258,-0.0013425136,2.102214,24.603739,63.836506,0.0021445479,1.2334602,-10.6767025,54.6088,-0.004737605,1.4897949,14.590627,34.530476,-0.008229191,1.1055981,-8.084763,55.98857,-0.005790481,1.2263299,10.190588,39.619854,0.0030160157,0.9386421,-8.665434,45.215664,-0.003728165,1.0834681,0,metal_metal.00097.wav
0.2621848,0.014847614,0.64168334,-0.5371978,3702.8854635411776,1404144.216033173,0.2898783257992403,0.46982816293571217,3431.7652914710566,179532.8723430808,8073.092849778686,2676488.1558394986,0.14947377491292568,0.009821225371157528,107.666015625,53,0.5466213822364807,0.46475154161453247,0.054392092,0.0032596197,1.6507926,3.0226927,2.035554,4.5384865,1.9233582,4.41194,0.012177174276548379,0.004809861156772696,0.44671386,0.114203475,0.36245218,0.079529695,0.36247054,0.08328467,0.41833925,0.10491816,0.401082,0.0836863,0.5121838,0.13739836,0.4129821,0.07665749,0.51174915,0.11160379,0.4596612,0.09899912,0.35643578,0.08284787,0.36798134,0.09153604,0.34133902,0.068503894,-59.20022,5430.62,-0.03698794,287.71918,45.284454,1440.9619,0.06609451,52.98122,36.85454,896.0288,0.026220508,34.917625,15.688846,494.86542,-0.012608723,19.838959,15.645448,334.39343,-0.0062038065,10.779333,1.6771076,329.30814,-0.025311766,13.601018,7.296503,219.73012,-0.015627902,8.460075,8.813865,187.25998,-0.01340282,6.9577985,5.821785,188.80191,-0.006052165,6.9800377,7.9876547,147.95538,-0.0033788888,5.565417,-2.2813497,113.36688,-0.003228716,4.138544,1.899664,108.332016,-0.0043575293,3.9948492,-0.9193109,116.27206,-0.015135152,4.408187,0,pop_pop.00001.wav
0.1395381,0.005970095,-0.30486643,-1.1977115,2290.0939618688594,550260.8847384902,1.034859707330444,5.235744029699278,2435.9130382797366,198053.37136594148,4747.946289818354,2633372.691712145,0.1067775100377322,0.0024532834407069285,172.265625,81,0.28950974345207214,0.5537297129631042,0.025018048,0.0006617376,2.1453385,7.019516,1.2429607,1.350316,3.2199256,14.913456,-0.05932760135556027,0.028339191450897732,0.26243553,0.038852926,0.43390694,0.1347537,0.26564658,0.04916435,0.2779259,0.099828854,0.21259989,0.06115347,0.21988057,0.035481,0.51577,0.12608434,0.3198749,0.061035547,0.30877385,0.10382837,0.24064785,0.05014573,0.38172668,0.07200926,0.43997532,0.10339604,-113.61487,19911.57,0.1932759,43.02815,90.01259,455.06638,-0.017519755,12.516348,-5.545274,831.9405,-0.03253017,9.020198,25.598938,196.40553,0.01493175,4.724209,2.6070828,101.50549,-0.002961695,2.7110925,3.191098,148.26843,0.0074295937,3.823505,1.1281946,95.4673,0.0005510957,2.1144638,6.146105,128.34167,0.04004963,2.1737905,2.7949553,104.86471,0.008524074,2.3657606,-1.8798654,124.94171,-0.0010368875,1.7451662,-7.122223,89.446785,0.009973371,1.6664177,-3.438989,82.320404,0.0062854104,1.4997443,-5.911558,61.453114,0.0024948954,1.2165703,0,pop_pop.00005.wav
0.08428287,0.0023831022,0.73206806,0.42333198,1968.4148680939138,887164.6500679816,1.0491013392591915,1.4733008143802273,2326.8075276158393,493860.0185641768,4127.175043537151,5241163.42572309,0.08235362144446594,0.0023829124725158954,129.19921875,64,0.27163100242614746,0.5792046189308167,0.009462706,0.0006277824,6.3746953,52.621403,1.1668019,1.0485218,2.8925645,10.3694105,-0.016299562382191768,0.030389845166507685,0.18293512,0.0611077,0.28318962,0.086258456,0.44738764,0.15192135,0.22105569,0.058022037,0.12704962,0.02823271,0.13056651,0.042424962,0.17584337,0.060101617,0.2023902,0.07950226,0.21224976,0.0461593,0.49771643,0.16060951,0.3331977,0.09598031,0.20555478,0.07326725,-224.45668,3679.4055,0.06198131,46.668953,107.30921,2010.2698,0.0638144,21.79136,-1.5672487,691.1281,0.0046143075,8.199857,13.872282,671.1138,0.020097159,6.040005,8.121872,181.81076,0.0018090995,2.8013482,-9.380537,213.93527,0.03418239,4.000037,8.1188,143.55286,0.00613879,1.7510996,9.294743,132.80786,0.029209703,2.0523207,9.100772,114.69618,0.008928658,1.7518896,6.023727,178.49564,0.019185485,2.1269166,-6.655024,178.1307,0.0023357728,1.5763425,2.0732837,200.44536,0.0064597963,2.0767317,6.20431,239.4554,-0.010090183,1.82756,0,pop_pop.00007.wav
0.055772197,0.001237893,1.4854282,3.2066078,2200.818159353026,560876.7400643058,2.0851868513224945,7.117856331682663,2579.8226153004557,209298.75287617184,4627.880349174004,3153449.133142061,0.08711776497194272,0.002852983544586039,184.5703125,80,0.23101679980754852,0.6308466792106628,0.011647859,0.0006151938,4.428229,21.087372,1.0699795,0.47366333,3.3110065,17.185314,0.06638193298581228,0.06247405526822821,0.17320085,0.07214765,0.14521863,0.031464614,0.27990323,0.11899831,0.09805022,0.012803934,0.18096317,0.07069258,0.2936452,0.12713395,0.16607867,0.028508773,0.37123504,0.15333742,0.21482612,0.045132104,0.43331528,0.1627244,0.23642057,0.072279476,0.114822835,0.026103437,-240.68019,2769.0352,-0.030226747,23.129345,97.110596,984.339,0.04216188,16.47774,0.4043789,431.79126,-0.006715665,4.8641915,-0.27214262,351.24417,-0.015953347,3.3153012,-10.481032,199.93056,0.0012086405,1.7887883,-15.73826,135.1338,0.00026571198,2.4349203,1.3897265,150.13074,-0.012349659,1.7892659,-17.87359,166.86366,-0.0023403552,1.3427377,-9.086037,113.11548,0.021902602,1.5366398,-8.767282,89.78439,0.004485829,1.3218789,-14.262856,80.84061,-0.032270852,1.1090763,-5.5038457,94.8361,-0.015804036,1.4034292,-8.367386,132.29747,0.013661101,1.2229466,0,pop_pop.00011.wav
0.17306647,0.0027280136,1.1485722,1.7381816,2150.09960193916,992517.8346679473,1.022159124162499,1.0606027376811458,2917.6235851076035,239593.4619307529,5224.66840714493,6724358.454980673,0.05166068534732972,0.0015857164111452895,143.5546875,71,0.3211568593978882,0.30179381370544434,0.01246982,0.0008548884,4.4029655,21.846693,1.5028692,4.4206734,3.6607301,15.917189,0.04449080658052612,0.0718175396771381,0.54392403,0.13207361,0.37913328,0.06826705,0.32913825,0.10350358,0.2283301,0.046938036,0.24645661,0.060161863,0.32477,0.107879624,0.3158291,0.08911137,0.36038077,0.10022948,0.34733734,0.07205047,0.3785153,0.078876026,0.411963,0.10824233,0.40842533,0.09502562,-161.65387,5098.4277,0.10087047,164.41096,85.56765,863.05786,0.007821746,29.450375,53.276608,471.4261,-0.023628453,14.6536255,32.214943,288.70343,-0.015052863,4.769574,27.192005,81.91857,-0.022369884,2.1308908,11.3000145,172.82887,0.0107317725,4.5728765,7.9000382,97.46159,0.016820077,2.7839284,8.768221,110.81628,-0.011907282,2.352984,1.264154,90.38647,-0.0052844333,1.7440314,13.207729,141.99689,0.0025321373,2.9261847,0.06635958,111.0013,-0.0014555436,2.1717079,4.8254166,62.080944,0.0041687703,1.5579569,3.1071553,85.311134,0.0012511683,1.5477308,0,pop_pop.00013.wav
0.09789306,0.002146487,0.60026497,-0.07289314,4225.57207696346,1638318.1975229501,0.49123571278646494,0.39005767430410865,3404.2190559825003,105274.53556948037,8482.890371789135,2101277.93007339,0.2287370900251548,0.018656447246278088,95.703125,47,0.23592856526374817,0.47327354550361633,0.12581603,0.01142777,0.7266619,-0.5579934,1.7390163,5.5934634,3.1847682,13.59598,-0.012311382517489625,0.015606916774847978,0.4383433,0.08261915,0.49964806,0.10486657,0.3783505,0.060557645,0.4619843,0.08868701,0.48839995,0.09382085,0.35251042,0.0643928,0.38275146,0.10009935,0.39572158,0.07624587,0.48738784,0.10380861,0.39590088,0.085080005,0.3843948,0.081200294,0.45118433,0.09894463,-113.168655,6195.5664,-0.038624562,236.92976,41.58791,878.85876,0.020967962,34.342796,21.516525,622.2775,-0.034014724,20.168585,11.0920315,413.2797,-0.013355825,12.750979,17.440334,237.59628,-0.0069715395,6.611439,0.60744065,213.46516,-0.011246823,6.95343,3.0287583,130.67758,0.02065573,3.8394873,0.08499925,150.66176,0.016653486,4.7843976,3.4571178,149.4336,-0.0013249718,3.798832,0.2907706,92.712685,-0.0065035303,2.5075467,0.61632425,84.2114,0.01225451,2.3724067,1.2550504,74.09067,0.014362782,1.7379738,2.8944304,72.857414,-0.0011832345,1.9354216,0,pop_pop.00032.wav
0.20229456,0.005519056,0.37748462,-0.0149281025,2842.6592905517737,1167674.5396904417,0.44727520324104225,0.8562499552131277,3039.07170084449,334062.5145922202,6479.385820040393,6048136.977695694,0.12498450500677244,0.0074015412350771975,117.45383522727273,57,0.3993704617023468,0.36723849177360535,0.04625667,0.0040475246,2.3516407,6.0408945,1.8912433,5.951393,3.7499044,22.885906,-0.002787907701848931,0.008902617117948815,0.4215069,0.1101578,0.40175292,0.09366374,0.36013383,0.07021981,0.4067423,0.088435434,0.38889825,0.071836255,0.50515765,0.103750505,0.3610691,0.056815736,0.4680158,0.09609178,0.5156307,0.09870289,0.3773533,0.07757568,0.4042076,0.10107611,0.3438924,0.06931313,-71.617134,5438.143,0.020454006,112.880585,81.12306,1129.5476,-0.0033725318,20.75405,16.354357,981.16797,0.0095810015,28.609407,8.951161,399.4624,-0.018333819,7.486752,13.818096,246.55565,0.004160704,8.089046,-0.7370425,271.72333,-0.010505721,9.45077,12.522179,220.77109,-0.016023748,4.9521394,-0.6395545,155.75609,-0.026166547,3.8883476,3.0434794,126.665924,-0.019332072,4.0267076,3.0539322,125.95286,-0.0073677273,3.3346064,-3.2123053,120.289955,0.0054222224,3.2178574,-1.318729,75.582184,-0.029283075,2.364637,-0.6405415,74.003654,-0.02734993,2.279714,0,pop_pop.00045.wav
0.15645817,0.004185571,1.2219462,3.461862,4052.9080128126084,1101870.0989630814,0.4690612680008868,-0.4333858437947167,3426.2290466811096,153276.03121062875,8382.44097919287,2381207.271340962,0.21072586106811145,0.008525120819969775,129.19921875,63,0.5397078990936279,0.4135034382343292,0.097535506,0.0055790064,1.0077012,0.23530626,1.6647465,3.2534773,2.9135213,10.496613,0.03161139114504474,0.0056343302795748935,0.5634833,0.09427964,0.50115967,0.07780419,0.58794516,0.10157958,0.41466516,0.08383109,0.37259468,0.0808826,0.38294876,0.07917521,0.37711632,0.060809907,0.47569412,0.08963981,0.42967662,0.05714662,0.5214319,0.081417345,0.46366012,0.07486043,0.4892575,0.073810875,-52.647747,2849.4922,0.061419707,112.30804,47.78214,483.2145,-0.019438302,11.384919,13.455072,434.15146,0.019556206,12.402954,2.212964,173.86363,-0.01620617,5.3282332,13.251128,139.21411,0.012074918,4.7802014,9.134266,81.423615,0.0049742707,2.629142,14.44742,93.60332,0.0076823635,2.4929488,0.8740357,86.73974,-0.0139587745,2.9681535,9.459478,84.32856,-0.0054978053,2.5291545,7.003329,88.36194,-0.011538918,2.6177073,-0.69286996,58.43969,-0.014241768,1.9761003,1.7286587,67.06202,-0.0015033081,2.1394134,8.497493,69.6289,0.0055859922,2.6215434,0,pop_pop.00048.wav
0.20836648,0.00660453,0.22685301,-0.02518797,3046.2533716891116,1376465.517480041,1.3406877810793876,2.3647976315827846,3095.3837561825076,187152.2872279124,6630.443239950174,3863269.477145866,0.11866519325657894,0.0077434259865791725,143.5546875,71,0.44385942816734314,0.3900255858898163,0.043105748,0.0032618789,2.3556569,6.3489685,1.7938739,4.1927342,2.4848702,7.3866663,-0.013536285092493506,0.014814345703117458,0.45386428,0.08613773,0.5036486,0.106682405,0.41788694,0.097360566,0.3703077,0.07009751,0.41645262,0.105923146,0.3561157,0.07925205,0.37117797,0.09273556,0.33435923,0.06472431,0.40612364,0.07544251,0.46800894,0.11111358,0.40704888,0.08325457,0.4637825,0.10281122,-78.19219,4133.5645,0.056101028,144.4724,65.99185,1106.5889,0.028314793,37.760483,24.57811,940.21875,-0.047557924,29.683186,25.652525,364.64368,-0.06317302,9.837156,13.855319,232.40369,-0.006563011,6.961766,3.6007383,287.57916,-0.034880914,8.908608,16.226242,184.859,-0.01888648,6.1098385,0.5923287,149.97467,-0.010587341,4.131703,3.324616,110.741714,-0.014425688,2.7267983,4.1592107,100.03187,0.0077608894,3.254994,2.7124174,97.10448,-0.00089634093,3.0003848,3.650849,82.71465,-0.008441183,2.5141897,1.3974706,66.478874,-0.0012339114,2.1026328,0,pop_pop.00050.wav
0.1721121,0.009285834,0.6949436,0.6000371,2639.5675895145673,1032150.8945009321,2.434149643712967,7.931923547165564,2753.5281249091677,265108.61052316596,5626.599310057082,4209545.349089779,0.10699670750290248,0.009414117294584393,161.4990234375,76,0.4849677085876465,0.5598852634429932,0.024734646,0.0032524117,4.106519,18.77008,1.6340574,1.372446,2.2592893,7.2621593,0.02702553810419858,0.03248849645568393,0.25954413,0.07980082,0.20856757,0.06979443,0.22572955,0.090160854,0.24282873,0.09391191,0.26498374,0.10454021,0.28519025,0.09176226,0.36383533,0.13490307,0.26663393,0.08264805,0.23229827,0.08161808,0.28101048,0.109309286,0.3092539,0.09841799,0.38862008,0.14392036,-145.92647,4413.9204,-0.10767068,80.84582,62.538258,1648.0956,-0.010281108,33.54214,-23.119223,1786.1254,0.06766055,20.230623,-18.784536,545.2626,-0.003479596,8.343538,-14.779016,453.57507,0.009499302,4.7916827,-28.422892,245.27922,-0.011286062,6.4761915,3.1353073,229.67978,0.022412041,4.197558,-24.941824,266.3293,0.026316315,3.961484,-13.632531,249.57285,-0.046210233,3.8085015,-4.6073146,206.31183,-0.021711795,4.1587043,-24.38228,169.00758,-0.008525023,2.732849,-15.805643,117.857414,0.007450293,3.4652338,-17.45907,152.83101,-0.0072420184,3.4734066,0,pop_pop.00053.wav
0.24088143,0.017005991,0.6291913,-0.20072055,3940.3699016647715,1351620.6525550508,0.8327435819190455,0.8028778441219062,3361.519128820259,98224.01414168101,8259.391723254887,1431148.7577900747,0.16741886670375386,0.0179685639220049,103.359375,51,0.533716082572937,0.5413743257522583,0.08923179,0.0103805205,1.7012203,2.1268468,2.0965672,8.382114,3.0976248,11.408547,0.0007190969035947139,0.009451143029340288,0.4175332,0.07800451,0.41015345,0.08678905,0.36823085,0.069227345,0.35709298,0.07470995,0.32066226,0.06635394,0.31487337,0.060339477,0.3824311,0.0873194,0.48755005,0.09774306,0.57987225,0.1192858,0.53306794,0.106337085,0.5418872,0.104730375,0.4946821,0.09665485,-56.09249,4992.175,-0.058015473,152.13332,36.4675,1156.1233,-0.01435434,29.23504,11.946097,639.6132,0.03415667,25.80291,-6.4412527,483.59732,0.0070225564,13.016253,3.778142,385.14194,0.0057794275,9.680454,5.284106,306.6852,0.021858037,7.9876027,3.3948097,168.03314,0.0132615175,4.440224,4.265147,217.7441,-0.011489306,5.803878,7.9943857,140.60162,-0.0018318164,3.234178,5.8648634,157.2061,0.015414162,3.5433671,1.5974437,111.673836,-0.004509178,2.647441,4.8610067,106.97649,-0.016774267,2.6834657,0.49238077,108.3553,0.0126832,2.5030968,0,pop_pop.00055.wav
0.24994029,0.015160402,0.1744164,-0.8932636,3681.4401607980835,2138141.5756396973,0.5816936116006658,0.1796101563418997,3221.8799814264603,232524.016832176,7566.479246535168,4646360.048231358,0.14563215037248453,0.017104916015670803,89.10290948275862,44,0.5611200332641602,0.4926280081272125,0.060765553,0.0066558435,1.9812326,3.3455534,2.342953,10.30146,2.4865167,7.343194,0.008021611515940372,0.011388851715942838,0.45138267,0.09428139,0.4737771,0.112198845,0.44953564,0.089479886,0.5488292,0.09890096,0.47519526,0.082295135,0.39683518,0.09254302,0.37947842,0.08734168,0.45401096,0.08265491,0.61407214,0.11695647,0.56182873,0.10492945,0.44544864,0.07726033,0.42665207,0.08098271,-80.39475,6044.775,0.012999437,191.57065,35.962208,1682.621,-0.03405812,52.735184,20.407064,877.3901,-0.02366337,32.325535,26.3741,448.03638,0.0006588251,12.29742,17.377409,244.69804,0.0014212227,8.0981245,4.5788965,222.56477,-0.022048458,5.724001,13.493771,160.7827,0.0050650523,4.3702025,3.6242335,137.64351,-0.014220326,3.8865662,7.3223724,137.58702,-0.001589685,3.4184132,5.4769897,140.63966,-0.01643872,3.440971,3.9508405,111.52524,-0.0013832684,2.8126009,5.315598,104.829796,0.0060828626,2.430175,3.5393326,109.33645,0.009021334,2.2629821,0,pop_pop.00056.wav
0.18560316,0.008536304,0.9229619,-0.15354252,3645.428264386335,940537.5445997099,1.0152144339174065,1.806168350572686,3200.6809903898984,98320.5924626843,7658.478690227119,1623039.7826610643,0.159236376499613,0.009655114405874741,95.703125,47,0.4477134346961975,0.49779391288757324,0.06937903,0.005208949,1.8404645,3.4536366,1.7244667,4.9372,2.568032,7.801594,-0.014915078287598598,0.01101417150794556,0.4134342,0.083650716,0.46814674,0.10632838,0.482151,0.11822668,0.38689488,0.070814654,0.4165675,0.113683835,0.3374223,0.052313175,0.46816313,0.111743204,0.3379262,0.057366434,0.32245412,0.061603878,0.3882204,0.09114864,0.40060595,0.0801104,0.4916875,0.11776868,-68.85283,3236.0972,0.1243288,137.34587,40.45953,664.52856,0.0024266257,23.603556,25.35136,326.42044,0.003253953,10.164652,35.76674,292.1297,-0.008359743,8.125989,13.384133,169.43103,0.006239206,5.411517,2.823289,190.49501,0.017433839,6.7462745,12.759587,137.01764,-0.0026477696,4.6084332,4.4823327,95.08032,0.002495333,3.2921047,3.3561134,89.68559,0.003820778,2.8212712,10.0269785,83.72685,-0.002313657,2.755212,-2.3763988,85.378685,-0.000121403034,3.2279048,2.9953039,67.13676,-0.014443275,2.3292367,-1.8001599,89.92658,-0.006531739,2.665039,0,pop_pop.00075.wav
0.24530157,0.008347148,0.75668603,0.53740644,3544.102222217241,936694.1825330504,0.436706736009349,2.1152414451639787,3311.290883340615,157570.60043702103,7780.3862864018965,2651177.181736086,0.14283133586493807,0.006723990483582862,215.33203125,110,0.5102258324623108,0.37245064973831177,0.06056632,0.003224528,1.8394508,4.13455,1.7274975,5.1657443,3.2239645,13.542414,-0.05215590518248907,0.0055462778466867325,0.40097904,0.07473293,0.5073223,0.096742295,0.37116975,0.060722645,0.38732806,0.06483794,0.4621086,0.068164155,0.48245758,0.074484915,0.5710449,0.0892689,0.5056292,0.07568313,0.5106207,0.07450399,0.55972594,0.09744033,0.4581781,0.06843066,0.46458212,0.10982681,-38.28397,4574.1577,-0.0006238506,127.23737,47.806576,646.10406,0.020107336,17.29903,20.052402,405.88403,0.034836076,14.600824,23.84713,289.42624,-0.03478144,6.899182,19.79425,247.0486,-0.01193183,7.0630913,13.66295,240.71297,-0.014869988,7.2965302,14.680732,114.61026,-0.0013636997,3.4945,4.570728,98.94505,0.0056403154,3.542968,7.7149525,79.56972,0.010357567,2.4712167,8.958116,90.21206,-0.00038378895,2.4690459,5.422182,50.366154,0.009535839,1.7238153,1.1428503,42.88832,0.007658731,1.3110831,1.0794238,53.61852,0.008241494,1.6022491,0,pop_pop.00076.wav
0.23102699,0.016227847,0.6088167,-0.6325865,4037.1387197368213,1294271.5925572028,0.5787412170698383,0.07944170602232248,3342.3802388549707,108517.20089639368,8331.432954298085,1911807.513775356,0.2139212310129644,0.013470164978947177,112.34714673913044,53,0.5409933924674988,0.5514011979103088,0.118972376,0.010675354,0.813793,-0.37621927,2.038387,8.424117,2.651798,7.6846285,-0.0012147633151104516,0.004571261418771627,0.45480663,0.09726242,0.40925205,0.064127035,0.48164475,0.107587054,0.44197816,0.087123,0.4145825,0.07257409,0.49291807,0.11998274,0.4205934,0.08361843,0.5071536,0.10819115,0.44390306,0.081574224,0.48041028,0.10932833,0.42294878,0.09406999,0.36677352,0.068685606,-34.20836,5028.125,0.14886352,202.62167,40.399956,936.7774,0.03634937,35.42269,17.508545,494.47485,-0.033320904,20.53151,13.420279,262.75717,0.0012799269,9.139774,13.242201,138.93315,0.010513689,4.8807316,7.449751,118.46055,0.001674562,3.889095,18.18163,124.91425,0.001970899,4.564567,2.7252114,80.477036,0.014481603,2.6325104,4.341069,72.06074,0.012373642,2.5600371,5.8255568,100.14127,0.003740812,3.4387124,-1.1264917,80.08369,-0.007113647,2.5894706,3.1104553,72.201096,0.0072212815,2.3349223,2.4157536,66.426056,0.015258506,2.0607731,0,pop_pop.00077.wav
0.09215425,0.00121836,0.6739218,-0.087919,2246.9436742223184,504708.5665591074,0.9701267813125314,1.6443487356577444,2684.382441764131,196581.70599019006,5155.785490337171,2969259.9907513307,0.08601535289280186,0.0017885455322706222,143.5546875,70,0.17389985918998718,0.3787672519683838,0.026560007,0.0011251468,2.5230405,7.7095966,1.5523815,4.4670496,2.6586492,7.6426544,0.032249222511156236,0.022575196534447332,0.45007583,0.11785631,0.32960472,0.05560243,0.40819386,0.11400413,0.33482286,0.056453947,0.40134668,0.08804953,0.54007685,0.10912407,0.35982585,0.05301408,0.42174911,0.118597485,0.31796008,0.053424682,0.37932044,0.08850526,0.26003134,0.04637944,0.25389624,0.039433107,-137.7343,3874.798,-0.06417619,102.38397,100.24589,625.7499,0.01156641,19.921848,14.380245,400.44666,0.038760696,10.992422,15.406033,342.13187,0.016523499,6.627736,2.3210366,229.60823,0.005136906,3.8222456,-1.0810429,127.61091,0.011204415,2.7021544,-2.1062868,146.11018,0.01420629,2.7300506,-1.6883018,79.518875,0.01451492,1.4839026,-5.310959,126.16284,-0.0037736383,2.3006668,-1.7860941,102.418236,-0.004097825,1.8461168,1.7492611,94.21298,-0.0033320584,1.7417482,-6.1834984,72.681465,1.7387949e-05,1.7989657,-3.035661,72.95553,-0.0076250895,1.3550235,0,pop_pop.00081.wav
0.14298393,0.0019761077,0.5589156,-0.5680132,2489.5187254723637,551450.7817226765,1.2019195461942525,3.337616745300621,2941.953398315093,207143.7419449404,5976.497194272446,3040437.9641084606,0.08429238523123066,0.0016284928037586684,123.046875,59,0.22082597017288208,0.3108981251716614,0.022948993,0.0006557347,2.7050061,10.107553,1.5138133,3.127633,2.158379,4.736389,-0.01368151444305717,0.027862937302278318,0.3337018,0.11270523,0.29101536,0.08556794,0.24711372,0.03870895,0.43192115,0.1478062,0.27929142,0.057846434,0.28227782,0.08683494,0.19827242,0.029889446,0.34563047,0.10755585,0.31662706,0.08147766,0.23179966,0.037152883,0.36623076,0.11944838,0.2532839,0.04538657,-104.480194,2086.93,0.07405291,73.61049,86.858826,509.0768,-0.0310896,12.590472,28.764814,351.51416,0.0250053,9.249394,26.632486,280.45187,0.021512667,6.5229664,8.92728,237.31316,0.0019800744,2.98575,5.6749682,153.69055,-0.005724036,2.674852,7.7600937,97.06877,-0.007906943,2.0939677,0.46445015,96.44498,-0.004614206,1.6717569,6.6306887,77.43086,-0.0066582295,1.3891791,6.567735,98.785385,-0.003386321,1.6873469,0.3748649,86.54669,-0.0073486688,1.6428639,2.1481273,66.46215,-0.0017122108,1.8058788,-0.019554492,72.85341,-0.0071032764,2.0004413,0,pop_pop.00083.wav
0.19524921,0.004489745,0.13110691,-0.34202194,2516.470792666732,1047390.3162319745,0.4914794709032877,-0.013076082695398394,2465.6477387315485,392480.6601190937,5087.802568087268,4505782.696465525,0.12209374395317338,0.0058905545079611776,117.45383522727273,54,0.37187567353248596,0.3431796729564667,0.053697508,0.00626229,1.7137834,2.2713199,1.9911864,7.881606,3.4281414,14.967451,0.053629578063688746,0.010844317110082512,0.35919902,0.09326676,0.39586666,0.06469252,0.5567699,0.10123212,0.36906734,0.07939525,0.4038643,0.09047342,0.37988937,0.07647203,0.4661208,0.084956996,0.5862569,0.12977615,0.49189556,0.07007655,0.5583165,0.09895993,0.38575715,0.08509378,0.37270337,0.09057986,-81.77412,7155.6763,0.09231972,278.49753,78.61027,1695.6482,0.02345528,75.53433,-17.259521,1093.3381,-0.034084283,37.02192,24.511812,301.44543,-0.0052095433,11.304005,8.407545,270.8496,0.032326423,7.4075856,2.1394157,197.97105,-0.027106604,6.2283998,5.5201373,222.52472,0.0031775169,8.563704,1.9375865,115.48301,-0.0060845027,3.14863,8.799318,123.74754,0.0030327847,3.5819643,-0.12426635,99.18606,-0.00917421,3.1653757,0.49599558,70.276726,0.009798649,2.5671246,4.6444793,64.38006,-0.00048438314,2.5815494,2.3900964,77.663376,0.001854674,2.9434233,0,pop_pop.00085.wav
0.23498398,0.016909147,0.34892127,-0.8236623,3510.9050874030086,1324390.7306854809,0.40670362218415135,0.3572747244403258,3148.756579982847,175709.52722697772,7257.272782931018,3791531.8341683582,0.17202050176567338,0.01114531350851203,99.38401442307692,49,0.5479223132133484,0.5533788800239563,0.09496156,0.010803844,1.3598524,0.9702234,2.0515032,8.768442,2.8885708,10.080777,0.001704326929102369,0.012989596517948655,0.3662849,0.07002874,0.43759742,0.07064858,0.5712706,0.108773515,0.444595,0.07992023,0.41623053,0.086183235,0.40237305,0.08849007,0.42823398,0.085802466,0.42742708,0.09687438,0.38597068,0.07566325,0.51193976,0.10654203,0.4056249,0.07767325,0.38038796,0.0825437,-42.693623,7995.664,-0.010309769,212.83264,54.883503,1113.9312,-0.09480902,34.312107,17.062796,444.7405,-0.0773619,14.911973,19.764273,335.2279,0.028627528,9.746224,6.852341,195.76744,-0.011269461,6.7318416,2.7809703,258.0227,-0.042804256,7.346955,11.819721,157.06737,0.0063246456,4.5757384,1.2046977,123.354225,-0.0019750462,3.8033433,7.937689,94.06055,0.00594897,3.0926254,1.1394514,96.96604,-0.013298673,3.267394,-4.070462,70.7184,-0.0016483899,2.2715368,0.13647905,62.939495,-0.009430416,2.0715063,-4.237748,70.176056,-0.0062331725,2.1452346,0,pop_pop.00088.wav
0.22054876,0.0116100665,0.27759767,-0.6991596,3401.249354065667,1253485.7188319718,0.3210669110957427,0.599720833595927,3070.3687389281936,215557.52811384675,7052.965685014754,3878161.979192254,0.16573936060855263,0.009786342948563462,99.38401442307692,49,0.5134930610656738,0.4885541796684265,0.085361,0.008267794,1.3852488,1.1257839,1.8676373,7.3748207,3.1626582,12.363566,-0.006598000614970881,0.006811457425097439,0.36996588,0.07125838,0.43097955,0.056847505,0.61511415,0.10475934,0.44912532,0.06990483,0.45393708,0.106291674,0.45747748,0.09572743,0.52363515,0.10355922,0.41710532,0.084908,0.35866633,0.06015451,0.45694923,0.092356674,0.36740732,0.06282203,0.34525877,0.06605025,-47.680904,7985.1533,0.020712418,290.72043,55.537453,1223.5873,0.012109405,41.561005,19.180065,634.8521,0.07432003,19.744284,24.482796,324.3659,0.002890657,10.417968,4.040499,165.78438,-0.0049020187,6.015978,1.544257,279.52908,0.002768118,8.945566,6.9667015,154.98976,-0.005105379,4.806536,-1.0456506,125.041084,0.0019354587,4.90796,3.0835586,120.886536,0.0144321015,3.8390667,1.7954347,83.86639,0.003920821,3.1723497,-3.034847,99.14352,0.0011708456,3.4941463,1.9343288,83.820854,0.015835408,2.5836523,-4.678583,81.91914,0.01699325,2.5110328,0,pop_pop.00089.wav
0.09249553,0.0018328779,0.8120478,0.12247777,1797.7378474250522,426680.53225782746,0.17620905385464244,-0.1645131015845065,2104.02885904113,152097.79747920722,3933.7762129934213,2540444.9036837844,0.07510234254063468,0.0017764614759566818,103.359375,47,0.2013043910264969,0.46285614371299744,0.005643797,7.668682e-05,3.1394782,12.042592,2.3365605,10.980069,2.4035716,6.4079733,0.018973059683333616,0.01037983562130083,0.38086626,0.0741468,0.37542185,0.0890857,0.44507417,0.104138635,0.3489432,0.06402433,0.44481504,0.12768021,0.3966124,0.08339063,0.47146347,0.110364154,0.36179137,0.07285099,0.24817006,0.05415401,0.23138031,0.05595617,0.3063,0.053631403,0.521729,0.1324315,-189.09314,6346.035,-0.04491286,245.42159,110.87003,718.66174,0.04274664,32.470757,2.979664,633.21375,0.0020990209,19.294786,48.320145,319.75952,-0.039022714,13.205514,-6.453072,193.79994,0.005286912,4.3530374,20.774403,241.148,-0.015222839,9.998305,-12.589023,168.49529,0.010836647,4.45329,15.881579,140.84962,0.002340029,6.170163,-13.616239,131.08533,-0.024376122,4.2446833,9.417158,127.07508,-0.007905123,5.283037,-8.058568,87.978775,0.016699217,2.2493026,8.089275,90.385185,0.00013320144,4.119102,-10.65448,102.159515,-0.01677031,3.3909376,0,reggae_reggae.00002.wav
0.10032728,0.0024952586,0.026375722,-1.0523505,1798.0488056686847,396781.27035763604,0.5818867447130088,1.1357239436894346,1962.990102429137,160562.99372275814,3798.452031280234,1992403.4751085723,0.07302147832817338,0.0017257936275351898,161.4990234375,76,0.20724357664585114,0.49789610505104065,0.005214585,9.8291865e-05,4.4507694,25.814629,2.0188768,6.0979457,2.1613042,5.3964415,0.049739872454424065,0.011699371441455077,0.46683657,0.12265174,0.37356493,0.07905159,0.40663493,0.08534569,0.48649785,0.11537877,0.38443762,0.09011011,0.34326953,0.10302635,0.35378098,0.080722645,0.48540324,0.1294447,0.2556482,0.04565314,0.2099106,0.0433773,0.2820437,0.07177761,0.32072127,0.06731917,-176.55972,5402.0327,-0.092983805,186.5513,116.62899,808.63873,-0.01919544,28.569944,-21.079325,530.4878,0.009594723,18.527075,38.508446,244.83565,0.01823761,8.468161,-5.2077804,359.28094,0.018758157,10.928764,26.324575,186.55641,0.016647339,6.957992,-7.9190435,189.68639,-0.010722506,6.5938907,15.529805,105.28541,0.0040780096,4.0741997,-10.264909,112.55047,0.01046745,3.5059712,10.839505,118.29582,0.007323453,3.997938,-9.837412,84.18781,0.005280462,2.9873476,9.7428055,85.014626,0.009438916,3.0354805,-3.08582,87.60322,0.0010657834,3.2580805,0,reggae_reggae.00005.wav
0.13922025,0.0028325187,-0.25434566,-0.44818807,1638.406363828406,575826.4328054046,1.1057597934734458,2.7435071260628545,2046.1117548558907,210388.87881914602,3595.819923235536,3318010.967970241,0.05679746456559598,0.002283815204343635,129.19921875,60,0.25934505462646484,0.3822821080684662,0.0031129,3.5203444e-05,4.763679,31.574768,1.9326179,6.4488335,2.5555649,7.751808,0.027657998662514602,0.02233757743424682,0.3331313,0.075142294,0.3346996,0.055887215,0.5405132,0.13768433,0.4351306,0.09253922,0.41843396,0.11122788,0.33129182,0.08048575,0.34498796,0.07586873,0.39527956,0.1280063,0.315689,0.08125898,0.31866017,0.0788773,0.30537203,0.06777406,0.38862124,0.110163,-177.5801,6045.6294,0.012819957,243.5373,113.50008,829.20337,0.030372176,26.87992,2.4499233,498.3541,-0.0046189777,17.640564,35.67572,338.04626,0.00018373806,10.39391,1.7234688,262.33682,0.0028026274,7.987067,34.549343,153.22153,0.007187533,4.488058,-8.639749,263.14764,-0.006400792,7.976803,16.180063,168.71284,-0.01489742,5.0895796,-9.208566,180.75958,0.0013770836,5.4337063,14.061448,125.74899,0.026090099,3.7771893,-1.9725555,151.41298,-0.006478094,5.5397353,13.039714,131.72675,0.00071054196,4.267847,-7.1541595,128.27417,-0.011973243,3.6980011,0,reggae_reggae.00020.wav
0.15508056,0.0039096945,0.4101598,-0.21439219,2007.2675434638716,275551.70456421986,0.47290973036403056,0.340919012722114,2120.5810124360673,101356.683522695,4324.907181211301,1298715.7091956367,0.0928444877128483,0.0015855977121821958,151.99908088235293,77,0.33354878425598145,0.40319401025772095,0.0074367016,8.3115774e-05,2.8102348,10.637325,1.2618304,1.3350499,2.5962865,8.556511,0.03553610330312649,0.016681857363043773,0.38293514,0.09216512,0.36188045,0.07487699,0.46226817,0.10891987,0.40197134,0.0823033,0.40369678,0.097211644,0.3980596,0.086424634,0.42876953,0.08320289,0.5011115,0.11641733,0.37734172,0.06629968,0.35870197,0.08253341,0.29664433,0.053687643,0.33339763,0.06557119,-87.93432,1518.2148,0.10047587,57.654564,109.21933,441.9027,0.019713819,13.710539,-24.960978,313.17508,0.019973766,9.092124,40.21208,153.60439,0.0011957393,3.1415517,-8.58058,135.9822,-0.004881248,2.6825552,24.51164,149.12749,0.0046759243,2.6573997,-11.3480835,148.64725,0.011271653,3.9227405,18.314266,77.04229,0.031724248,2.531171,-8.106991,80.16414,0.018614098,2.3827085,16.856909,63.78628,-0.002091758,1.855898,-8.2766905,74.64703,0.002118363,2.3161976,9.6349125,50.354805,-0.005316509,1.7311431,-12.7579365,54.07481,0.009124524,1.4165423,0,reggae_reggae.00021.wav
0.12678887,0.0029835163,0.3776206,0.92299676,1709.392277348199,598975.879799261,0.5435370982087621,0.9106868803813484,1900.2070162561347,271747.2931763613,3585.194987483069,3112732.548961556,0.07375994702979877,0.0026430414355985282,123.046875,58,0.34784579277038574,0.43080732226371765,0.0042449813,8.794859e-05,4.666528,27.789118,1.921211,7.7131,2.8296733,9.2568865,0.05389596122168531,0.030831913084759296,0.36500013,0.11171973,0.2983745,0.062121313,0.4162077,0.116170876,0.36543992,0.07722992,0.44293204,0.117303915,0.38178697,0.10775605,0.3225721,0.06514912,0.42506644,0.12250708,0.36558217,0.08547011,0.33456928,0.10124712,0.27108145,0.06149719,0.35171187,0.09066024,-177.02748,8106.6284,0.29749304,232.50102,110.63854,995.6948,0.018867215,28.848478,-15.394278,1000.51953,-0.054484274,32.655937,36.54803,301.50504,0.025176084,8.140281,0.27435058,363.73715,-0.018383933,7.886312,24.30671,186.72432,0.026514413,5.9820747,-3.607887,264.0402,0.01640477,7.6347704,18.267239,184.35037,0.046045456,4.8684444,-3.222513,204.61153,0.02330939,5.9190593,13.633626,106.640564,0.01616049,3.527885,-1.9595851,91.85164,-0.006179902,3.1015372,8.48684,94.954834,0.010582377,3.1870906,-5.8074923,105.48167,0.0023847253,3.845138,0,reggae_reggae.00025.wav
0.08001429,0.0031701596,1.4864984,1.3343349,1812.0895885840828,656540.3523679405,0.8959777362224096,0.9572053560497511,2165.847258497389,183255.23886365606,4119.391757268286,2883322.052842157,0.05922337582236842,0.0020159024824745707,86.1328125,41,0.24729003012180328,0.7036764621734619,0.005282262,0.00012333525,4.250167,23.685482,1.7623631,7.4970055,2.8523715,9.540577,-0.022892934938087348,0.015155772913242254,0.4755915,0.11176119,0.51817477,0.10799896,0.38613066,0.0876699,0.31050593,0.06782814,0.34729475,0.06883822,0.43128484,0.05255091,0.69523835,0.101912156,0.49793318,0.071587175,0.3459203,0.035347987,0.4227613,0.08529385,0.32999036,0.06101448,0.4373374,0.14215222,-236.68596,5499.8716,-0.09555125,185.42336,91.77761,708.42725,-0.00047666,16.695398,1.7261056,603.02795,0.018819453,14.043773,45.526875,196.85457,0.010808847,5.0636716,1.1893555,265.1021,0.033363707,5.4849935,32.340916,228.8869,0.007993183,4.4558525,9.020707,296.1938,0.014799247,4.916614,19.65283,198.52794,0.0126091065,3.1634803,-5.124505,112.23665,0.023095125,2.1103246,10.984882,160.10205,0.015048524,3.1614635,-4.045015,89.34128,0.019430675,2.2635415,7.5743747,102.08877,0.0007131535,2.8331563,-0.37167704,111.970345,-0.0059734667,2.4590173,0,reggae_reggae.00036.wav
0.1092913,0.0021303173,0.33602405,-0.3009286,2477.8487934498585,622611.2547000586,1.2981311069478676,3.082300991324894,2309.737115789057,84882.4624298675,4759.6462190704815,1269896.979597521,0.1149788965750774,0.0049254850528198816,143.5546875,71,0.2523133158683777,0.4223150312900543,0.026818562,0.0015628812,3.2658954,13.207659,1.8992393,4.6700068,2.5797246,7.8297787,0.039115978262806765,0.017083395483956057,0.40923363,0.12164434,0.32146335,0.076082505,0.37062386,0.1227352,0.30479833,0.07675859,0.31706887,0.07022263,0.38922808,0.11083539,0.3491206,0.06911362,0.4689762,0.1407914,0.34868494,0.08633001,0.2940162,0.08136212,0.2452423,0.061591014,0.29127038,0.07080381,-140.32204,4130.6074,0.004150039,137.55382,69.63895,1095.5415,0.011944163,30.368107,-9.993495,634.7258,0.005188815,19.473,52.172195,426.39627,0.0021098643,8.336001,3.267057,319.7256,0.0005987392,8.242063,4.5599217,150.15558,-0.0021753502,4.223333,-3.4986494,183.8385,-0.010833585,4.038404,2.924211,156.83629,-0.010194932,3.7396905,-6.569625,145.88332,0.021116076,3.9223568,-2.6405005,130.94925,-0.007966476,3.1596432,-1.7350228,100.28117,0.009795637,2.8694239,-6.944532,96.10951,-0.007837652,2.1373293,-5.825339,85.27356,-0.0024119911,2.2279413,0,reggae_reggae.00047.wav
0.12016346,0.0015486472,-0.2222145,-0.7417772,2672.989698785444,833784.2694454474,0.5587739033186646,1.097222505282324,2549.580032560315,122473.31912819268,5607.341093175552,2026396.3645621808,0.11121247944078948,0.005035315048273094,89.10290948275862,44,0.19863595068454742,0.327494353055954,0.030748468,0.0016560374,3.2789607,15.1473465,1.9245608,5.159045,2.2988658,6.0928993,-0.029361925191841075,0.014336012348029267,0.32328922,0.056355756,0.31371963,0.08321934,0.3328315,0.08027183,0.43562633,0.09920639,0.26844838,0.0435912,0.28846315,0.07467012,0.40783322,0.10723708,0.44370282,0.09562616,0.5797624,0.11714784,0.40670747,0.065735124,0.37397498,0.07110141,0.45945677,0.12716879,-123.755585,3879.676,0.16107875,158.57573,66.21693,1022.18384,-0.045926142,35.882515,8.166326,475.4022,0.011296249,16.750036,49.77042,294.28265,-0.01203228,8.188908,8.533821,227.18904,-0.0005752221,6.794316,25.891571,193.44635,-0.02040146,6.826413,-5.3955684,166.11372,-0.010186021,4.8863597,12.896989,96.519455,-0.009457982,3.257844,-2.5441391,72.643906,0.00043183123,2.5080876,6.7980585,80.21735,0.034293406,2.9516761,-3.5784726,74.58014,0.016699359,2.1403813,7.636533,65.60295,-0.0003619397,2.1581917,-2.058138,54.345577,-0.011869981,1.7782708,0,reggae_reggae.00048.wav
0.1328669,0.002228563,-0.32746062,-0.57116246,2322.9222909934624,557274.8428030586,0.5225892535801939,2.164467316199775,2804.187504315102,268271.5336498011,5452.050365530669,3426460.280923848,0.08073307190886223,0.002423000127706405,95.703125,47,0.22126105427742004,0.35530033707618713,0.021249646,0.00064149685,3.1147554,12.425443,1.5170698,4.4945397,2.9821856,10.056925,0.01544677604835503,0.018198431831803055,0.49484503,0.11062588,0.4935285,0.09605704,0.3936283,0.06178763,0.51968724,0.1308774,0.39380926,0.07357552,0.31196988,0.08774,0.25458065,0.05347266,0.32135576,0.06878087,0.38822943,0.09089543,0.2527214,0.04987757,0.28746778,0.07258589,0.34084103,0.06699839,-121.49468,4112.364,-0.038858023,230.68861,89.578766,739.5401,-0.0126266,23.984459,23.786652,434.30118,-0.005526364,15.441951,32.768795,335.00504,0.021580856,15.770756,8.857884,139.2426,0.014662498,4.2670517,-2.616766,113.7828,0.006304952,3.7313192,6.62929,81.2406,0.00465459,3.1379144,1.7655838,54.953003,0.002971096,1.8088564,-2.951243,55.219093,0.008723466,1.9478586,-3.0993106,57.18975,0.009581576,2.0043757,-0.69713235,44.532097,0.0059459372,1.4971416,-5.428871,41.89255,0.008486075,1.2951198,-6.547552,43.809917,0.008731066,1.621021,0,reggae_reggae.00049.wav
0.1900299,0.008372718,0.6489735,-0.20871162,3288.4162076521397,1509798.0885050078,0.4423213533968081,-0.5987516296787008,3252.773248456645,220010.3511820274,7285.089281395124,3869231.6192078,0.13414317978424922,0.00969887471003989,99.38401442307692,50,0.40987205505371094,0.48151659965515137,0.06098246,0.0050342893,1.542308,1.8070621,1.9544197,4.861353,2.6669054,9.543734,-0.028766043434126146,0.004382821751211871,0.44597402,0.06595354,0.5753962,0.07524759,0.48882368,0.06549823,0.49573746,0.06699414,0.63962644,0.08486588,0.6643813,0.08363676,0.6325493,0.097064495,0.51506376,0.08657374,0.4368772,0.06506457,0.38835862,0.062256355,0.34741887,0.053628124,0.39610404,0.0743328,-85.29137,3300.07,0.11913883,142.69699,60.93814,1176.7324,0.0771248,50.26317,34.778454,594.71814,-0.05327846,22.814796,19.8122,418.2233,0.026882986,16.837383,16.717413,333.48712,-0.019732727,11.009833,7.966041,202.17274,-0.009807929,6.7805214,9.319819,130.79228,0.008361186,3.8606672,11.370512,118.005005,0.007920805,3.8402863,1.3865842,135.02888,-0.031229373,3.861124,-0.08900777,90.03705,-0.008103737,3.0910084,6.4104943,92.306694,0.006884711,3.2325745,3.6262512,72.89291,-0.0016552523,2.0739732,5.6755614,82.23771,0.0044036577,2.699857,0,reggae_reggae.00052.wav
0.12639114,0.0019685451,-0.23416708,-0.601393,2672.0117970796637,823551.3687486607,1.1753639069408668,1.8083199733573734,2716.910588387405,203545.88777493685,5700.557196177197,3189819.303289845,0.1174176573384288,0.0037724602592254346,151.99908088235293,73,0.22056794166564941,0.3510395586490631,0.050249532,0.0051031834,2.5475008,6.8051844,1.6162884,3.9140065,2.7472847,8.777395,-0.011561926239883466,0.016626103173931088,0.4145503,0.103667915,0.34848478,0.05693034,0.489818,0.104254924,0.36284417,0.089294694,0.34260172,0.06852766,0.46583623,0.1047627,0.3025482,0.05970209,0.29273474,0.07957433,0.2668419,0.0531838,0.38612577,0.06716005,0.49931142,0.11682248,0.3400173,0.05748874,-93.5129,3895.7036,0.12994331,173.76553,80.18114,754.2067,-0.015240521,29.540018,-0.30130407,398.5446,-0.006558417,12.545747,15.262989,346.93475,-0.0031484398,8.684118,4.349487,275.70844,-0.02902532,5.1608443,9.055906,132.36649,0.019418627,3.3718486,1.6955683,317.50925,0.0082388045,6.907703,2.5520186,117.27065,-0.0011075089,3.4678304,-4.299669,119.43119,0.015213893,2.8543487,1.0030255,125.10172,0.0004180415,3.2399151,-1.6967735,88.00233,-0.0011401192,2.3323805,-2.9976702,71.789955,0.014531863,2.088989,2.2541208,75.779175,3.960221e-05,2.4584935,0,reggae_reggae.00059.wav
0.12912735,0.0026538156,0.84551936,0.81500673,1629.3493216135835,335394.3011776749,1.0392075401141874,1.4424540502348737,1886.6032003269963,148014.35717955048,3259.14695905089,1427853.271881011,0.06710805981520898,0.0012798390377096764,161.4990234375,77,0.2865023910999298,0.3989487588405609,0.0088840965,0.00033431896,4.3122387,25.419577,1.8056242,5.6124988,2.6796885,8.015373,0.03052498137525351,0.009662765844075787,0.29633734,0.06711233,0.29253912,0.06659337,0.41687155,0.09995133,0.43365997,0.08655748,0.59010434,0.11804718,0.43728814,0.08340064,0.33328167,0.0642836,0.3905659,0.11277918,0.3467524,0.07726133,0.4317555,0.10662419,0.33197677,0.07357612,0.36922276,0.08760294,-147.09303,3535.0742,-0.01428977,143.10811,120.09878,953.7387,0.005519489,44.830215,-21.596334,430.01703,-0.018871102,13.463643,39.64607,337.6143,0.02667257,8.204549,6.945943,177.42366,0.017170304,6.0628614,15.089511,167.0216,0.020000676,5.3930974,-1.0105803,195.05716,0.019017054,6.048751,15.948948,121.53094,0.008100668,4.2126694,2.539013,127.04394,0.027738258,3.4525025,4.5142984,118.1411,0.0064474274,3.8159883,0.019672288,109.54973,0.020252528,3.1754124,4.333851,95.89221,-0.003305111,2.7811978,4.636433,68.3754,0.021100448,1.8957716,0,reggae_reggae.00066.wav
0.14007354,0.001969168,-0.12732176,-0.5703261,1729.159045568605,271712.28104957193,0.5087050990552437,0.35495633111613234,2362.401957437644,195761.13880873183,3519.7703830967007,1933631.7092137102,0.06049774453366873,0.0010582487131982107,83.35433467741936,42,0.21686364710330963,0.3168000876903534,0.009820989,0.0001966278,3.8193178,22.304691,1.5128036,3.1661863,2.2799504,5.296198,0.01867657403633174,0.009847870899737137,0.33724824,0.07346555,0.3449186,0.0659119,0.46567962,0.12181186,0.38556916,0.07162203,0.4195242,0.085287474,0.41266692,0.094902486,0.39071733,0.090757065,0.4315489,0.12533888,0.4436367,0.087170474,0.49602988,0.11067855,0.31708324,0.056880828,0.30872634,0.05603087,-132.95485,2455.8474,0.13484444,112.54501,117.09704,561.6723,0.01290125,18.321108,-2.8018708,322.39218,-0.027974261,14.446201,22.526316,207.19714,-0.012208247,5.672894,25.925472,180.90405,0.019565191,4.6945095,0.28796986,128.53624,-0.024105214,4.5744424,13.507864,107.299805,0.0020870313,3.4053555,3.4004035,87.175415,-0.0111580305,2.9925737,4.522435,60.10374,0.0027266522,2.1581328,0.54078734,70.59466,-0.0046013664,2.3897305,-0.07376553,60.838768,0.004534808,1.78616,5.0985208,46.449383,0.0008907119,1.5895369,-0.1578116,48.48125,-0.008757571,1.845613,0,reggae_reggae.00067.wav
0.11652956,0.0015189168,-0.2415453,-0.61140704,1778.3107361462405,330284.1521416433,0.6801972857922973,0.40270260633741684,2174.1015700697258,151647.17098223369,3822.0518885751258,1443373.4432809597,0.0609187548374613,0.0013174229317500113,143.5546875,70,0.19909439980983734,0.33444973826408386,0.009672349,0.00015205184,3.38823,18.489437,1.45783,3.0580568,2.5748277,7.577877,0.013765559526965397,0.015517488662979539,0.48918828,0.094042495,0.37235227,0.07849422,0.35099572,0.096582845,0.32981408,0.063173376,0.37823105,0.10012016,0.2971437,0.055152472,0.3323504,0.07830922,0.37202373,0.09483155,0.37419862,0.07635167,0.474496,0.12577048,0.44976467,0.07079322,0.52592504,0.09818756,-151.77591,2670.9072,-0.061193123,89.673096,105.12508,750.4329,0.046038616,19.012611,-6.16684,497.38043,-0.0010804953,12.552578,47.947273,197.10777,0.015217042,5.1523285,11.3443985,231.08882,-0.01340445,5.775941,15.088191,99.8445,-0.000107746746,2.7704682,11.636163,112.76596,0.0021481055,2.5189538,6.6084924,107.15301,-0.0052936394,2.2483926,6.8173676,59.63051,0.0018568692,1.8425583,2.3960967,57.504868,0.0029340817,1.4595935,-1.0348611,47.260036,-0.0030148309,1.3619715,-0.221041,42.41144,-0.002949781,1.1738702,-0.64167035,45.512207,-0.010374319,1.6092724,0,reggae_reggae.00077.wav
0.05672615,0.0010728701,1.1693573,1.4231291,1366.0566514934026,468295.8086555554,0.914005083198837,1.8850318943611617,1736.8705369238512,185442.99582746165,2562.292839499081,2600731.414801344,0.07120024973393962,0.002748506773402438,129.19921875,64,0.1794310063123703,0.5774179697036743,0.002717875,8.5383195e-05,10.589054,125.80026,1.3666223,1.557063,3.1558452,14.8347645,0.021283935685819256,0.05752909266013048,0.4314399,0.118721366,0.3116565,0.05353303,0.37193903,0.13584687,0.22282249,0.040043056,0.31665727,0.096781775,0.38883182,0.12850711,0.23525076,0.039399285,0.31768546,0.10303735,0.30969676,0.05905749,0.45176002,0.120086595,0.30100617,0.0841333,0.26238543,0.06122034,-285.99277,7578.095,0.019601237,68.73125,138.7125,1417.6171,0.05689849,17.747766,19.923168,1003.7272,0.008655861,17.509682,35.25457,437.90585,-0.010375451,6.050392,-7.9982963,337.9312,-0.024944216,4.287077,7.0822124,156.83229,-0.0070849257,2.662847,5.4080205,260.49365,0.0017423453,2.9957843,-3.2087789,81.9342,-0.019381916,1.853361,-1.1567664,101.65383,-0.012118857,2.1304493,3.2045615,104.931946,-0.007934438,1.8376245,1.4928784,127.14585,0.01513416,1.7512327,-4.0349684,120.85665,-0.013905995,1.9236403,-6.335201,148.833,0.017899144,1.722407,0,reggae_reggae.00083.wav
0.11420175,0.0012994731,0.1415048,-0.47259927,1788.5785371689421,426860.90968480246,1.7385149375831743,5.938717226572512,2121.0709831755275,140199.2290712397,3820.251899459414,1688560.335271033,0.0760241056743421,0.0015132782760147398,198.76802884615384,98,0.20749695599079132,0.3156537115573883,0.010586725,0.00028455022,4.0571365,22.632944,1.9279369,5.277549,2.4384263,7.5746107,-0.03456592481986463,0.02283982778821476,0.46041247,0.08608122,0.7097299,0.10918561,0.412965,0.058850482,0.27717376,0.09592902,0.2317204,0.05786716,0.32553926,0.108839005,0.20543668,0.039221,0.20709535,0.043231707,0.3061634,0.08067033,0.2642095,0.061522577,0.23752171,0.06863264,0.23188022,0.04991616,-150.90833,4208.9766,-0.13262527,154.70064,111.75897,839.2328,0.007782511,31.510847,2.9145453,460.66574,0.032413505,17.850286,42.735317,203.83011,-0.0030943055,5.4906235,-3.5949247,251.78642,-0.0031796019,7.374498,15.150657,97.7812,-0.014934773,3.508416,3.453047,125.32163,0.0026649793,4.3745866,0.1899056,94.37948,-0.0067737964,3.4541402,-4.7179976,91.67543,-0.0067558438,2.6997502,3.8574696,91.408646,0.010167837,2.8514094,-0.88930774,67.46789,0.0042346925,2.4150434,-5.3509784,60.68161,-0.008446391,1.9452522,0.6887112,68.90796,-0.011476284,2.474245,0,reggae_reggae.00084.wav
0.207836,0.01289618,0.31132755,-0.81135607,3296.2366979497965,2115216.877716841,0.4835778904429261,-0.4088814046696947,3064.6457586017,219613.9374319301,6909.099888284878,4943749.208899569,0.12188815184791021,0.011996999647348386,83.35433467741936,38,0.49630191922187805,0.5463988184928894,0.059853137,0.007218865,1.729161,2.0726933,2.1031454,9.131506,2.704037,8.192323,0.030175188845178513,0.02886439501192647,0.4433221,0.1093862,0.3730884,0.087054454,0.410148,0.122010484,0.38666028,0.09267207,0.44266886,0.13110475,0.26324564,0.057808354,0.2780714,0.05798494,0.40508902,0.1112532,0.36558056,0.09510428,0.41573945,0.122635715,0.39485016,0.08579487,0.4717497,0.10371397,-110.206055,6230.6094,0.11196237,247.61172,48.545788,1531.4087,-0.053095285,45.26892,29.647493,452.1296,-0.013074668,16.867798,18.446861,429.99225,-0.013904019,10.84541,-0.4712445,211.37614,0.0026623693,5.514899,4.654197,215.61508,-0.018580347,6.937968,-2.26747,169.58524,-0.0078029926,4.807042,-6.5899005,162.77155,0.00046519525,3.6872487,-2.1531608,142.66203,0.005272494,4.0569983,-0.15709731,133.94873,-0.008984287,3.3390067,-0.6837417,107.39976,-0.0023338727,2.266119,0.54255635,137.15564,0.0025895785,2.967462,1.9000796,112.13973,0.009158044,2.6277409,0,reggae_reggae.00087.wav
0.06881428,0.00093534164,0.40916947,-0.25619006,2314.5174349370322,312964.07573113206,0.8392754796595573,1.318008503471635,2180.540664118302,134250.2798635809,4561.055753253193,1253667.272611861,0.12389607621420279,0.0023222890613059165,143.5546875,71,0.15230149030685425,0.4444332718849182,0.022570387,0.00076868304,3.341611,17.194527,1.5186397,2.5019226,2.6196947,8.88579,0.02286359593752997,0.013634637691713442,0.42888215,0.09173176,0.38625824,0.07445484,0.47762704,0.10938191,0.37830907,0.08072852,0.3402002,0.07541766,0.38053662,0.10542118,0.35207942,0.075650245,0.39809364,0.092884466,0.3261011,0.063920364,0.459363,0.10163776,0.4190286,0.08972984,0.42955202,0.086780645,-159.93922,2633.7703,-0.016379144,93.262314,92.810036,631.31146,0.010970384,20.037529,-28.71023,548.4502,-0.03026246,16.354216,31.465416,267.6724,0.0031702379,6.655037,-6.612146,370.23645,0.0010305964,6.000089,12.6390705,124.821594,0.014291557,4.1112523,0.8521099,123.20961,-0.012823697,4.228929,10.959489,116.62143,-0.02319843,2.8026009,-2.0734313,95.62826,-0.0038640397,2.3238428,3.6662545,74.64835,-0.011803259,1.9511567,3.578501,89.93476,-0.030240664,2.1610847,0.3234031,55.270233,-0.004134276,1.5543107,8.5479555,75.16326,0.0141894175,1.8430922,0,reggae_reggae.00091.wav
0.16214441,0.005089097,0.03755287,-0.51307297,1629.5467425793945,511423.0356696187,0.23172182388205273,0.18230610973593286,1578.6784614128553,85263.10691554337,3183.047419214396,1427556.5449140011,0.07962461300309598,0.004151230155299029,89.10290948275862,42,0.3127457797527313,0.43996527791023254,0.0033570044,4.9552982e-05,9.77676,136.40282,1.6676533,4.2027326,2.1900156,5.1529026,0.04957663571764922,0.021972586469119475,0.38067928,0.09921404,0.32077244,0.058802854,0.39420378,0.09416951,0.41314203,0.06919822,0.5369657,0.12117127,0.51504505,0.087624155,0.54736763,0.09323958,0.5210247,0.111708544,0.37128228,0.07341119,0.3119074,0.061141714,0.2939078,0.06833222,0.38905537,0.11323916,-167.0041,6869.496,0.062409546,245.61623,116.6376,747.5388,-0.030956699,25.307528,-44.184216,903.307,-0.03649116,27.942307,70.4991,230.12988,0.022272727,9.499336,2.320409,391.65335,0.0036460238,11.809703,16.015848,131.02866,0.002222888,4.553077,12.503376,157.39711,-0.027379349,5.7019362,4.102176,120.61251,0.0033650803,3.919827,5.3274775,99.95606,0.0007343152,3.27386,4.524417,84.13932,-0.014349071,2.828794,7.3070564,71.1302,-0.008475081,2.243904,7.5861735,63.01557,-0.01902427,2.2208679,2.9067514,58.34807,-0.009941718,2.0006537,0,reggae_reggae.00096.wav
0.18010515,0.0014873486,-0.14881235,0.55287194,2466.3599417449,453606.72605129663,0.12031547318766171,-0.3410449076563711,2006.3236454276218,30974.558559637113,4722.721442349555,638929.4871049116,0.13959817325367646,0.004168615494133062,117.45383522727273,50,0.24860268831253052,0.21413134038448334,0.021243092,0.00088023965,1.5823933,1.1919503,1.6322329,3.3925161,2.297239,6.1174927,0.02160188798086237,0.01316140085517649,0.40617573,0.076886185,0.42151025,0.044471137,0.40876028,0.07173149,0.4890249,0.08516316,0.5997826,0.06774033,0.5455923,0.08549119,0.37312078,0.054547247,0.35859698,0.07673945,0.34530059,0.049840566,0.6541123,0.12499739,0.30755565,0.05278931,0.26521865,0.03914721,-67.137,2821.7322,0.026863426,100.11793,80.72852,958.3732,-0.0055182963,32.456192,-43.872223,308.52734,-0.026745291,5.585372,57.72374,69.00188,-0.006991424,2.499237,-12.790788,67.28586,-0.013571305,2.7672815,33.59315,70.328354,-0.009710093,2.5619974,-7.733577,55.1797,-0.0093710795,2.0897481,14.124598,54.20581,0.007506677,1.979064,-1.2324413,69.05706,0.0043484606,2.9396806,7.420012,46.541893,-0.002770241,1.8755203,-2.0353792,41.794647,-0.01066416,1.0764556,6.110021,47.774223,0.0047549736,1.5376487,-6.631726,43.396652,-0.0076301666,1.2775319,0,reggae_reggae.00099.wav
0.18011443,0.0035744475,-0.6342819,-0.29616857,1676.323935323658,209509.8531837465,1.4357380089011265,4.305039660307157,1654.1327369713745,81111.9683374968,3255.863645571304,728540.0389316961,0.0873173102505805,0.0013233245741404742,112.34714673913044,45,0.279077410697937,0.3319372236728668,0.0021826616,9.763963e-06,3.3289301,15.319056,1.1794231,1.4302145,4.2993746,32.83536,-0.02576670311845409,0.030474231729014024,0.3062833,0.06978775,0.4451718,0.12042385,0.43600526,0.07351185,0.52232134,0.11851025,0.29733977,0.05215796,0.21668935,0.051135868,0.27584338,0.07181641,0.30966944,0.08837952,0.435351,0.10751551,0.33466247,0.071073376,0.31196862,0.08516885,0.2349452,0.051550344,-98.47661,2698.6177,0.059912574,75.02052,136.75752,671.7618,-0.025082171,19.373388,-46.89424,341.62225,-0.0038019097,9.434787,46.656998,255.80788,0.031866655,4.9700365,-17.330925,213.9995,0.008599844,4.708014,10.690522,147.16573,0.039984267,3.5630753,-14.74727,117.10921,-0.012554863,3.0641432,16.712093,113.33575,0.023081442,2.3015368,-12.475351,98.691246,0.017654112,2.0434463,3.8379247,86.08037,0.023068735,2.1542637,-12.785208,88.11536,0.014200944,1.9672186,3.0730762,78.91995,0.005889734,1.7691137,-12.620058,64.630264,-0.0011631992,1.2902025,0,rock_rock.00006.wav
0.2608034,0.0009213705,-0.24116118,0.2315259,1717.4527878468537,47293.61481975941,0.31542473705096696,1.097647848900123,1842.327892463905,32635.483069049606,3363.2713294250675,434269.8993622279,0.08497605456656347,0.0003096726585855254,89.10290948275862,45,0.20078520476818085,0.11638685315847397,0.0040356107,2.4062967e-05,14.767672,303.1544,0.9788066,0.24102946,3.1150563,14.269632,0.02074526530334785,0.018701499825557556,0.3645426,0.062290184,0.47852224,0.0946079,0.4000848,0.07028605,0.3673061,0.061384857,0.33397043,0.07149926,0.29189426,0.05123546,0.3887874,0.08256126,0.5205497,0.10609089,0.4793242,0.05584065,0.5319328,0.12425234,0.3870165,0.062269617,0.36432037,0.07754511,-14.989317,586.87775,0.0032347497,8.634844,138.48602,194.24327,-0.007600878,3.862437,-41.966675,71.17871,0.0047965366,1.7900047,22.134975,97.23391,0.005048107,2.366071,-18.73286,57.099674,0.0026153012,1.1640506,32.05281,36.991016,-0.0011885978,0.92351806,-20.428635,40.51117,0.0047655734,0.93460166,15.742972,43.952316,-0.0051139863,0.7531122,-17.413216,50.456486,0.017321376,0.9224634,14.909582,19.184889,0.00047056004,0.5242065,-8.951731,25.679403,-0.0026520563,0.6287241,12.29851,36.793518,0.0061729094,0.64541304,-5.864754,35.14727,0.0013444497,0.9055357,0,rock_rock.00008.wav
0.05356691,0.0011255124,0.5626412,-0.14656305,1935.6820592515073,917265.2855915948,1.5078806816922927,3.4172934810693336,2008.1755965361185,183019.0316548765,3985.5675664848586,2668242.1722311364,0.08361362894253097,0.005567427046628354,117.45383522727273,57,0.1794205904006958,0.6262944340705872,0.0068606627,0.00012983227,3.2449973,14.930281,1.7776114,6.6515355,3.116986,12.1980915,0.009084310635633516,0.016342843644502385,0.38233706,0.089202054,0.2925411,0.06421856,0.30353358,0.08122727,0.3123716,0.07893757,0.3482545,0.120040625,0.3534125,0.08819024,0.49608356,0.108448155,0.47833937,0.10503038,0.3860099,0.09844403,0.3094383,0.073745266,0.39467046,0.09264105,0.5062213,0.1381134,-256.7928,12536.504,0.03415122,245.27032,103.41265,1343.3994,-0.022996979,47.161167,-8.607176,653.9794,0.018182311,22.59465,48.75895,361.4117,0.029881058,10.138564,-4.323166,427.86377,-0.005831524,10.658673,17.487942,210.7842,0.016156806,6.850195,-6.772385,282.57526,-0.014739294,6.433081,17.128384,189.2734,-0.0061096805,6.8776584,-4.7062697,191.76761,-0.008473582,4.555477,5.4279637,109.92403,0.0016794788,3.6478012,-10.116433,133.04982,0.007763185,2.524611,8.342993,98.65359,-0.012910848,3.299939,-6.2768764,88.992645,0.0050075557,2.393839,0,rock_rock.00014.wav
0.18004145,0.0012302373,0.03195276,0.2683537,2444.230445212348,372723.22574959084,0.38724776575183223,-0.3570756966081876,2433.3811643969216,110210.36688496362,5170.318735789958,1221804.182956514,0.11151708833204334,0.002257322102793966,129.19921875,62,0.21609342098236084,0.19481481611728668,0.036792256,0.0013821889,1.7859797,4.1170473,1.272276,1.7437336,2.3148327,5.9662943,0.004792079576410793,0.014532098184405684,0.5660507,0.11819571,0.50319004,0.0668722,0.5091809,0.09924347,0.34558123,0.06309333,0.3494284,0.067095384,0.36486766,0.06936617,0.41386315,0.075716585,0.46804792,0.10701709,0.3371461,0.05214691,0.38951844,0.07240685,0.3453341,0.056357227,0.42156878,0.07425193,-42.45107,1373.863,-0.02775096,56.426773,85.07729,534.14624,0.044205375,24.507729,-7.405842,308.90594,-0.039287236,9.178134,40.71859,121.97177,0.010036794,3.4342983,-1.0176351,75.60964,0.0069454736,1.7870038,18.933382,83.60627,-0.0081166895,1.8634706,-3.537648,55.732124,-0.008540066,1.3090014,5.8709354,40.634712,-0.0040654605,0.94128907,-5.022481,42.110767,-0.009009212,1.1607176,4.2439814,46.950657,0.00428545,0.9121744,-3.1751678,43.59663,0.00012407878,0.95873195,-0.5744826,44.536625,-0.008359502,0.96554875,-0.5242544,42.520863,0.0072007435,0.9272207,0,rock_rock.00029.wav
0.19114989,0.0007806573,-0.50522417,-0.047607183,2792.823262946615,282123.37666299724,0.8580776339229391,0.5892297607083994,2649.4349945099434,82781.40632520182,5841.281345237519,1244156.2993019843,0.13535708022929566,0.001494907246842008,135.99917763157896,68,0.15254473686218262,0.14616930484771729,0.04315606,0.0010693937,1.5941645,2.3815494,1.1515753,0.50675267,2.342053,7.7056837,0.037720094441072084,0.020994499287345723,0.50609183,0.08336011,0.33677286,0.049050067,0.31155127,0.07325413,0.3029492,0.044972174,0.45625734,0.077637896,0.56036407,0.08962524,0.46297178,0.06982189,0.4461616,0.08940032,0.43386906,0.070020884,0.4942098,0.08637967,0.3182301,0.047644038,0.3698753,0.07381873,-27.901775,665.0757,0.05700166,21.63555,65.47048,335.07483,-0.041478977,11.004857,-7.3478155,254.56767,-0.0011034484,7.48348,33.75527,173.12119,0.02823532,3.424888,11.090573,94.15278,0.009888863,2.104629,14.669198,75.02615,-0.0044295746,1.9824094,2.1385782,78.644485,-0.007707285,1.7903732,10.037922,37.99937,-0.0071926345,1.162054,-0.23017517,47.953804,0.0053667226,1.2996038,10.183999,52.601585,-0.0029264356,1.2614151,-2.764988,73.33439,-0.009131704,1.5235398,3.1554964,36.55103,-0.00822484,0.8516568,-1.6488183,39.915688,0.002620162,0.8821162,0,rock_rock.00034.wav
0.13986833,0.003392236,-0.08464996,-0.29650402,2739.7242719057867,408268.40713645,1.3495257407976158,3.8105975792762345,2541.7757192427803,168163.9600063777,5328.576112162587,1983547.7349855716,0.14401613595684984,0.0026557285162496884,89.10290948275862,43,0.2897392511367798,0.4164123833179474,0.0576031,0.0034166113,2.699268,10.513943,1.3775406,3.0168016,3.7954552,20.455145,0.03190489288236746,0.011325590160190321,0.47228453,0.09904934,0.50839543,0.085005745,0.47669968,0.106699966,0.41314328,0.08400704,0.41237903,0.09231051,0.30962408,0.06642568,0.3532412,0.06778445,0.4825329,0.10049578,0.41922924,0.06447677,0.5113995,0.10965443,0.3351552,0.05819697,0.3449515,0.06577927,-62.108143,4708.601,0.026906766,159.46143,75.86564,526.3069,0.030162398,16.80655,-26.76111,425.16418,0.020013198,13.134202,18.271288,204.8883,0.0016678317,6.546714,2.4588008,81.296425,0.027431527,2.711774,5.8277955,72.90484,0.0070130657,1.9929025,11.577729,112.922,0.015244642,3.2067266,0.004752428,71.158745,0.034743756,2.487793,8.688936,81.626465,0.0098721655,2.2620766,5.515175,58.223927,0.010295485,1.7032622,-0.24287403,38.836792,0.004474687,1.1396646,2.4119709,53.192543,0.013638242,1.603869,-1.7363242,51.13117,0.0017839083,1.5645918,0,rock_rock.00043.wav
0.13889802,0.0019803338,-0.10002699,-0.05834222,2998.1201910974637,542938.916831278,1.3692301571951802,5.622590354871626,2691.5720536505455,138694.9192493389,5961.072287544746,1997241.9082603753,0.15627305352650928,0.00516215458004265,107.666015625,50,0.25692635774612427,0.32038575410842896,0.062375344,0.0027838566,1.8637831,4.1420655,1.1906723,1.324022,3.766627,20.525517,0.021029434003749015,0.013519348135701211,0.38647237,0.08159759,0.41458446,0.08973696,0.48051032,0.08985393,0.45820618,0.08898708,0.356306,0.054628905,0.39928126,0.070096076,0.40724885,0.059249915,0.54270506,0.10814889,0.57864296,0.09565888,0.4997607,0.07502112,0.51324916,0.090923816,0.45124775,0.07870202,-58.28345,1855.8303,0.033316493,58.719646,62.511913,687.51294,0.05295479,21.093199,-12.64982,334.53192,0.05230837,10.194225,31.941322,274.10797,0.036002606,6.0092697,8.109516,107.12825,0.015706329,2.268812,2.2547803,124.56628,0.038626906,2.393339,3.8999197,174.89963,-0.010530968,2.9560907,1.4511491,105.16867,0.00411969,2.3291874,-2.7209914,88.89032,-0.0030517313,2.0946298,1.0924454,84.94851,-0.011348684,2.405285,-0.4647526,35.3883,0.0035814021,1.2421583,-2.3850687,49.101627,-0.0066273916,1.2133491,1.2387446,52.55105,-0.017933054,1.5108385,0,rock_rock.00047.wav
0.16164236,0.0021978489,0.09248483,-0.6438215,3030.516445446526,754263.3030059829,0.8250812627122147,1.2479356025774493,3055.702938997507,85881.39884115901,6734.334278401945,1710829.0804025528,0.12080614780863003,0.005799682288703515,172.265625,85,0.2368779331445694,0.2900305390357971,0.06315844,0.0049855076,1.7273598,2.9587688,1.3984934,2.7287695,2.7652135,9.674975,-0.041618695675417934,0.02013862298140526,0.28436148,0.05452012,0.42807016,0.113841996,0.34105268,0.045439057,0.5338471,0.13579941,0.32834774,0.06264237,0.31144184,0.077561475,0.32822567,0.07556403,0.40450054,0.06273403,0.64337695,0.10049669,0.3679338,0.0657481,0.25725284,0.0561134,0.21453923,0.042489074,-66.33018,2342.0796,0.036259282,91.30684,66.780624,575.41235,-0.0065228255,22.963137,25.192112,351.4442,0.0010203104,7.965469,26.30124,133.2151,-0.0012377999,3.2514725,5.2806535,131.1918,-0.00010444062,3.1222072,10.467217,76.85865,-0.0021405271,2.1753764,2.4719675,85.85956,-0.009409567,2.0811768,0.7676303,70.90868,-0.0049689095,1.7958455,-0.355657,65.78788,-0.014182974,1.918582,1.7445458,70.060265,-0.005647991,1.6373936,3.2289534,46.498257,0.0011957777,1.1291187,5.0290136,55.841972,-0.0063957777,1.4834714,-1.9458977,52.69338,-0.009322553,1.3263717,0,rock_rock.00051.wav
0.17570029,0.002060689,1.0138073,1.7854066,3303.5602333415727,461830.73923299037,0.3623557587234155,0.17391495258166767,2913.684197947316,77414.30406098304,6718.109376511707,1254162.726064409,0.17756581970781735,0.00465614840715804,135.99917763157896,65,0.32335612177848816,0.25836503505706787,0.113203384,0.006158223,1.0009136,0.44752192,1.1728753,2.2978644,3.512277,14.092182,0.018056264773279842,0.012025685363179184,0.40810844,0.05420832,0.37982532,0.052613556,0.42787275,0.061420206,0.5167474,0.04966093,0.77367586,0.0672277,0.50605536,0.052849606,0.4792419,0.069721945,0.4380255,0.062007513,0.45364848,0.05887845,0.4863165,0.09802509,0.45228308,0.050441705,0.5397679,0.079872854,-7.8447614,1581.0057,0.038822822,58.676823,59.518066,341.00018,0.025242377,12.539935,3.649682,229.7101,-0.02850246,6.581437,28.993132,97.83369,0.0006703622,3.2055204,4.148675,70.62181,-0.012634654,1.5904862,10.274309,44.67751,-0.015725767,1.3807559,2.5486238,75.48404,0.013814797,1.0051985,7.5893593,38.74486,0.008096263,1.1331685,-1.3896213,39.283672,-0.013672713,0.92110157,2.9582152,43.72836,0.004355359,1.0894479,4.051591,36.8822,-0.0006947082,0.8109315,-0.7557826,31.918125,-0.007952503,0.91371584,1.0580069,27.98452,0.020534918,0.7277799,0,rock_rock.00056.wav
0.051195823,0.00018203039,0.47690636,-0.5043473,2426.4010682621315,1143581.8950009486,0.9963552968899816,0.3129816708023223,2928.762917942551,329431.18961491284,5649.0741741546535,6166005.7288856255,0.08657090508900929,0.0026854689774441355,117.45383522727273,56,0.06492574512958527,0.26353445649147034,0.021049611,0.0008359848,2.5812345,8.092462,1.2280358,1.9044843,2.6520243,8.121399,0.07025022436585905,0.05180861674789511,0.31223914,0.08039314,0.3072564,0.05660162,0.51892024,0.11952149,0.31708145,0.037869073,0.384325,0.109281324,0.2424964,0.04204758,0.31346133,0.076498754,0.3638693,0.09478448,0.26967293,0.033858757,0.32307878,0.10580977,0.26644444,0.036987096,0.45578182,0.12950382,-219.12534,2113.2498,-0.000740314,57.346508,94.336525,1078.1288,0.01851453,36.2668,42.813194,428.12006,0.0089880405,10.715081,16.099419,290.3445,-0.010224089,3.6596944,9.494652,132.68369,-0.029157573,2.269857,12.899045,94.71217,-0.014415769,1.7277757,7.7331233,60.06336,0.019780789,1.2430351,2.396418,51.17008,0.0009940778,1.3853872,-1.0253434,62.010902,0.010752584,1.238458,-1.9485506,51.37559,0.0031866524,1.202851,-1.9801116,46.60539,-0.01437027,1.1675298,3.1512702,52.309258,-0.011097716,0.9398024,-0.8773776,34.81984,0.015727032,0.8548599,0,rock_rock.00059.wav
0.05309551,0.00036525528,0.8931736,0.778631,1712.1037941266536,1533999.5134880852,1.4121818458233641,1.5199601050845768,2311.1425162642117,686681.9748500268,3483.8456003289475,8312093.174960018,0.05585000241873065,0.0027943367271531937,75.99954044117646,39,0.10034802556037903,0.35994860529899597,0.010149969,0.00075144076,4.739246,26.98913,1.4145802,2.3668032,3.2858105,15.02919,0.060335078412346234,0.048861190802652214,0.46264213,0.14236753,0.3571,0.07667085,0.3943523,0.10938669,0.33596686,0.08148354,0.32640526,0.100359395,0.29365286,0.09372952,0.28023273,0.05659352,0.42182973,0.11535073,0.33729473,0.09711349,0.19871162,0.0476943,0.22844015,0.07668855,0.31849718,0.063762575,-302.6199,7816.4395,0.0068908017,120.18431,116.065475,2533.8198,0.010117992,62.265503,44.728294,713.0419,-0.054215476,16.98771,25.973206,531.4553,0.01416411,9.198617,18.752672,293.2862,0.012962624,6.2406387,7.569156,179.693,0.0026507282,4.2367945,7.34812,148.57887,-0.0065691206,2.7530797,4.0267415,95.65107,-0.014536955,2.34961,-4.185998,144.58463,-0.02076407,2.5918705,0.85335255,134.16808,-0.0049658744,2.4905117,0.9435729,177.87746,0.0295486,2.5013118,2.8281882,96.58831,0.015321368,1.8714014,1.4088117,127.151726,-0.009793733,2.159647,0,rock_rock.00063.wav
0.054096293,0.0006452551,0.97562057,0.6261146,2512.2887405188512,392859.97037207277,1.0068364322796066,2.6134434273459206,2245.8712552254906,87590.18302978612,5134.577285246953,1140176.3650745486,0.13915335357004643,0.0036248639916535877,172.265625,81,0.14791002869606018,0.4695676863193512,0.0067472635,5.792654e-05,2.2980902,6.146325,1.5323516,2.7947311,2.2408886,6.431261,0.01980282345168181,0.02822592371532105,0.2946299,0.055533525,0.3417107,0.07366745,0.37304774,0.101553194,0.29901615,0.052549645,0.38148797,0.107839614,0.23842722,0.047843996,0.30659252,0.07701067,0.34667307,0.0954535,0.4463975,0.07657265,0.5789648,0.11280149,0.37819862,0.049757395,0.4434907,0.11645155,-202.39206,3487.5845,-0.0144693535,83.087296,75.434586,565.58417,-0.021676673,22.99086,-14.430408,538.4016,-0.023318447,17.5756,66.53123,257.9379,0.008453791,6.566059,-8.50465,193.8285,-0.00760568,4.021509,24.59102,136.43375,0.01784022,4.047231,-16.451822,142.71239,0.00048008127,3.4938004,17.325378,86.96622,0.014009508,2.5914066,-21.478872,95.02491,0.008155541,2.524489,4.1577973,132.48668,-0.0007327378,2.579687,-19.969908,76.73477,-0.0117037725,2.3835886,0.6603899,64.732285,-0.0004986964,2.1092143,-4.694397,78.40236,-0.013923309,2.134387,0,rock_rock.00070.wav
0.16539967,0.002369974,0.094935104,-0.19405413,1933.6420313529309,422364.5035717298,1.3682558641404563,3.5449456853111787,2211.46414529427,96069.29581500764,4359.6236379523025,1775492.2962281718,0.0817530959752322,0.0026510659996293565,103.359375,41,0.27329885959625244,0.29433178901672363,0.0060665486,6.6645494e-05,2.9303465,10.764084,1.4610766,3.7435143,2.7040856,8.13331,0.028163163479061087,0.020975781097655192,0.34381407,0.068909526,0.30101734,0.049927898,0.4405615,0.11607792,0.35105422,0.05409419,0.37221247,0.09347663,0.3195283,0.048549045,0.469969,0.093399845,0.48635542,0.08657512,0.37082055,0.062522404,0.5190422,0.11169942,0.43603057,0.08430345,0.43448424,0.090157956,-95.37254,2889.469,0.046221983,100.77728,112.497086,588.5843,-0.03876013,17.862314,-2.1437128,415.7838,-0.023819167,9.403851,47.129192,206.19785,0.024027558,4.513709,-10.433406,115.92033,0.0033973348,2.9768384,29.840897,84.53349,0.0031549798,2.2759695,-15.183689,64.92432,-0.006665534,2.0696766,20.225723,48.98989,-0.016612114,1.5701767,-12.748719,52.314156,0.006288853,1.4332073,16.55375,69.2083,0.014536118,1.7445065,-7.9108367,46.95443,-0.0073495293,1.2970126,11.925382,49.4823,-0.01168689,1.1510426,-11.236593,42.496975,-0.01485107,1.1645861,0,rock_rock.00072.wav
0.16924305,0.0021814543,0.17283902,-0.46414828,2224.3838778277754,293155.97336619295,0.8337954875296836,1.794484868466406,2287.841341155277,53217.322356289245,4920.361913911329,933077.485234863,0.11006358238196594,0.002450938303245354,95.703125,46,0.2531139850616455,0.2759702205657959,0.009699248,9.3863106e-05,1.9313751,4.276263,1.4243879,3.1356893,2.20562,4.835612,0.023388232828261808,0.009659931415477772,0.44429427,0.08659321,0.3671221,0.03951218,0.60391337,0.105480395,0.39170521,0.047547378,0.46128586,0.08262573,0.49966156,0.08431573,0.44972464,0.045782614,0.64328223,0.08505946,0.4200965,0.044676967,0.4085988,0.06673829,0.40682852,0.07248963,0.422693,0.06153171,-61.509106,1820.9508,-0.010965605,52.37696,103.356415,352.58612,0.02887988,11.919535,-16.713593,179.0261,-0.026918553,4.3968973,49.06213,118.31804,-0.030392531,2.8792953,-14.597514,65.78046,-0.013254095,1.8721882,31.522957,69.532715,-0.02628116,1.7093385,-17.034378,66.99111,-0.011048163,1.6640409,24.43703,43.029427,-0.013585548,1.0338125,-14.311529,55.2368,-0.004411734,1.1376905,17.820963,68.40905,0.0028267305,1.3189629,-11.49714,38.8456,-0.010163666,1.0384657,11.299983,46.388042,-0.020708343,1.056839,-9.650779,40.132896,-0.00927793,0.86596507,0,rock_rock.00073.wav
0.14591207,0.0023012904,0.30016655,-0.3577206,1659.3906477187702,509123.5899907537,2.19079083903447,6.3552916302337845,1952.9000068772946,114296.47753672933,3581.211678236262,1878736.896779114,0.07120591863390092,0.0029268830440176705,95.703125,47,0.26165810227394104,0.32877177000045776,0.0031270818,3.065717e-05,3.9991798,19.265612,1.2489197,1.9159514,2.9140506,9.813982,0.002638977289145683,0.0401434103337715,0.3744227,0.10686729,0.35697508,0.07829392,0.30254284,0.08845647,0.28885564,0.07060986,0.41209087,0.120503314,0.31065685,0.070499115,0.28889233,0.08733029,0.24015102,0.049889196,0.32995462,0.076884836,0.48071903,0.13523103,0.36798626,0.07973149,0.37829125,0.103491485,-132.37344,2252.727,0.023714857,77.19179,124.688286,816.2651,0.007967527,21.996439,-9.690428,321.27637,-0.02810842,8.581254,46.475246,182.97108,-0.003666153,3.6425166,-6.290078,231.5761,-0.026462091,5.1793237,30.539495,155.81496,-0.027193088,4.2369285,-11.136646,121.97072,-0.019741688,2.863501,20.41276,71.56897,-0.01057486,2.4117403,-11.220096,64.84364,-0.009352098,2.1443012,9.371265,95.37308,-0.01684859,2.6631238,-5.8276916,67.39395,-0.0039511085,1.7226298,7.8165483,79.23031,-0.011283135,2.3639293,-8.72256,71.52296,0.008580914,1.7963331,0,rock_rock.00076.wav
0.12870106,0.0019176058,0.1744548,-0.22826505,2188.148322248112,237499.42678763918,0.3379699622832014,-0.015060183990866616,2351.0560286076566,86038.88234340359,4990.803154629451,1272700.1082665916,0.10627184416118421,0.0017429091860654785,107.666015625,53,0.22564339637756348,0.34024950861930847,0.008985363,7.5133445e-05,1.988563,5.180784,1.5486535,4.3619046,2.5811327,7.3395815,-0.03594605567355619,0.016631746057762187,0.37904996,0.059734322,0.4135064,0.07084976,0.4297353,0.0755927,0.40827787,0.05640358,0.5583283,0.09665789,0.4570973,0.06159551,0.50538754,0.07922931,0.545144,0.11178785,0.4708386,0.066248156,0.51449394,0.1046527,0.35009,0.033865653,0.46721703,0.07852578,-103.884865,2899.338,0.027164495,84.97491,101.874565,349.20166,-0.04692938,15.04806,-10.29464,426.82788,0.02154699,13.3705225,43.63143,157.7054,0.0018104119,5.361235,-11.477443,135.59186,0.012100701,3.1733832,26.890423,84.422485,0.020343168,3.2234333,-9.972129,105.74661,-0.0073559335,2.9764845,24.980423,50.212418,0.0029318791,1.6799014,-14.183279,51.345516,-0.0001772609,1.5750277,19.6748,59.36053,0.0041366867,1.7373062,-10.520395,48.805103,-0.009819075,1.8111156,12.634596,48.781487,0.0010403565,1.351592,-12.674977,45.44898,-0.0021446652,1.1230204,0,rock_rock.00077.wav
0.11668011,0.00078798685,0.19178332,-0.7333231,2149.0156152388363,253672.3678134708,0.6505685733932206,1.5899830900412226,2107.372613651031,72295.27464403895,4479.231248034781,980667.6246909979,0.10912556840170279,0.0015304160281041854,123.046875,61,0.15855497121810913,0.24058173596858978,0.008474705,6.0862432e-05,1.7895479,3.6271224,1.3241663,2.0754952,2.511086,7.425668,0.05666758315159154,0.021737720351933314,0.27771384,0.06569954,0.31654763,0.056007043,0.4824008,0.103237435,0.30783612,0.045988217,0.35864627,0.105088316,0.32079768,0.05870388,0.50005966,0.10243608,0.58396953,0.1188594,0.31795296,0.046707496,0.2970672,0.07566457,0.2573315,0.047364596,0.33630309,0.07945798,-91.34225,1776.0692,-0.005847113,76.21878,112.03604,397.70764,-0.011227574,14.568992,-27.276588,247.3654,0.0153635265,8.255435,47.937447,92.31734,0.009155764,2.1428378,-19.535067,83.728905,-0.003021463,2.641567,27.664062,61.850826,-0.000620976,1.923358,-18.499828,73.10747,-0.0005935648,2.1164331,17.378838,39.740856,-0.0050696144,1.1430231,-13.103386,70.36189,-0.012258414,1.6979189,14.376365,51.32619,-0.011913542,1.2093409,-15.170599,46.275383,-0.0025539997,1.0259912,11.473855,43.239883,-0.0009075034,1.2268189,-12.530194,36.06935,-0.0049087955,1.0429585,0,rock_rock.00079.wav
0.07625615,0.0022927246,0.21723421,-1.1935098,2521.7090433173116,590148.3096577732,1.716804797691952,4.437096719276653,2133.7529904027974,105490.06629614567,4830.504123935759,1550748.3367283412,0.14633244848103716,0.005618954760279936,129.19921875,63,0.1925051063299179,0.6279153227806091,0.015132304,0.00038280545,2.5686345,7.005924,1.4460908,2.7210007,2.420068,6.9390774,0.00645715933496985,0.018858518535742233,0.29268482,0.05332726,0.39171177,0.07420424,0.46145138,0.114076376,0.3887553,0.064823136,0.4897326,0.11248432,0.36665595,0.068446964,0.39074224,0.10494075,0.2981231,0.06347085,0.35726014,0.065870896,0.5127659,0.11624531,0.37416992,0.06343955,0.376299,0.09924418,-160.1264,10938.699,-0.022619832,103.10039,88.73972,941.92145,-0.04072718,31.487125,-35.493305,814.80884,0.010983522,13.798464,47.51281,396.7529,0.021083402,10.702809,-12.633587,183.8439,0.014685527,5.388598,17.321833,142.32983,0.0039984123,3.851733,-19.15705,138.06381,-0.0046155946,3.7943523,14.600045,90.704544,0.011724249,2.416005,-20.394148,137.89258,0.00068729545,3.2252376,11.122287,105.63639,0.020202039,3.0085614,-11.155064,77.811035,-0.0011754032,2.2633615,7.718463,71.58572,0.007983721,1.7760199,-9.874222,62.996384,-0.013702462,1.9803464,0,rock_rock.00086.wav
0.10573551,0.00048119447,-0.012802842,-0.4856062,1939.8601003560539,158602.22816778586,1.3390282854804196,3.0743736091956473,1881.7055841292329,91024.70324799577,3749.2773286329334,855413.0159488771,0.09837355480843653,0.0006804288654522828,103.359375,51,0.12241806089878082,0.20746241509914398,0.004795819,2.665656e-05,3.3192186,15.123285,1.0482262,0.5323963,2.0213523,4.446605,-0.09195053482013738,0.028483139303795913,0.3218885,0.041131336,0.42937344,0.093015514,0.2537358,0.037724018,0.27463076,0.06721515,0.17643367,0.020477142,0.3217472,0.04900098,0.69878364,0.11060182,0.32687128,0.029277861,0.31706598,0.09616103,0.20453717,0.022769101,0.33333227,0.080281116,0.4672694,0.12538433,-114.68427,1000.77344,-0.036151372,21.363869,119.19655,476.63913,-0.020800088,14.712581,-50.636143,217.33102,-0.022554353,5.8854723,42.539642,135.31068,0.015863929,2.4098725,-6.6054235,92.07571,0.023812331,1.5006355,19.621433,86.19158,0.009645488,2.367995,-16.791708,58.59127,-0.0013156845,1.5727541,19.304668,45.767834,-0.0044667735,1.4311501,-17.331966,51.443813,-0.0019643418,1.4693189,17.227512,66.461266,-0.0107633425,1.4093375,-10.79083,43.306072,-0.016613487,1.2851391,6.5781393,35.31403,-0.012253938,1.0954121,-15.688755,44.872704,-0.01720053,1.3534614,0,rock_rock.00093.wav
0.08382274,0.0012054617,-0.80731845,-0.054273367,1398.7547987669288,240964.08446944525,1.4182381254706444,3.4568612053102052,1817.8955787115653,109513.98125183483,3014.4567719923084,1340193.748333953,0.0487400680872678,0.0008033475234874178,73.828125,38,0.15411533415317535,0.41420450806617737,0.0017155193,8.333971e-06,4.8659925,34.81193,1.1505133,1.0993932,2.748473,10.239401,0.07132674409173004,0.022981354000572947,0.470136,0.12318635,0.35678262,0.079888806,0.2969454,0.0669922,0.22824578,0.04145334,0.3356746,0.08680758,0.37949148,0.11647627,0.35622948,0.054616485,0.56129307,0.13554496,0.42366335,0.07560298,0.33599606,0.10450111,0.26333714,0.058361445,0.34081572,0.065063976,-224.84355,10740.291,0.0053803236,47.338078,123.441635,494.70645,-0.0039180047,15.055662,-9.55579,608.6806,-0.016778449,7.60554,56.43563,190.60081,-0.009478181,2.728372,10.585558,157.12946,-0.025345977,3.613745,20.496042,209.64278,0.00033536158,2.441229,-10.127284,106.56122,-0.0016797925,2.1888459,15.441031,102.87415,-0.0011784935,1.4334319,-8.122629,69.832756,0.0044781617,1.1460019,12.69379,92.54359,0.008910423,1.4554789,-8.88542,63.79822,0.008551202,1.173313,7.5781446,75.74083,0.010097601,1.1764923,-9.988538,56.440105,0.0064863022,0.91908574,0,rock_rock.00098.wav
0.12931007,0.0029616752,0.56738204,-0.2100153,3628.5178601793127,1062544.5181604682,0.18755796169231662,0.34500384632248604,3221.220071278829,107211.83116281175,7800.144500260014,1864337.7827935854,0.14360948686629257,0.011825400743466078,117.45383522727273,52,0.25245538353919983,0.420858770608902,0.067669936,0.005481235,1.4976115,1.7278829,1.8950089,7.0777335,1.9992273,3.5339756,0.005938477820920013,0.009687019798919365,0.35584402,0.07702901,0.38379174,0.08033724,0.45333484,0.11759745,0.4205877,0.073682874,0.49159378,0.115760826,0.4162919,0.07487651,0.47271502,0.094276994,0.47315097,0.098873705,0.48458725,0.11755979,0.5031088,0.13584985,0.43910015,0.083495304,0.4725277,0.0977149,-108.880356,3474.07,0.043478943,117.46815,38.3406,937.75714,0.0017735125,22.578125,10.29164,404.28275,0.0070668254,14.3753805,15.677907,276.49472,0.013439376,11.312104,13.947092,229.47153,-0.017683737,8.743705,7.0178466,224.1624,0.0011884642,7.110575,6.919653,185.53253,0.011220599,6.1477027,7.4837127,169.15865,0.014209803,5.5307717,2.8022027,109.600136,0.018656656,3.8437133,10.054743,112.36516,0.0024870993,3.856488,-1.1566211,100.96694,-0.0013023021,3.0318363,4.001796,83.08139,-0.014361021,2.6785545,1.4103851,89.499565,-0.017288197,3.2031264,1,ai_blues_01.wav
0.12885146,0.004798465,0.4970207,-0.73342204,2512.0261245075126,1100599.2057034876,1.069067647297896,1.609105878452394,2547.4337317168834,157702.91113743625,5289.309682934646,3513097.5841945065,0.10727108226102941,0.009710449880751251,83.35433467741936,36,0.30264461040496826,0.5376031994819641,0.028587693,0.002375912,2.9849405,9.234776,1.44244,2.5328114,3.4044375,16.755829,-0.005011295489291611,0.022080958358614414,0.31827947,0.09076922,0.35792956,0.08490485,0.4878736,0.13710816,0.3737324,0.08392317,0.31499568,0.08779311,0.34963766,0.12089401,0.31043404,0.09535769,0.34930068,0.11175282,0.43781567,0.12323696,0.4060515,0.11748259,0.27395734,0.074937984,0.24335827,0.056207586,-133.22064,6668.0107,-0.11327005,123.19434,75.1588,2094.236,0.017052662,28.725182,-3.5177104,562.93774,0.016536176,10.366782,15.52244,431.32697,-0.0058946153,7.603854,-7.7799454,289.30264,-0.0029173489,5.222805,-6.2420955,247.22954,-0.013305977,4.062909,1.235573,176.20432,0.0078058215,3.9172132,0.18315989,156.10858,-0.011814191,3.2105343,-7.3453507,188.89636,0.0029110687,2.459272,7.0905194,111.75047,0.015711876,1.9371814,-2.9987288,146.31512,0.013549086,2.2540882,2.7350678,111.89246,0.005266256,2.2547944,-8.307163,88.753456,-0.0050648586,2.02885,1,ai_blues_02.wav
0.1434317,0.003032489,0.08076108,-0.6267388,2587.826110733951,2329501.031163552,0.9946581376002512,0.6823999289433527,2932.246066280837,507432.66701966996,5863.839542164522,10314908.45970619,0.09902850171729877,0.016118127225910855,161.4990234375,77,0.26337891817092896,0.3839321434497833,0.01854293,0.0015206769,3.301936,12.987816,1.9552482,8.439182,2.9943953,10.463165,0.047706631846628496,0.03854963201938135,0.2829022,0.09851666,0.2437573,0.059672732,0.31665647,0.11712103,0.36255,0.10327961,0.39445513,0.11925347,0.35354793,0.11551656,0.28138137,0.07081037,0.33817792,0.11839736,0.37206355,0.10353629,0.4160026,0.14720184,0.2815152,0.07610144,0.24319477,0.06334657,-184.71143,7767.8257,0.04833166,193.95944,74.6096,2901.0283,-0.012218352,76.34012,27.218025,951.3649,0.016016325,19.390541,26.937248,722.24664,0.013185079,15.36313,36.631893,516.13934,-0.0042949123,12.491066,4.3255806,281.44806,0.011841655,7.3842983,12.582281,222.88167,0.02271845,6.237375,-1.4738163,184.50586,0.031635467,5.1473336,6.1533313,193.36215,-0.010264267,5.2863574,-8.539554,204.32663,-0.022772573,5.420104,3.0041084,115.31899,-0.012244472,3.028744,5.3322783,104.94014,-0.0009322034,2.330306,-1.5381207,97.16797,-0.0051292917,2.2197602,1,ai_blues_03.wav
0.17625341,0.002805433,0.77033585,0.24834085,3255.660481591437,915511.6317820811,0.7601746694500876,1.4535905381022385,3190.50531298397,191947.89875975647,7487.163059482634,2912064.2046163874,0.12516364224554954,0.00760946773609416,151.99908088235293,73,0.2971765995025635,0.3005124032497406,0.030541627,0.0012318329,2.0828438,4.494882,1.518238,2.8686752,3.1508515,12.602149,0.05292489832681066,0.02792351161878097,0.3725255,0.12425101,0.32821655,0.07439899,0.41015187,0.1358323,0.2448388,0.05257521,0.21099395,0.04414505,0.29567745,0.09336181,0.36298645,0.09451016,0.457521,0.14401935,0.32045057,0.0844924,0.3054948,0.082441546,0.3066327,0.1031701,0.3003203,0.078838445,-91.83954,3458.192,-0.02693201,78.802315,49.47531,969.89703,-0.00017233456,27.644949,20.235453,1130.6395,0.02842822,13.936744,26.869637,597.5279,0.015156986,10.343688,26.04468,320.63962,0.03332257,6.0528536,7.8669806,196.85533,-0.0025048803,5.2056804,12.424741,228.63054,0.012242613,5.0800314,5.818216,147.0157,0.002045565,3.7480128,0.9513425,152.9327,-0.0010801263,3.8920846,0.47736105,103.71164,-0.006529094,2.8701081,-0.5401923,89.53503,-0.0016352518,1.9977574,3.1568303,81.07104,-0.0056609972,2.1605453,-4.808289,110.618675,0.0032539493,2.619243,1,ai_blues_04.wav
0.15199955,0.0032976468,0.8867412,1.8212676,2719.903755185955,915576.0935140693,1.4327047928807728,2.872395142788452,2714.985821383011,107336.07594259796,5761.531827471943,2673342.8597807414,0.11540330821884674,0.00623753498011536,89.10290948275862,45,0.3510301113128662,0.3777981102466583,0.029669141,0.0020842655,2.8304973,8.833366,1.5997566,3.2544758,3.3083255,14.025446,0.07496300463804521,0.04202545171320278,0.22928064,0.059555914,0.22448003,0.05663913,0.34180698,0.11530682,0.2501072,0.057364356,0.28535423,0.10635471,0.18899705,0.04998239,0.2961749,0.08162316,0.44206366,0.15414938,0.301964,0.059125055,0.42756113,0.15293452,0.29028317,0.064298965,0.35453296,0.12463386,-101.042366,3092.6152,0.00059239415,98.24051,66.15443,1341.3794,0.022495057,35.403687,3.399173,652.1153,-0.0130095435,15.166233,19.636574,535.5056,-0.04621404,10.757092,1.7726446,317.77786,-0.052806675,6.0252886,-1.8368434,241.35207,-0.011003451,5.470236,3.279637,270.1992,0.022341603,5.9199367,-2.9391065,173.46027,0.02342707,4.031909,-4.963912,162.92624,-0.0049723457,3.7819118,3.9632273,125.981834,-0.0046725613,2.7387867,-4.8749685,106.98291,0.02669573,2.7737272,1.6063251,85.20493,0.009075365,2.2116892,-6.695942,115.52631,0.00896504,2.638655,1,ai_blues_05.wav
0.18247513,0.0059439694,0.07854204,-0.5333047,2207.8126384089414,972738.4254444996,0.7171815245307652,0.754574705346275,2746.2741020678336,347751.5014638477,5187.801963404605,5703880.413622417,0.065420995186726,0.0030532843908948567,107.666015625,52,0.37051233649253845,0.422507643699646,0.014143393,0.00095678226,4.2913604,21.373251,1.4084088,2.7473385,3.738048,17.995779,0.11975150041661453,0.04699238077443958,0.5270211,0.15672787,0.43892407,0.09271057,0.38134784,0.09669334,0.2852902,0.06142358,0.22138457,0.041369636,0.3055575,0.09922334,0.32203862,0.09099197,0.4313319,0.1360598,0.39524955,0.11341206,0.38921067,0.096058875,0.4071633,0.09179861,0.38552123,0.07009114,-138.29683,3318.51,-0.10247198,113.10125,91.25744,1342.3074,0.021354906,36.110054,20.26707,746.9944,-0.008553593,17.90813,24.887028,575.80225,0.0069393464,9.1129875,12.6792345,396.16937,0.04328975,6.7094054,-2.5144994,385.9395,-0.0023498107,7.812062,7.3600774,262.10806,0.0125762625,6.1889234,-13.6714945,282.46744,-0.011877076,8.420403,10.805844,155.49666,0.013368605,3.5842845,4.81893,160.30386,0.008054241,2.7850966,-11.521019,143.06018,-0.01621545,3.3427205,-4.5098977,101.402855,0.0031151853,1.9218278,-6.795998,113.0986,-0.00087937777,2.422978,1,ai_blues_06.wav
0.15684626,0.00558223,-0.29589716,0.29803157,2856.7445351145125,1417072.526714733,0.6539256065254666,-0.2567217200482874,2992.426916225694,182882.16954342337,6471.960864938081,4432394.739557634,0.10406777585623066,0.012661555768159676,112.34714673913044,52,0.39591285586357117,0.4763539135456085,0.042261213,0.0069632516,2.6506388,6.729885,1.3855916,2.7141435,3.7435927,18.78195,0.016564090880713537,0.050677422276272796,0.44386768,0.10652737,0.40182438,0.07951212,0.4682174,0.11511195,0.44019338,0.09171015,0.42598125,0.10861553,0.37277192,0.102893405,0.36131093,0.09144025,0.407865,0.08520827,0.42540607,0.07211786,0.5290135,0.10326134,0.48366916,0.08258443,0.4375343,0.08686992,-152.43898,8631.26,0.08223966,151.82355,63.534008,1639.0371,-0.023034448,37.14437,21.813633,675.5571,0.003097307,10.395342,23.675653,605.4839,-0.009680059,6.3531632,7.567123,398.60303,-0.020759638,5.349552,10.456505,290.14658,-0.007312642,4.104479,15.8046,185.81448,-0.011313716,4.27319,-6.774346,238.06593,0.0025896053,3.6731985,9.509203,166.70349,-0.014483533,3.3906984,1.9714012,111.130905,-0.0051330887,2.1258855,-1.9171197,117.21478,0.00947864,2.0102792,0.9960442,80.05717,0.0038580622,1.5200057,-6.327774,82.04978,-0.0022026794,1.4411204,1,ai_blues_07.wav
0.08906743,0.0025105285,0.9001289,-0.0074718,2096.049743581717,1236074.0764457493,1.8299897201404778,3.9388187876028287,2254.9806346304445,238302.93499529187,4302.657315753193,3311817.0440586447,0.09258409624129257,0.008638014868460976,83.35433467741936,37,0.23157835006713867,0.5625532865524292,0.01641562,0.0009620354,3.032618,10.331909,1.5630416,5.184949,3.6599448,16.593672,0.0758281719709285,0.04255175601233798,0.34229258,0.12849131,0.24622603,0.063364126,0.30083528,0.10728046,0.27369377,0.07018411,0.3013182,0.08605022,0.227875,0.063302815,0.29346198,0.08402751,0.4079329,0.12474936,0.43619576,0.1107474,0.51674956,0.1457576,0.37265354,0.08779047,0.3359236,0.07803293,-197.37372,6317.4517,-0.010520014,174.04776,94.05502,1529.3046,-0.00077493716,44.159637,5.767054,725.9645,0.016934114,19.35943,37.71874,262.10037,0.0022979418,8.42858,7.2251673,253.69589,0.0078331,5.5621624,12.215267,187.65092,0.030741353,5.5534024,12.542162,216.49788,0.03186808,5.9085846,4.090204,141.43655,0.00841501,3.2329793,-0.19140331,75.271416,0.005770901,2.414584,5.3879056,159.50371,0.018109165,3.4998765,-0.24977745,112.420074,0.015127873,2.423396,4.1294203,90.335106,-0.007846199,2.2212873,-1.2462883,65.00552,0.004747249,1.9389656,1,ai_blues_08.wav
0.1637592,0.0033475547,0.79378676,0.5437639,1586.1244994274723,797701.0026900595,1.1159094117101707,0.8323486259196811,2213.4184348641506,543864.8598022935,3540.395258380902,5950295.15881868,0.04212408390576625,0.0007319835551346393,95.703125,47,0.2925648093223572,0.35331180691719055,0.004334831,8.168256e-05,3.974283,20.141258,1.475739,3.9785988,2.6571581,7.1903467,0.026987482457405048,0.06092297246446741,0.2711025,0.07314819,0.3773252,0.07154092,0.6505027,0.13270304,0.3583895,0.064275615,0.20406926,0.06768447,0.22493199,0.03964554,0.5442692,0.12934065,0.43226823,0.08680156,0.2784195,0.06991442,0.2555592,0.06951524,0.260307,0.05890931,0.34711245,0.089789875,-189.08838,5356.3105,-0.12955546,121.159096,110.07618,1220.6178,0.07533565,41.509243,17.301718,442.47476,-0.02715047,7.806577,28.053133,182.16765,0.008199048,4.3292246,20.95263,288.11563,0.016436879,3.9940484,9.680178,165.61061,0.0021423954,3.1684153,6.926054,142.35974,0.0023838426,2.5445023,10.903818,163.08371,0.007992318,2.2815366,-4.16589,150.08192,0.004367929,2.1759558,3.6430986,178.52356,0.010153239,1.8187453,-9.831254,112.26403,0.005771883,1.7048155,-4.930147,131.61429,0.0020453804,1.4042448,-3.0296917,127.47707,0.001707504,1.5974975,1,ai_blues_09.wav
0.17655402,0.0018297646,-0.17834425,1.1141624,2085.7687954539283,560598.149960894,0.5930037621794978,0.8686417291729658,2437.218635554534,217363.9768717754,4566.472387166215,3319762.563800745,0.07761744449013158,0.0017803636104407519,184.5703125,85,0.26134517788887024,0.24228134751319885,0.015788896,0.00071333,4.831365,32.459106,1.4825444,2.6550844,3.4810677,15.414431,-0.019204936768298306,0.033438613036957145,0.35996258,0.083121605,0.44785893,0.12726806,0.33916292,0.075203374,0.30203506,0.06956034,0.34551588,0.11938139,0.2962694,0.07008698,0.38810945,0.1136764,0.37768242,0.10422335,0.38881588,0.10749821,0.24980648,0.054954488,0.29796344,0.07593115,0.42265084,0.13448131,-92.94246,3334.617,0.10399002,95.468254,99.435715,1040.28,-0.07634501,29.760168,8.107318,423.8655,-0.006178435,10.927472,20.560226,355.7333,0.027320396,6.7255964,-1.3210045,190.29936,-0.0036739712,4.0822105,-1.8985311,175.77621,-0.008179877,4.752506,-0.061489426,185.20062,-0.020811625,4.1475306,10.311165,103.678215,0.011402682,2.104223,3.3375494,122.23592,-0.0011269706,2.3274395,12.649752,83.09806,-0.002264707,1.9523612,1.8572044,110.89391,-0.015972026,1.878928,7.331183,61.886574,0.003030225,1.5505838,1.7046188,69.02726,-0.009594984,1.5459415,1,ai_blues_10.wav
0.13206674,0.002850233,0.34783202,-0.060595512,1125.0886362182196,120652.11491534556,0.3471279520230441,-0.1812723472090294,1548.3394019983148,145725.9266124991,2185.7201165828174,677987.2733604147,0.04815843895123839,0.00022041311792298098,95.703125,37,0.2931806743144989,0.4042469263076782,0.00047702662,5.2143054e-07,3.3663933,16.771475,1.4185059,2.6183004,2.2105737,5.071226,0.05537953933679646,0.10986481489573272,0.2833421,0.13088396,0.17184491,0.018223317,0.35012704,0.15085275,0.17467558,0.055508155,0.090754084,0.017684544,0.18267314,0.10966577,0.12253157,0.026435805,0.20715502,0.1190173,0.118375026,0.015189059,0.29102945,0.10945547,0.29913974,0.12525208,0.15149903,0.019894853,-230.18501,3084.7346,-0.018993026,80.53153,134.43791,574.9537,0.010086665,18.725674,3.1220572,201.73499,-0.0027242245,7.438182,46.49842,101.47142,0.00988818,3.1852517,15.728043,109.98412,-0.00011226341,2.0857825,-13.301399,67.358315,-0.0027467187,1.9163185,2.040181,68.18635,-0.005393271,1.4956962,-7.946456,66.84518,-0.00019562429,1.6121556,-14.324831,59.056927,0.0062948395,1.2761046,-10.9847555,61.793755,0.014496746,1.2114528,-16.92601,142.57172,0.010293116,2.2845833,1.7415981,135.55888,0.0003322042,2.5141852,0.5424646,135.9473,-0.0034944953,2.5077047,1,ai_classical_01.wav
0.13008201,0.0029408403,0.82564276,0.50303125,1285.9970334480238,351875.9770500125,0.567644214413339,-0.46623294309650243,1705.1539343819231,310035.1316781544,2490.6182729053794,1877850.7369405655,0.056132313636803405,0.0010486156257408308,151.99908088235293,74,0.30958181619644165,0.4168871343135834,0.00088820886,1.8929867e-06,4.3724594,34.023575,1.4849017,3.0215368,2.234239,4.9390035,0.040266509611517586,0.10633772389002412,0.23324217,0.117118225,0.2333716,0.029916668,0.4960675,0.16753867,0.27909112,0.08401039,0.09565736,0.020147055,0.11758371,0.04582804,0.16620389,0.06096596,0.21173334,0.10574886,0.11469146,0.018883452,0.27221575,0.110482596,0.23779047,0.09970974,0.11066891,0.014849744,-224.39558,4176.497,-0.08276941,74.25299,124.50787,1018.44574,0.025318626,18.584696,16.780722,202.57361,0.01581679,4.965523,43.893856,116.842926,0.00925277,2.4680529,12.757544,124.02704,0.00010417748,1.8981827,-11.779357,99.30376,-0.00062724605,1.5379341,-1.5255058,104.496956,0.0007718038,1.5396408,-2.1654212,109.91225,-0.0046411823,1.903343,-11.484295,102.307335,-0.012477355,1.7895447,-3.2112195,133.2958,-0.028234508,2.0107808,-11.552202,143.00702,-0.019777145,2.165542,-2.91101,130.41376,-0.0061015445,3.0117974,-4.5125403,182.07233,0.01043306,3.006718,1,ai_classical_02.wav
0.12669861,0.001336498,0.52410066,0.16492939,1356.467529387526,261091.8253815641,0.9397781105336489,0.42330732458151044,1769.0185784951786,294678.3628413988,2712.591930661039,1606746.3202658917,0.0582672213622291,0.000596875416737641,129.19921875,64,0.2128259241580963,0.2885441482067108,0.0012965791,4.482169e-06,4.2634454,26.533972,1.5535266,2.5801752,1.8226868,3.3634524,0.07957679696577999,0.08502765005192978,0.32261625,0.106611036,0.15352906,0.020999968,0.25845104,0.11092304,0.17254315,0.024859846,0.3334775,0.12794948,0.23986448,0.08748786,0.11453378,0.021012438,0.17343679,0.07922271,0.22338536,0.0522625,0.38613847,0.15388075,0.19312061,0.02651845,0.35065353,0.120678835,-204.26248,2355.6328,0.06453038,44.855583,130.32172,1402.088,-0.059615627,11.776462,1.5871753,411.67194,0.044559304,3.3407507,36.104076,256.646,0.04296883,2.4712677,10.864436,155.3479,0.022776203,1.8590982,-6.5967135,131.03448,0.0026664925,1.6641872,-1.1036044,153.74913,-0.009559868,2.0901325,-1.1553459,147.80939,-0.0054988507,2.0961456,-11.978182,112.874344,0.0028237551,2.629283,-5.228966,148.191,0.029904995,2.4596698,-12.193743,189.35463,0.02868228,3.6553679,5.1410136,195.4849,0.035632893,3.5606399,-2.567667,161.34038,0.013338707,3.6486824,1,ai_classical_03.wav
0.10953792,0.002481175,0.79842865,0.21383667,1040.6506581437113,300910.32224616344,1.1156256611610016,0.3765403551067914,1499.0361401121834,407549.13192301994,1875.096994878338,1871439.2302436966,0.048546947561919504,0.000408464830092134,135.99917763157896,62,0.24860632419586182,0.45474109053611755,0.0006361278,2.182732e-06,5.188787,37.12802,1.3923382,3.7916203,2.701872,7.5438023,0.07643052890238558,0.10653785419097148,0.33006996,0.10582901,0.1635148,0.026538825,0.25462794,0.12677227,0.20841914,0.030097619,0.4804673,0.1381492,0.3264815,0.10844426,0.09850014,0.014749025,0.08284194,0.019605704,0.20025223,0.04541153,0.3479041,0.13376558,0.17885247,0.024611086,0.33468807,0.11221109,-263.98828,5455.2407,0.011043554,102.94244,148.88399,1098.8892,0.018005835,24.975779,24.57246,291.3969,-0.009794724,4.570227,28.407877,247.68721,0.008105119,2.5802016,20.263355,112.00343,0.007292529,1.3949993,-15.076144,160.90625,-0.006159939,1.8333623,-1.5924311,176.32732,-0.00066939817,1.7001696,-0.92802274,208.69138,-0.005919608,1.824451,-11.160329,121.53969,-0.007887236,2.0542877,0.65323865,156.69974,-0.004439396,2.55303,-11.905718,254.83147,-0.0064441278,3.0838346,11.908503,211.50372,0.008798034,2.7946646,9.555289,156.15723,0.025439737,2.0706887,1,ai_classical_04.wav
0.1074382,0.00211466,0.8137206,1.2473574,1069.816799805111,173646.9412967204,0.8900106694499789,0.4673794267810676,1544.4110691683254,251374.0875822613,1853.788790392802,1215529.4357862633,0.04927785773026316,0.00028205433633091663,95.703125,47,0.32228654623031616,0.4280175566673279,0.0005147602,8.203238e-07,3.686501,17.744827,1.5729064,4.3179083,2.0044656,3.6132483,0.1393581816428638,0.0836903108113189,0.4046693,0.140683,0.14732069,0.017650781,0.19986555,0.10389008,0.1449604,0.01760496,0.35475308,0.15469219,0.19315024,0.07271962,0.13623743,0.023459263,0.2750638,0.1367734,0.13323975,0.017143205,0.20893657,0.10667563,0.10925704,0.013318539,0.2998372,0.10159195,-267.13416,3979.3484,0.05882801,79.697395,136.49701,547.20044,-0.02781062,11.3306465,21.730757,359.76343,0.028082892,5.849967,32.85792,248.84639,0.017990382,3.3667023,14.310017,111.67407,0.02192331,1.5986406,-17.3455,112.63494,-0.005657481,1.6297928,-6.978522,141.70549,-0.018950863,1.7792978,-14.174215,187.42815,-0.02239402,1.9326289,-17.697845,112.35673,-0.016533172,1.5343233,-5.4230256,116.72392,0.023790015,1.7970488,-14.604013,191.72997,0.023005763,2.8369715,3.1456707,154.87335,0.017571762,2.7695427,2.2806983,144.32191,-0.0036564686,2.5369394,1,ai_classical_05.wav
0.079593696,0.0021775388,0.21812879,-0.39573932,735.6626028094054,149410.91139186238,4.401002129280511,34.00250415073598,866.0031744585525,188277.1489181484,1116.3432496250969,818413.1025837249,0.04480887492743808,0.0003611720021995536,143.5546875,55,0.2410258799791336,0.5862789154052734,0.021907544,0.020585217,6.6205983,42.086685,0.8908514,1.5431428,2.584725,6.8200083,0.06389606407608513,0.1034521085934854,0.23133881,0.12568796,0.12736496,0.018541142,0.32053608,0.15283424,0.23222367,0.084111996,0.14264347,0.06094985,0.14343572,0.06619435,0.10138228,0.028769124,0.18570827,0.095302925,0.12789795,0.026593884,0.3020175,0.12870672,0.30248722,0.12389643,0.16720569,0.05082046,-359.76364,7517.9565,0.1325237,37.764076,151.66167,2336.9792,0.00018994653,10.591995,15.454464,964.54596,-0.02937828,7.3513207,17.056263,810.706,0.04359938,2.8476965,6.170945,366.15887,0.02061039,1.7178555,-17.095932,250.3328,0.0014064829,1.4942544,-9.154225,151.49075,0.013285129,1.3877463,-5.7578006,132.98695,-0.0037860689,1.5891956,-7.2372217,190.566,-0.007258187,1.4929571,-8.477284,132.92262,-0.004520484,1.3849379,-11.786641,160.65628,-0.010539131,1.5667198,-6.8104925,106.22311,-0.005276366,1.8469533,-3.4396002,143.57588,-0.019601138,1.9363128,1,ai_classical_06.wav
0.10991154,0.0024997103,0.69229376,-0.04131031,1124.0518327316668,183533.53969887624,0.9887999905984535,0.43400921318002617,1448.3552785402421,266679.6538921667,1984.1796686036669,1070606.2758831598,0.05958127237325851,0.0005415523659465497,135.99917763157896,64,0.27371668815612793,0.45488491654396057,0.00050625193,8.973941e-07,3.966425,23.545753,1.2620478,2.309212,2.3593953,5.605077,0.0758941811479905,0.09893832278513445,0.358606,0.14523727,0.15752567,0.022832565,0.2385117,0.11912884,0.15582275,0.018313427,0.37574396,0.13643928,0.2724008,0.1009135,0.124240674,0.041235864,0.09487568,0.03381801,0.16337742,0.046312463,0.2933013,0.11618458,0.12336931,0.011880018,0.30635378,0.11214497,-253.36784,4690.597,-0.021177888,67.76402,139.16182,742.5738,0.01662011,13.102945,9.196425,374.44388,-0.0067264466,5.6797304,23.779907,381.93814,0.015996082,2.7204835,5.273229,178.01237,-0.014932816,2.1556268,-12.29875,151.13057,-0.022217201,2.2239344,-3.3720677,146.75327,-0.011824444,2.1415982,-8.4746275,146.39897,0.00059898867,2.0705664,-15.561988,165.31433,0.011667588,2.1634126,-10.830094,144.30072,-0.012778005,2.0689406,-11.202232,319.26135,-0.023166902,3.666987,7.1239133,259.25284,-0.0018974657,2.9044795,1.1739295,288.18164,0.0071402304,2.8369963,1,ai_classical_07.wav
0.10193731,0.0040881913,0.20642367,-0.5288143,1143.6241665501723,790071.5923044679,0.960856783433363,0.1006873423576673,1694.2681857741932,1008806.4248749462,2477.4433525723202,6728055.906584015,0.04052507619001548,0.0010369886872451414,143.5546875,57,0.29070717096328735,0.6272381544113159,0.06669994,0.060769472,3.5146396,10.369232,1.5570681,7.105384,2.3196597,4.636956,0.008243350918176066,0.10033439539735686,0.3028663,0.111460604,0.23733364,0.069576904,0.274998,0.083578594,0.4148553,0.17324317,0.22982198,0.06395626,0.16399805,0.04552479,0.1343595,0.019037215,0.2496036,0.07099583,0.41036487,0.16048948,0.28269297,0.0721963,0.2984245,0.11478101,0.17793278,0.029463978,-306.63263,14371.706,-0.19071935,201.88914,114.017006,2733.6309,-0.10006371,40.7423,33.467865,485.62027,-0.015452175,6.130147,29.075201,367.35437,-0.029149387,3.493297,23.126514,198.76811,-0.007933702,2.045234,-10.715436,163.77824,0.005916121,2.9227655,5.32007,97.58431,-0.0031514287,1.9582629,3.700092,93.05613,0.0016084083,1.7112262,-6.735861,116.82169,0.005127117,2.2864208,0.58137494,133.00172,-0.00082127226,2.6477304,-8.851789,195.49973,-0.0033138883,3.7056549,5.7222915,136.88377,-0.009142674,3.4118085,11.157199,123.245995,-0.013889527,3.6092043,1,ai_classical_08.wav
0.08080212,0.0024559007,0.49791503,1.952229,814.8118531555083,197759.20873249116,2.6798325768687725,11.832003685501187,1016.3653162171354,373129.15965769987,1427.6747003797407,1403384.7869637336,0.0522064114502709,0.0004990891529528841,161.4990234375,39,0.31578925251960754,0.6133136749267578,0.0008974315,0.00011029664,23.482323,617.9817,0.6919755,0.65598834,3.6499827,19.794617,0.14822973386951874,0.08066113129797461,0.40905243,0.13711497,0.16248313,0.025066739,0.24194482,0.13180122,0.15994892,0.021174446,0.42623144,0.15944646,0.21400875,0.07930683,0.12120838,0.022454735,0.26097277,0.11862605,0.13090955,0.02724584,0.1798786,0.091656595,0.11955463,0.026274586,0.2938183,0.093129374,-324.79742,7689.251,0.10705829,13.594845,145.47765,2737.091,0.04570197,3.8587492,25.365368,633.1815,-0.047093954,6.2690935,20.040516,240.64679,-0.010807732,1.7852201,10.883788,135.47098,0.018257238,1.4629912,-7.0059547,141.56013,0.01116678,1.6123731,-6.0808597,108.4352,0.008975548,1.2911361,-5.3988986,141.58473,0.006098925,1.3735851,-9.274802,117.867294,-0.0023914713,1.2234949,-6.5650444,156.1112,-0.013663839,1.3685116,-6.8697386,250.36678,-0.019179313,1.7057909,0.11618325,195.48141,-0.015834711,1.6391896,0.93353534,192.53166,-0.0085232705,1.8583837,1,ai_classical_09.wav
0.13353726,0.0017440325,0.5278411,0.35416365,1179.9341424761533,138285.0477702569,1.029630104094168,0.542215743149776,1619.0367108079588,228243.65417965892,2279.169551506869,864545.9618860828,0.05060891544117647,0.0003883752030897306,129.19921875,64,0.24709396064281464,0.31273379921913147,0.00080747047,2.1350288e-06,4.2294683,24.507143,1.6100451,3.6446598,1.9021002,3.2693548,0.06086057467318329,0.07510535639209254,0.35728928,0.12838256,0.17233136,0.01951734,0.35348803,0.115601316,0.3877237,0.13258606,0.15149797,0.018286355,0.21389766,0.10163623,0.1613944,0.026489671,0.3250713,0.11616506,0.28666067,0.10292418,0.14909275,0.031380825,0.2043192,0.08271577,0.2222252,0.064172246,-218.88293,2729.9019,0.020428708,62.601234,136.64917,682.69135,-0.0010842097,11.709701,1.8424072,581.7865,-0.023255732,4.0750947,42.1713,369.88293,-0.02304412,2.2951396,11.275889,215.36668,-0.03353965,2.0052104,-15.604971,160.87929,-0.02659497,1.982199,-3.7095482,101.03048,-0.026249316,1.6000512,-8.537874,132.06458,-0.013798277,1.9174019,-14.188022,94.91903,-0.0033552218,2.0547447,-6.520857,150.08023,-0.0045391973,2.4821422,-13.762559,125.28551,0.0077879555,2.5894008,0.88925916,184.81787,-0.013280124,2.5258784,0.9475005,175.41353,-0.027331585,2.7892935,1,ai_classical_10.wav
0.14814118,0.0011151269,0.05422508,-0.17460752,3047.1693384990194,626951.3203365745,0.7849830368997276,0.6066346068470523,2996.55253947122,74324.25838388767,6785.592301785024,2080242.0503791098,0.12885787538699692,0.0045065181024461064,99.38401442307692,50,0.18025419116020203,0.2254168540239334,0.034002636,0.0012465437,1.8610771,3.5377998,1.2059706,1.239576,2.8261907,9.908439,0.009695087147569819,0.031110260512126998,0.25149578,0.056218464,0.39960954,0.089042164,0.46595165,0.12718363,0.275605,0.040264253,0.36022037,0.11087678,0.2473057,0.04629519,0.370568,0.10263754,0.25970536,0.06315143,0.28469357,0.04773029,0.52530164,0.12496981,0.31273502,0.055370834,0.3245782,0.10446461,-77.25928,1213.8647,0.046265226,39.83197,62.36088,638.52216,-0.04078682,19.587034,14.439414,246.11128,0.00029086476,5.862437,30.098494,213.99577,0.031212399,4.215231,14.916998,176.05225,0.034622908,4.5504003,-3.868086,115.6871,-0.0104797175,3.8333578,8.648826,181.91649,0.00786548,3.4633985,4.6235113,86.74738,0.01970786,2.0881872,-2.3281565,95.090385,0.010265777,2.1159267,6.98964,86.07118,-0.011641639,2.2114122,4.2215657,87.42125,-0.02035664,1.9721941,11.079942,57.865253,-0.008859899,1.541728,1.591537,52.648037,-0.006870281,1.4656557,1,ai_country_01.wav
0.14198282,0.0013362705,-0.07112575,-0.2867098,2733.2720093039707,559187.6349481265,0.7095365902440636,1.534885083471691,2749.1270266490887,122042.30469196649,5832.281399658959,2351689.2206169367,0.11385721023606811,0.002920215775825895,83.35433467741936,38,0.19137431681156158,0.25746095180511475,0.029711608,0.0013358231,3.0160832,12.46101,1.6001402,3.2894235,2.031319,4.357026,-0.01890786816099194,0.028779427434867177,0.26785213,0.05731599,0.4095313,0.08023209,0.521296,0.12000761,0.38016427,0.053870328,0.41125438,0.10438915,0.30050382,0.05611888,0.3885001,0.113037534,0.30439115,0.08070184,0.3410378,0.07151047,0.50743616,0.118883565,0.29494333,0.05562521,0.30015087,0.086982265,-90.09016,2258.0342,0.0129244095,59.4671,65.5991,923.44794,-0.010715731,24.851057,-0.32193106,441.64813,0.0036768543,9.228553,32.570652,403.50623,0.00016043283,7.4740386,15.81636,305.15375,0.004689506,5.633959,1.533277,241.5823,0.031598106,6.2300687,5.589788,222.53947,0.028083246,5.0587206,3.8080094,118.00172,0.008429626,2.996494,-2.5847929,125.30506,0.0014632066,2.9385061,8.030942e-06,118.60936,0.019089336,3.024863,2.3128204,105.31412,0.0076692924,2.8190796,2.4936104,68.52969,0.004475274,1.8153257,-3.2625093,68.259,0.0027925386,2.1279466,1,ai_country_02.wav
0.15402265,0.0015618417,-0.077689424,0.28778124,3127.661753022263,731398.1694861773,0.14326676355281548,0.7950799607724046,3139.50607660306,145512.6750186591,7320.822398655186,2854775.9939047606,0.12209185431985294,0.004817120889630871,151.99908088235293,74,0.23987644910812378,0.25658658146858215,0.028263293,0.0011445,2.5034907,7.718171,1.3802031,2.6589134,3.095079,11.951396,-0.07798432210059932,0.03890033679587466,0.33255422,0.06173568,0.44630495,0.11811708,0.2753489,0.04837575,0.32329184,0.09632126,0.20847017,0.035791628,0.3028938,0.0635973,0.4220086,0.13713165,0.3231493,0.06465958,0.4144357,0.12011945,0.34313625,0.06214806,0.46118617,0.108805254,0.40025774,0.101428,-99.837234,2777.5168,0.084184796,58.06967,55.82339,799.13837,-0.04442921,23.652033,25.614758,460.59897,-0.0070279096,9.103849,43.142906,273.81534,-0.0057535097,5.7179933,18.499508,183.65395,0.00026911183,4.5983405,-9.290369,195.01053,0.022412332,5.6755204,12.961226,212.79596,0.007263137,4.4869537,0.8349687,138.17557,-0.0054838024,3.4350836,2.7956483,105.197365,-0.009631471,2.5917122,5.181094,81.84532,-0.004653989,2.2161567,2.892701,73.21235,0.001834834,2.159806,8.520162,79.89296,0.0071378457,1.6742709,0.716649,79.26953,0.0072555644,1.6371144,1,ai_country_03.wav
0.15101315,0.0012422755,0.19248927,-0.06680846,2909.108488129781,520255.3246415997,0.8691483487401919,1.1558461637037452,2844.5736311103115,103772.0452156432,6211.595772663506,2079281.6119944244,0.1200945119001548,0.002791830115573379,151.99908088235293,73,0.18551935255527496,0.23339642584323883,0.025828935,0.00065245945,2.1121721,5.696208,1.3625121,1.7038066,2.3392382,6.058874,0.008595588418088185,0.027513308104743305,0.38811335,0.11094021,0.27341515,0.05468953,0.41055733,0.09255078,0.48358604,0.1203489,0.26707402,0.044886135,0.34123075,0.086227015,0.28782716,0.06345172,0.38360414,0.09585032,0.33503932,0.09905674,0.3518015,0.073506825,0.4673203,0.123421185,0.33726096,0.069525585,-87.50035,1148.1873,-0.0036293685,32.91343,56.07146,562.84955,0.011075582,16.395178,7.22748,291.94815,0.021723906,10.095957,41.064053,194.60338,0.01167803,4.293073,19.610434,178.29913,-0.01862273,3.8168867,4.548733,139.95038,0.03231566,4.156671,11.78567,150.02153,0.01992069,3.2504935,10.511444,93.51439,0.02834751,2.086783,-1.7285362,84.86743,0.026081616,2.465562,6.0791245,107.4467,0.010425107,2.4884589,4.2249665,76.00234,0.013666132,1.8226641,10.379438,86.881485,0.011916246,2.0450974,4.4353094,87.28944,0.0093411,2.120525,1,ai_country_04.wav
0.14007948,0.0016589937,0.3222722,-0.51324916,2408.192688600752,631299.8373769699,1.5926457814246402,3.1697062404673506,2510.851658796378,186838.73314827797,4961.245000030234,2673931.513425593,0.10559044238583591,0.0026236395624078842,75.99954044117646,37,0.20782078802585602,0.2907688021659851,0.019780057,0.00070279517,2.621129,7.4710693,1.3204767,1.91889,3.0134854,12.001012,-0.026877792299809945,0.048866403921750415,0.38529888,0.13341388,0.21090032,0.04613167,0.23991886,0.04113313,0.4536747,0.13033946,0.2374521,0.036289893,0.27600557,0.0908695,0.21921027,0.039456774,0.38704976,0.09130424,0.4744572,0.120264545,0.31805402,0.053061925,0.45061618,0.11495043,0.2629104,0.04679661,-91.28743,1763.9872,0.063343644,44.833344,89.30403,726.2121,-0.017170172,25.058037,-3.5754828,343.97534,-0.0046745837,12.849338,27.684343,179.38245,-0.010950513,4.430836,6.464942,206.42705,-0.014522583,4.762857,-0.7702319,155.07222,-0.02885528,4.3846054,2.5487957,80.827484,0.0069286646,2.7843704,3.2224374,79.84805,0.0052157533,2.390662,-0.00019595497,79.868774,-0.00057655224,2.09339,8.390154,62.90171,-0.0038426225,2.201423,-4.8057556,77.12384,0.0036458585,2.0440946,2.9176226,53.499104,-0.0020870406,1.3748766,0.16074735,67.43765,0.0040385947,1.5503981,1,ai_country_05.wav
0.1502178,0.0022617013,-0.23586388,-0.672863,2663.1847879947413,1213774.5577343174,0.9154189038728573,1.7691985309139646,2749.8228499831994,281134.2553149509,5865.9228629003,4753485.225462638,0.11057718471845976,0.008174161634511783,161.4990234375,77,0.22127246856689453,0.3165892958641052,0.016768161,0.00072318304,2.995649,9.8019905,1.281421,2.4111574,3.5938835,16.014456,0.05015086464174303,0.05418028260942233,0.2599103,0.083035074,0.28879306,0.07014051,0.43607077,0.14870109,0.28830022,0.06102695,0.26555026,0.08618263,0.20087926,0.042640578,0.34612697,0.09069764,0.38263276,0.13214268,0.2618205,0.063843384,0.38571787,0.13474306,0.23146497,0.042061385,0.32767156,0.107581206,-132.33745,3645.8738,0.077661276,70.16983,66.84209,1383.1583,-0.00067752507,31.348812,14.963229,887.6523,-0.045208886,11.250796,40.62656,394.96112,0.005375943,4.821192,20.504383,278.183,-0.00841599,4.148886,-4.945363,342.88358,0.0013803077,6.0000916,13.044152,246.48563,-0.0031458393,3.13723,1.1433318,161.94264,-0.0016606349,3.0236866,-3.8496327,138.79755,-0.00047907446,2.2375994,3.3808026,114.067726,0.0014686828,2.3219807,-5.863289,115.58381,0.0059715593,2.0317519,7.654356,86.46391,0.0055524735,1.5394963,-8.077256,134.26538,0.021042481,2.0800614,1,ai_country_06.wav
0.12823474,0.0015034875,0.18684137,-0.3671651,2251.216312875152,532291.4857112187,1.5155920470411197,3.4393395298627816,2384.8538688494305,209471.8691706551,4589.288915864454,2248877.6856619352,0.09614681090363777,0.002034017032682013,73.828125,33,0.1926555335521698,0.30237382650375366,0.013694539,0.00032381155,2.947555,11.11176,1.3540432,1.837902,3.1870358,15.106667,0.014621681339929192,0.04613318777152638,0.31047046,0.10149483,0.27268964,0.05096026,0.4475432,0.12854654,0.29346818,0.0790168,0.25914782,0.054699652,0.40641156,0.10174704,0.2726737,0.05423108,0.32676676,0.10794493,0.22840482,0.04464487,0.3571122,0.08127865,0.46653366,0.13275786,0.26488298,0.04744149,-115.051735,2269.6252,0.018788671,52.45131,92.53132,811.08905,-0.04020365,24.923798,-3.6913602,443.20038,0.028655648,13.286057,41.503464,292.31674,0.010229205,7.142235,8.640733,154.98674,-0.003725858,3.900944,0.72614855,215.48697,-0.016284032,4.9103904,12.73413,160.91095,-0.028906796,3.4034617,2.7909513,165.16054,0.022467578,3.791077,3.958797,75.83643,-0.007395396,2.3088803,7.652448,105.7037,-0.022383433,2.663181,-6.2048235,74.810356,0.024263384,2.2173257,2.6347752,77.06077,0.005724296,1.9558868,-4.557892,79.3132,-0.026491353,2.1071067,1,ai_country_07.wav
0.14570718,0.0024278099,0.77733237,1.1307993,3219.8705856774804,1028413.8197356891,0.03570159640164829,0.3817411814309306,3052.504419947332,236694.69395310458,7145.040128253193,3632354.9581046524,0.12843308581656346,0.005588440474638981,135.99917763157896,65,0.29774895310401917,0.33816322684288025,0.03605182,0.0022114823,2.7749777,9.39488,1.393551,2.702292,3.2947743,14.103407,0.0009420982491264484,0.04211454265757115,0.3742631,0.11775706,0.28644088,0.059072766,0.39993495,0.09520935,0.45618272,0.1117587,0.2788403,0.049583577,0.37088755,0.10125048,0.27724782,0.04944088,0.41211647,0.10775139,0.3334796,0.084315725,0.3652862,0.07234825,0.5422886,0.11644337,0.34969372,0.06414936,-100.22683,2855.141,-0.049948506,73.332184,51.936134,1154.0178,0.0065961075,29.42018,13.285945,562.84125,0.021859987,15.209477,29.470095,285.5443,0.0011970222,6.530556,21.650505,307.65805,-0.02488387,5.4610395,1.894342,162.5022,-0.018350508,4.222205,4.474982,157.02322,-0.019656999,3.5287666,6.586976,115.09406,-0.017958919,2.5968685,1.1616434,148.91011,-0.012338,3.1880872,1.574934,128.89223,-0.030811653,2.4409833,2.497328,123.12219,-0.0322578,2.2283409,7.063842,90.372154,0.00890029,1.9306463,-1.4605318,82.07858,-0.008862949,1.6923553,1,ai_country_08.wav
0.13188262,0.0021655182,0.71250874,0.51137114,2654.131269288282,807217.8750511585,1.2467381501819095,2.178501482491323,2604.551512839162,169293.14866429672,5310.401222063661,2759013.4492564965,0.1144622708252709,0.003465786154926795,73.828125,33,0.25123727321624756,0.35285264253616333,0.019877225,0.00074882194,2.9578214,12.118058,1.4039904,2.407253,3.586989,17.317574,-0.016667365174622622,0.049085572436368644,0.30712596,0.09397581,0.2875489,0.073692285,0.32436466,0.08052933,0.46964994,0.1470117,0.29923734,0.070236996,0.33297932,0.114786096,0.23393896,0.045874417,0.3806368,0.12234729,0.34571844,0.115707584,0.20615225,0.04442025,0.2970648,0.10032835,0.21697134,0.04288951,-116.697586,2997.0344,0.14167492,68.42215,72.938576,788.88934,-0.06370513,22.618196,1.3342061,438.6459,0.01654745,13.962351,35.014145,213.2144,-0.0027429962,6.809838,8.244736,183.3875,-0.02358966,4.2262263,5.1100817,182.292,0.00825471,4.6841583,9.580993,177.90738,0.0017148149,4.0002866,-0.3479879,158.14665,-0.0022492823,4.0996494,6.629455,105.12386,-0.0062255203,2.3933885,4.956287,121.14104,-0.003957115,2.804864,-7.614477,105.75521,-0.0154314805,2.4385037,8.460199,99.05874,-0.0015962633,2.5245585,-6.9356694,92.55785,-0.0053000893,2.6546535,1,ai_country_09.wav
0.14551206,0.0014101324,-0.045321766,-0.4753356,3023.183825721247,582632.5654449082,1.3451712990614753,2.999663151154558,2989.0045163492982,87768.02337385995,6837.67532017947,1853496.3334213926,0.12706158995259287,0.005325354519810105,151.99908088235293,73,0.19766198098659515,0.2580661177635193,0.032576192,0.0015207683,2.9967008,10.760449,1.1627668,0.936562,3.0035925,11.752048,0.06778719325204133,0.03617393050785924,0.29950348,0.081880964,0.3015681,0.07819721,0.4302013,0.123836316,0.25801346,0.053298313,0.28397396,0.097475395,0.21694991,0.04920936,0.32055607,0.08423695,0.38635713,0.11709258,0.30462182,0.0668974,0.38457775,0.13751605,0.30498648,0.060472175,0.40553656,0.12642331,-83.42497,1041.2664,0.047633093,24.886307,59.23454,542.8112,0.036915556,14.424551,8.070165,372.29712,0.03142822,6.793226,29.109793,219.78725,0.022904785,4.4578447,22.13742,142.93724,-0.01183521,3.024473,5.827036,113.35035,0.021683048,2.6691208,6.121683,108.814156,0.027794676,2.385113,3.944719,98.02601,0.020523177,2.2708516,3.0620077,103.02406,0.013438455,2.5124233,3.1667423,79.62658,0.018221445,1.7238289,3.3175929,70.22944,0.029250361,1.6907623,6.5308795,64.74905,0.007501317,1.5556866,-5.3177686,86.836105,-0.0004895154,1.8776288,1,ai_country_10.wav
0.13811567,0.0021476422,0.470739,-0.6690626,2700.7242755100774,431374.3645109036,1.2872135698437455,2.290898631350074,2702.021671898717,104299.00265571683,5770.331774259868,1815785.7425398948,0.11070492393092106,0.0030090827977441704,123.046875,54,0.21659839153289795,0.33553510904312134,0.03025579,0.0012037859,2.7232833,9.599407,1.6183517,2.7603736,2.2855532,6.51857,0.03120135604511341,0.008927286570211183,0.46917295,0.11998287,0.3165314,0.06861335,0.3418656,0.07235261,0.40635312,0.11600284,0.3035746,0.05871446,0.3398512,0.09386784,0.3365924,0.059545476,0.48881513,0.10797052,0.39491102,0.08036992,0.42116776,0.09855238,0.45022824,0.108473234,0.3928328,0.07849604,-88.24924,1616.9027,0.049750324,49.143414,69.507545,357.76416,0.019202538,12.470384,-4.542961,277.8506,-0.0070829154,10.228826,25.632286,138.08475,0.013608277,5.41811,13.810665,150.62805,-0.010975323,3.5388901,12.0762825,125.70048,-0.013555002,5.164649,6.5906086,81.64145,0.00045253875,3.1612072,12.561794,58.361248,0.0105278,2.4203687,0.003208361,67.91912,-0.0068808207,2.408958,10.860878,79.60415,-0.00841776,2.59659,0.6611805,77.571434,0.005375386,2.5767627,2.3251734,50.02838,0.0040146788,1.6903135,1.4447222,67.810936,-0.004707287,1.9112054,1,ai_disco_01.wav
0.13610105,0.003958773,0.5170659,-0.48372245,2771.7706604186637,444577.27869259997,0.8120794584049509,2.540382545916845,2634.6253855864534,104935.0594995502,5769.690111473249,1461791.0233208903,0.12654269664280185,0.004224391757666652,123.046875,60,0.2801787853240967,0.4622946083545685,0.04636279,0.0021735374,1.8499213,3.7476835,1.7350923,4.972744,2.251898,5.327385,0.01280016419737087,0.007141932651526247,0.37169802,0.066744246,0.41603234,0.06625608,0.51604694,0.09358981,0.45835003,0.077475265,0.5384756,0.10727486,0.4117413,0.060721904,0.5543918,0.0879934,0.4631312,0.093429655,0.3574349,0.07080666,0.41153803,0.09687408,0.38834864,0.069424234,0.52729535,0.09710598,-79.257515,3010.2493,0.11651613,105.26459,70.281715,640.99023,-0.0019611854,24.05295,-12.03294,415.0643,0.03538801,18.252388,18.948685,204.177,-0.034820992,7.1055217,-2.894127,203.0553,0.025084263,8.712443,4.027396,157.14601,0.011194786,7.159523,1.0729688,173.587,0.0068123634,6.4322166,4.0755095,110.20553,0.0066067413,4.737634,-1.5059812,102.58342,0.0031037752,4.010552,4.905299,108.332504,0.00437972,4.720724,1.9766254,92.55768,0.007271007,3.4527116,3.7507339,65.19517,0.0072614844,2.7343147,-3.3216312,58.82157,0.012549728,2.5064948,1,ai_disco_02.wav
0.13610105,0.003958773,0.5170659,-0.48372245,2771.7706604186637,444577.27869259997,0.8120794584049509,2.540382545916845,2634.6253855864534,104935.0594995502,5769.690111473249,1461791.0233208903,0.12654269664280185,0.004224391757666652,123.046875,60,0.2801787853240967,0.4622946083545685,0.04636279,0.0021735374,1.8499213,3.7476835,1.7350923,4.972744,2.251898,5.327385,0.01280016419737087,0.007141932651526247,0.37169802,0.066744246,0.41603234,0.06625608,0.51604694,0.09358981,0.45835003,0.077475265,0.5384756,0.10727486,0.4117413,0.060721904,0.5543918,0.0879934,0.4631312,0.093429655,0.3574349,0.07080666,0.41153803,0.09687408,0.38834864,0.069424234,0.52729535,0.09710598,-79.257515,3010.2493,0.11651613,105.26459,70.281715,640.99023,-0.0019611854,24.05295,-12.03294,415.0643,0.03538801,18.252388,18.948685,204.177,-0.034820992,7.1055217,-2.894127,203.0553,0.025084263,8.712443,4.027396,157.14601,0.011194786,7.159523,1.0729688,173.587,0.0068123634,6.4322166,4.0755095,110.20553,0.0066067413,4.737634,-1.5059812,102.58342,0.0031037752,4.010552,4.905299,108.332504,0.00437972,4.720724,1.9766254,92.55768,0.007271007,3.4527116,3.7507339,65.19517,0.0072614844,2.7343147,-3.3216312,58.82157,0.012549728,2.5064948,1,ai_disco_03.wav
0.11810813,0.0014980424,-0.3197123,-0.11624551,3351.6809121642095,352970.49701870314,1.1771933139461501,3.583149194746487,2790.7297641835953,64399.69779780553,6626.326598176277,1215433.58527879,0.18425927885545665,0.004457981732524215,143.5546875,71,0.19644159078598022,0.32770437002182007,0.06453053,0.0031460756,1.9523376,4.6685295,1.5111787,2.743753,2.753149,9.725394,-0.006262665473838908,0.020859832744574463,0.3648574,0.10743457,0.3113438,0.06560902,0.4228422,0.10845815,0.2933428,0.07231165,0.28731963,0.064421736,0.41155183,0.116857804,0.2584582,0.05543949,0.28447008,0.0810901,0.255726,0.05382421,0.38356292,0.07374535,0.50247085,0.13353297,0.31957388,0.06686515,-77.43229,2502.506,0.026546065,66.96235,43.777508,561.1699,-0.00021635194,13.6501665,-13.55701,342.5118,-0.017568817,9.122893,16.74045,300.17874,-0.018321432,8.752449,-2.051698,174.92404,0.0034988658,4.9968133,3.9869936,223.23665,0.012646362,7.8489323,6.163405,140.74402,0.01585703,5.9290395,-1.5215603,159.4993,0.019785322,5.436904,1.8827544,126.92033,0.004346058,5.0621552,-0.02386934,90.80651,-0.0021137288,3.692069,-8.980296,95.462524,0.0008715845,3.320323,2.6081705,84.16017,0.002777625,3.0855606,0.64994115,91.712585,0.01983635,2.987448,1,ai_disco_04.wav
0.12288196,0.004812961,0.93371236,-0.10199213,2647.172314555565,432460.11982998595,-0.16091987701421484,-0.6359876505199273,2711.457953671263,110226.80631443833,5715.790437397204,1729853.9292094302,0.1107234423374613,0.002767548209715073,117.45383522727273,59,0.29190462827682495,0.5645703077316284,0.036867883,0.001312729,1.6259813,2.9693565,1.9067379,8.114424,2.2931347,5.1786537,0.032328487804753454,0.01235452453504883,0.54283476,0.098489694,0.5060852,0.052537534,0.61303616,0.09650512,0.45528635,0.056009334,0.5344703,0.08759745,0.4445549,0.08159818,0.38847777,0.06566403,0.4732691,0.09439254,0.44708905,0.06663497,0.5956883,0.09296888,0.4363833,0.052734043,0.44563812,0.058493964,-107.07767,4648.184,0.08778366,179.97574,74.709114,482.83426,-0.005360602,18.193066,2.2745502,577.7844,-0.03651584,16.571949,28.90065,116.688576,-0.012586798,3.836902,6.2608433,79.09382,-0.00568581,3.0335069,11.77153,85.85419,-0.0069420417,3.2657619,6.5145636,56.138897,-0.0063179154,1.9421868,8.463067,53.367878,0.0018117169,1.9031307,6.3935895,47.6843,-0.003857755,1.5962017,4.6737013,43.4312,0.0019465921,1.4361334,-1.6155957,48.457375,0.0016046948,1.6818101,4.5438304,38.74358,0.0057192887,1.0983479,-0.4070105,37.034023,-0.0044901,1.1286309,1,ai_disco_05.wav
0.13602702,0.0034156193,0.401249,-0.53230906,2534.3715231176784,420558.5755251779,0.23896239699497066,0.49904842257212234,2731.3759042710344,130119.89231463759,5632.099276799536,1974928.6462366765,0.09248470152863777,0.0017852130362327283,117.45383522727273,51,0.25379714369773865,0.42964479327201843,0.030037092,0.0012340797,2.3894987,7.8838587,1.6753246,5.5712204,2.932408,10.558345,0.05424382032645225,0.010234004230182215,0.4061149,0.08733728,0.27845168,0.05399697,0.3378441,0.10953808,0.37811103,0.066487245,0.61825514,0.10909538,0.40867057,0.083101705,0.30475363,0.05762967,0.3676674,0.077193886,0.38818875,0.05236854,0.6319016,0.10710657,0.37432063,0.049761523,0.37275916,0.07520185,-96.29086,4332.2734,0.020249464,180.90672,80.49952,553.2105,0.024122616,25.097506,8.031966,279.22058,-0.010275879,12.218682,31.352972,235.7035,-0.022474233,9.624042,5.5201902,74.85715,-0.00024228274,3.427965,8.123959,108.88471,0.00044258017,4.2159715,7.244954,84.49242,0.026107198,3.2829895,0.5417345,79.49934,-0.0066241072,3.5351002,1.8609247,63.46693,0.0071423864,2.286371,4.6859536,57.220383,0.017240392,2.2280343,-5.3500695,52.952477,-0.0044712145,2.286074,-1.8663055,51.4409,-0.003467247,2.1810608,-4.4679403,46.316837,0.0060105044,1.7005358,1,ai_disco_06.wav
0.13453433,0.008252427,0.46192336,-0.98392725,2748.449892848427,1582694.2576178268,0.16483554428705616,-0.4173030009130043,2407.686187658518,312846.6674473601,5326.9177888569075,4613940.120379724,0.13866696195336686,0.011214157536523453,117.45383522727273,60,0.36840730905532837,0.6752393245697021,0.053513646,0.003692348,1.1430762,0.46770477,2.1512136,17.51041,2.9133992,9.481394,-0.007818561916198973,0.012475812805319493,0.51467633,0.07388166,0.58044064,0.095577,0.5429013,0.10556949,0.42669147,0.073310755,0.40765145,0.08496164,0.42085502,0.07156931,0.515262,0.08993572,0.4021731,0.06704608,0.42882034,0.075838156,0.5152497,0.09873914,0.5040301,0.063702494,0.6043846,0.099006735,-139.07526,13854.19,0.24905661,464.7528,66.36772,2092.92,0.023588382,47.774185,-16.529865,623.17505,0.094209276,14.427776,17.349579,370.63205,0.030184306,11.4645195,-1.6527836,281.14395,0.010031899,6.5379114,14.9797735,138.84657,0.019737775,4.4390717,5.3499646,149.0544,0.012105351,3.8090715,13.564605,94.02406,0.0019704956,2.5942507,0.7468035,86.823456,-0.027543215,2.2696342,10.685639,76.72778,-0.009207178,1.9508193,0.42000827,81.42644,0.02252155,1.9421848,6.4170594,55.597088,0.0091014,1.2697687,3.567351,60.448784,-0.009253933,1.4954011,1,ai_disco_07.wav
0.16063221,0.0049224426,0.83229434,0.22113514,3097.8977126220534,727444.8390482216,1.680431664287991,5.982486886530591,3028.082281500808,64773.70073661833,6920.983149761755,1423658.486153422,0.09314645111745357,0.007820052074431268,123.046875,59,0.33880525827407837,0.43677493929862976,0.024450867,0.0017241454,4.1121607,18.597275,1.4067689,3.9679193,3.4193027,14.218164,0.046625841241964866,0.021366763078655704,0.5513332,0.1351111,0.3883608,0.07323626,0.39508986,0.083887234,0.39765945,0.087824345,0.34098104,0.065038785,0.40006307,0.11307396,0.39464086,0.06652532,0.54499906,0.114825435,0.45401153,0.09445604,0.40295008,0.098434046,0.38392672,0.08555106,0.41797182,0.09882245,-119.074936,2577.039,0.031860244,89.10981,45.63172,527.72125,0.023331022,12.713415,12.484403,348.64062,0.020242786,9.063085,28.720667,251.3826,0.047663737,4.548461,13.66601,146.76846,-0.00076465635,2.5485013,11.569725,415.01382,-0.01323922,6.661345,10.381379,124.71007,-0.027983362,2.262838,11.567717,156.63562,0.0204782,2.0918062,4.1586304,68.405136,0.008804788,1.495444,8.080513,89.242805,0.0057480894,2.0216424,-2.671941,102.82631,0.022271948,1.8224529,10.530705,82.337906,0.020917874,1.9845474,-1.0659845,171.7485,0.00533507,2.293867,1,ai_disco_08.wav
0.15995578,0.004232167,0.1997322,-0.07921982,2834.996961418177,1025621.3545563602,0.6789923581843696,1.328271093123659,2969.0994984426234,164589.4939345603,6482.369135334026,3266707.1684262315,0.10403829757643189,0.0056325833108324145,117.45383522727273,52,0.32231414318084717,0.406706839799881,0.022934929,0.0010695974,3.6598427,18.804783,1.4735945,3.0654223,3.085022,11.301116,0.03325273352821334,0.021261210329207664,0.3774608,0.12262912,0.33456835,0.08036666,0.4465009,0.13734855,0.32517496,0.07596635,0.32901895,0.08621387,0.36930954,0.10938142,0.3477771,0.08036687,0.3690541,0.09722638,0.3164063,0.06355774,0.41146803,0.11556912,0.3197043,0.07777363,0.32182133,0.07805312,-120.221825,4703.725,-0.1693115,117.929665,60.321106,1236.661,-0.0034412378,29.559204,39.743374,585.74567,0.035354387,13.379127,37.30932,358.1929,-0.03126848,5.7163606,10.078663,197.08337,-0.023653306,3.395374,6.597608,202.3011,-0.0207696,5.287816,0.17625318,170.14847,0.005498964,3.1699457,-2.842057,155.87526,-0.0040919743,3.0099027,-4.793319,117.95292,0.0010590922,2.2588813,1.6872978,101.20865,-0.008881756,2.3715396,-9.871151,160.00613,-0.03565306,2.5395024,-4.987425,101.59782,-0.0052240063,1.8292316,-10.826739,108.115204,-0.009860812,1.8597533,1,ai_disco_09.wav
0.076378904,0.00078117166,0.837139,-0.10731125,3359.2960287422366,164011.38527206448,0.008436313565141348,0.28715975274253935,2836.9090883848003,60628.21206223732,6783.775646103425,754319.7449358207,0.16926995150445046,0.001762911240876445,129.19921875,62,0.14770908653736115,0.36593151092529297,0.06346404,0.0012125691,0.71101964,0.16979146,1.7010313,4.85492,1.9070357,3.1465044,0.020431195805237584,0.01934392168831384,0.39252496,0.08515286,0.36308637,0.04292382,0.58679736,0.09847113,0.40346283,0.07127687,0.3548811,0.048111454,0.45126924,0.074285574,0.37889484,0.054751724,0.4853243,0.10357743,0.3710173,0.048666272,0.54808944,0.0834644,0.634111,0.09653177,0.35604405,0.042717222,-112.77677,2180.9668,0.0003847323,89.4184,42.303528,217.14667,-0.0020970707,7.804757,-10.855784,280.41302,-0.010325637,11.370483,28.857758,173.36395,-0.01190223,6.4689713,11.512641,67.10691,-0.007946547,2.375548,14.827626,64.45827,-0.005276931,2.3977666,15.506146,41.890938,-0.008353463,1.4769346,13.131492,42.789238,-0.0091331825,1.0990589,5.7144427,39.603546,-0.0068230387,1.1668919,3.3352284,48.568672,-0.010018988,1.5356573,-4.7791557,39.915863,0.00094846456,1.3870972,0.3895785,44.128265,0.0010582788,1.346486,-2.0393333,43.91436,-0.016702984,1.4670925,1,ai_disco_10.wav
0.15559447,0.005993275,1.0330983,0.57310414,2457.9356296547808,895169.1726542371,0.9602734725194179,1.6154982036422707,2592.754794115569,216166.06696573753,5302.7346017559985,3320668.166181938,0.08459321485584366,0.004882175530740739,172.265625,86,0.3752088248729706,0.4975513815879822,0.022463404,0.0012374227,3.676601,17.02015,2.1073508,6.7776384,2.3918161,7.13033,0.004213335650821146,0.04459475566002919,0.34626105,0.07026762,0.37499276,0.04974363,0.52206016,0.09001031,0.67090607,0.1118726,0.51871777,0.080115914,0.44288176,0.076485895,0.37005726,0.061589576,0.3533928,0.07518613,0.3162882,0.089714944,0.38254073,0.10117802,0.48281303,0.11048546,0.35386112,0.076699264,-114.82234,4606.827,-0.05935997,142.759,81.74721,1260.0803,-0.011167909,40.773037,9.174613,787.02496,0.033171788,27.937563,30.504097,543.6097,0.016007334,16.667986,2.9962249,430.14032,0.033368047,14.730471,2.9507987,220.10953,0.028283317,6.6408677,4.9390836,225.26836,-0.01613039,6.211015,8.537819,169.05325,-0.01224228,4.244718,-1.6031846,138.33473,0.011849153,3.829557,7.1055446,122.84646,-0.0037273136,3.567151,-4.9828963,176.83775,-0.02636906,5.35088,7.4453244,107.33323,-0.00032836365,2.8329432,1.4288642,112.19437,-0.017349456,3.080106,1,ai_hiphop_01.wav
0.18394981,0.0041514924,-0.94197345,0.48385477,2241.2513098860595,631059.0559914141,0.41313362140126125,2.355326170786724,2464.0389515014826,226008.92198728907,4773.079471174778,2871508.7023072406,0.07666053417666409,0.002931082396172519,129.19921875,53,0.30698901414871216,0.3502698838710785,0.016226456,0.00099762,4.485538,24.436716,1.9196647,10.655022,4.060826,20.501646,-0.0031597193868789447,0.01837948476246056,0.43423018,0.10736445,0.39778128,0.10659824,0.35286096,0.08637276,0.36397254,0.09815299,0.32124323,0.08006912,0.3325722,0.065588824,0.49169666,0.11672834,0.4229213,0.09702063,0.3546555,0.0857222,0.33936095,0.085649334,0.40082395,0.0863234,0.55816,0.13560191,-116.83683,8232.648,-0.069089584,278.0301,79.08085,1026.1124,0.01632136,27.856653,-7.4917765,491.6188,-0.051993877,12.527253,18.967705,355.33414,-0.02659628,5.343075,5.631216,280.04077,-0.025557881,4.3858647,8.544301,321.90408,-0.023979696,4.124806,6.2979136,250.37036,-0.022518033,5.2757254,7.7717156,247.3357,-0.03830481,3.7392654,4.246396,137.34851,-0.003455642,3.4797666,10.864981,134.91423,0.0030954496,3.5982356,1.6605933,101.084366,0.011657592,2.637813,10.084308,109.07788,-0.014804753,2.3027284,3.8556993,98.511795,-0.03901263,2.160623,1,ai_hiphop_02.wav
0.3120774,0.014897092,-0.002550291,-0.7297342,2074.98319931221,586559.7190889324,0.44860512549259596,0.40383863243020857,2565.519633079011,220736.92908699968,4676.155057263448,3526498.926635737,0.0644561484133127,0.0022055482625342,184.5703125,89,0.5424341559410095,0.39110055565834045,0.010799087,0.00037949593,3.8146007,17.585527,1.997576,5.8926363,2.6427677,9.4336195,-0.003894367702577932,0.00912928689057173,0.52883554,0.10872838,0.45083603,0.09816489,0.4049153,0.07841948,0.39931372,0.07470939,0.45307824,0.09218946,0.50497615,0.11811084,0.45706904,0.09330482,0.4920661,0.11201796,0.48812357,0.11728236,0.44038293,0.10355847,0.44573408,0.107699595,0.45401114,0.0859181,-87.93179,3633.7725,0.047087997,77.38297,75.66935,1040.3617,0.03862427,23.522943,0.54516035,476.518,0.054719873,16.201754,34.333744,477.27573,0.03496972,13.607848,31.624844,340.47916,0.029092263,8.064645,5.7326593,236.4146,0.0035292895,6.0930333,0.8087756,207.14865,-0.023546273,5.0668774,6.7684174,157.96266,-0.011391001,4.40838,4.485678,135.99545,0.0045668287,3.7629976,6.5669065,114.68624,0.008298647,2.9892292,9.585944,88.8602,0.0075143175,2.7197187,13.948797,92.41653,0.0033293844,2.6118963,4.5206547,87.59109,0.009374131,2.5319157,1,ai_hiphop_03.wav
0.1561486,0.0073652933,0.3795636,-0.45483303,2216.601104451193,1663777.7730459964,1.048504514871846,1.1190626990972072,2506.963238476353,489183.4112610896,4683.4716796875,6696761.990947989,0.07965446920955882,0.007784513195905719,92.28515625,41,0.3975789546966553,0.5496129393577576,0.018293342,0.0018518606,3.9091196,17.338078,1.6483009,7.25468,3.4366503,14.641863,0.02222946815860843,0.062502687718849,0.36832947,0.12530725,0.4068195,0.095225416,0.44407016,0.14649624,0.25600508,0.04194479,0.2544137,0.08623743,0.21958016,0.07149282,0.20796742,0.074663855,0.24466193,0.09973688,0.24639146,0.061121654,0.34727237,0.10912186,0.2905966,0.083814315,0.31018832,0.10711932,-178.55573,7957.6113,0.01840882,272.86462,84.532646,2621.7195,0.011846394,71.53326,14.195497,973.8322,-0.015820704,21.136347,31.92303,580.6114,-0.023016192,13.909228,20.005318,373.8482,-0.004347955,8.263415,-1.699865,469.53116,-0.032388423,7.941367,3.616043,215.82837,-0.0022725617,5.301595,-7.837112,337.34137,-0.010176033,5.9488106,1.283979,237.19704,-0.024117636,5.0204816,-2.2220562,226.78894,-0.025189249,4.2265596,-2.9154768,195.93571,-0.018403793,2.8164089,0.8224523,232.81453,0.025944656,2.7077932,-3.5993538,162.81775,-0.019527387,2.349496,1,ai_hiphop_04.wav
0.13553388,0.0067069354,0.75343776,-0.108639,2541.962408650296,1379918.272155177,1.116124547222643,1.992677184723874,2536.2647975127798,381386.7498764054,5366.367550309597,4705696.010427964,0.10235539014125387,0.007728930816148183,143.5546875,71,0.36977219581604004,0.6042465567588806,0.028045123,0.002080928,2.8185446,8.568439,1.9124081,5.4295487,2.474163,6.6117992,0.024851437726832865,0.016118938892424366,0.30614385,0.079734966,0.35427284,0.085320145,0.47699893,0.10004522,0.44539404,0.092841946,0.3399777,0.06989282,0.33638066,0.07539853,0.46444088,0.12797448,0.54544693,0.13834159,0.4769048,0.111351795,0.45221406,0.107035786,0.40269163,0.10366103,0.31865004,0.0883364,-136.5665,6920.4634,0.13505179,155.68933,77.8998,1736.9475,-0.050274167,49.01559,-2.5540564,851.72253,0.0024005843,26.044426,7.981224,452.8212,0.015866777,10.518647,0.34997106,469.0047,0.025289405,10.529439,2.8632865,395.8559,0.012085991,4.4501305,-0.80201083,203.43001,0.014047336,5.4114237,6.260512,168.5181,0.003887934,2.4389062,-6.4194403,187.17433,-0.007977052,3.51738,0.8876039,277.86398,-0.0050960695,2.9095485,-3.6048172,179.88698,-0.0072706696,3.5537128,-0.61235756,109.17237,0.0072083636,1.7999054,-6.14619,119.03662,-0.005382361,3.0175998,1,ai_hiphop_05.wav
0.12221121,0.0042720735,-0.19318232,-0.74286914,3272.928830457482,1701400.5570115866,0.1315956681748355,0.6945490014424647,2979.4368567231973,282900.1379935164,6967.899532731472,4382019.314549971,0.13585594342589008,0.013825674336648027,117.45383522727273,57,0.2580491006374359,0.5348207950592041,0.044726253,0.0045681647,2.9449449,9.884446,2.2741075,15.791158,4.027295,21.712383,-0.011914004002007962,0.018539763251957025,0.42755315,0.11952028,0.38310078,0.09814462,0.35917455,0.09635352,0.40575188,0.12502307,0.33064795,0.0808276,0.32755643,0.10274722,0.2831043,0.070934154,0.3489098,0.077066235,0.4873643,0.1403374,0.43417665,0.100804076,0.46890646,0.12331197,0.38533068,0.088658266,-181.00919,20937.266,0.07539538,549.96313,38.213108,1742.7852,-0.029089872,50.62661,18.454147,754.4404,-0.030409858,30.225504,28.134653,499.60062,-0.03217376,16.902071,14.678274,304.79977,-0.02636467,10.924319,0.20907395,317.90842,-0.014001916,10.027222,1.5573407,267.80075,-0.018719738,8.854284,7.0821695,147.2045,-0.012435669,5.1498265,-3.0367541,181.41103,-0.010110302,6.1437016,6.4121046,138.5072,-0.0051152995,4.7136207,-8.307723,120.97574,0.0005094392,3.9086854,-0.8872573,84.80725,-0.009773076,3.2900991,-3.104643,86.582016,-0.0056442777,2.8519104,1,ai_hiphop_06.wav
0.14758313,0.0064524743,0.6836933,0.20156813,3007.204172237643,891616.66097629,0.6741673030523067,0.5564541215133549,2927.330094931447,110527.13565202653,6523.243888169988,2640172.284548926,0.13580832466621517,0.008143287564290868,129.19921875,29,0.38804328441619873,0.5442850589752197,0.048994046,0.0043699825,2.1531742,4.5005155,1.5650022,5.134925,4.834644,30.19331,0.02220979124307227,0.02930984282419267,0.464463,0.14191544,0.39779112,0.09008658,0.41052935,0.11053872,0.35205084,0.0832161,0.41999236,0.116212204,0.38461682,0.102563664,0.29450092,0.070546515,0.34408447,0.088202395,0.33938396,0.07467867,0.44355878,0.104051985,0.46269986,0.10865106,0.44026506,0.09267042,-101.1287,7423.7866,-0.46228802,214.17809,66.52637,1104.9812,-0.08597606,30.801308,9.984687,501.07993,-0.044089384,14.2309,16.324791,504.76248,0.005109102,8.681885,-3.5528288,209.99872,0.008427303,4.343375,2.6677527,223.6932,-0.0033892868,4.883012,8.095726,197.29976,-0.011601116,5.995094,-7.131983,178.1304,-0.011861119,4.934011,6.449998,194.84145,-0.014033577,4.0870624,-2.7648885,90.556694,-0.009319155,2.3271236,-7.3702183,108.590256,0.004815378,2.470558,-0.20088181,78.30651,-0.004992064,1.602903,-7.7417946,88.51771,0.013175579,1.9121119,1,ai_hiphop_07.wav
0.13889946,0.007066895,0.4467284,-0.501106,1690.8971955956524,708691.5823273994,0.7195118821060335,0.3035804728649176,2091.348785988857,507025.44222465064,3690.8193487870067,3896188.8906235048,0.052720391713428794,0.0011622444284963306,143.5546875,71,0.3561711311340332,0.6052206754684448,0.008518091,0.0003270852,4.303772,23.122782,1.4122131,3.7056859,4.24272,26.142382,0.01191351896572593,0.0453202849769782,0.4025184,0.07783091,0.39278528,0.089444235,0.46187094,0.118326195,0.4281132,0.08970456,0.3958246,0.104633875,0.2728651,0.06675408,0.27667978,0.05853198,0.21719506,0.059167814,0.17802176,0.047243424,0.24516018,0.08688671,0.34042305,0.05581912,0.6202176,0.114739954,-169.60207,10206.52,0.07031103,79.3487,112.05184,1416.9719,-0.050901506,17.98378,11.32167,365.58014,0.0051651984,9.881499,29.003887,254.82396,0.015881028,4.6734357,6.9993696,203.50528,0.0026345416,4.1216087,9.835579,220.7223,0.0067626787,2.831585,4.201482,126.95221,-0.010416702,2.3914149,-3.3387568,155.74309,-0.007929749,2.5747066,2.1277907,130.31953,-0.022177225,2.336617,0.92583275,93.573616,-0.00027096973,1.6840959,1.2153931,137.76637,0.011325186,2.6497636,-0.33651564,72.37776,0.0030973675,1.5897588,-0.5818435,57.711113,0.008616851,1.58196,1,ai_hiphop_08.wav
0.16375986,0.0048357556,-0.18695231,-1.0024613,2563.1375146427176,777651.7541276601,1.3111846683721597,2.372731566486852,2648.2041682291706,153338.67152436572,5517.466636634094,2584740.267986149,0.08980935867356811,0.005267217172291492,99.38401442307692,49,0.28881770372390747,0.42464375495910645,0.02689283,0.0017828824,2.4853098,6.0968733,1.921936,5.260231,2.5553439,7.341872,-0.01384954628571497,0.03216479845791172,0.3478299,0.09280186,0.3766719,0.09138489,0.38475192,0.091911726,0.40304604,0.09853242,0.42930573,0.10258494,0.44544086,0.10645365,0.45213762,0.08999661,0.44850853,0.099384636,0.4765521,0.11212023,0.44068214,0.10938255,0.42459655,0.094903335,0.3940296,0.10233727,-105.20399,3115.1433,-0.03627735,133.39229,75.41158,770.2813,-0.0117232995,30.624556,4.2315335,759.7862,0.06264538,29.16523,24.699806,320.21573,0.05338473,11.741562,8.950019,293.9891,0.002283455,10.419723,6.4597425,253.19398,-0.0044464725,7.6877284,0.7628929,165.9764,0.001877863,5.303543,10.326326,134.26012,0.006533426,4.5038376,-7.333186,124.354454,0.019592352,4.288852,4.938415,93.73431,-0.0019825147,3.1998296,-2.0299268,117.023186,0.0020356548,3.396012,1.4278922,81.29873,-0.0006517729,2.7376714,3.3851972,72.912224,0.013876354,2.3499696,1,ai_hiphop_09.wav
0.17368373,0.0038137126,0.89354736,1.2287064,3576.6332551534733,960693.3276282306,0.8134844784744036,1.0348109462246535,2984.0293925103874,65843.12250271557,7262.597750731666,1360548.902719097,0.18074153746613777,0.010169793295954445,123.046875,62,0.342003732919693,0.35556158423423767,0.07898295,0.0042600515,1.1235365,0.9855859,1.8340651,3.069943,2.0366077,5.6430893,-0.0322593018142924,0.025139502405140308,0.3949106,0.08163763,0.391876,0.084345,0.3958788,0.08494457,0.44105935,0.09610263,0.45406085,0.080156155,0.54368806,0.09751369,0.48978233,0.08473823,0.42697775,0.08432055,0.39469233,0.08432444,0.39052176,0.07995814,0.4814115,0.11441016,0.43838057,0.095515236,-44.022644,1965.9207,-0.01548098,60.894882,43.019447,872.88495,0.058977317,28.351429,14.329044,564.5904,0.02032327,18.241209,26.648132,337.39355,0.026247999,9.143326,4.201707,331.83063,-0.0061085573,8.836338,3.165711,155.11395,-0.0013993126,4.2015376,-0.1675621,167.56635,0.02191046,4.0748644,7.074347,126.38477,0.020532602,3.9689012,2.0554674,98.495705,-0.000271637,3.4362483,5.8128924,104.27402,-0.0067162085,2.733509,-0.67154855,81.37204,-0.00091833965,2.3812106,2.4804783,65.333115,0.012303912,1.8676229,-7.5669603,62.85055,-0.0034562007,1.8930936,1,ai_hiphop_10.wav
0.04093962,0.0011498776,1.3388002,1.3437448,1424.3333604438521,598724.6683625723,1.167738826637671,0.769523432604402,1850.5245340949828,352653.7733166163,2865.257674178841,3374701.134039478,0.0495548779750387,0.0010356203369037643,89.10290948275862,26,0.16874103248119354,0.8282892107963562,0.0077155367,0.0005160933,5.3138638,32.601295,1.4550819,5.8910713,3.4320548,14.071905,-0.02669451586373417,0.04013101466746967,0.23257768,0.0769736,0.2657427,0.12073515,0.30788252,0.08395336,0.5300125,0.14571938,0.36619696,0.10713387,0.24496593,0.07756431,0.23533545,0.09576896,0.21175902,0.05513636,0.3128561,0.124634735,0.22956452,0.056630198,0.3561997,0.10979845,0.36129186,0.112662405,-324.24908,7053.034,-0.121158816,165.82263,121.82053,1083.8645,0.0106009375,31.990622,7.928481,532.6156,0.046153072,7.5318284,20.378565,143.58095,0.027784176,3.3568485,10.410537,160.23062,0.00706478,3.3198545,10.503485,85.78348,0.0028470678,1.6356156,1.7634693,87.6012,0.011782808,1.3155149,0.3609606,121.471794,0.014103445,1.7347118,-3.834893,89.45194,-0.0060252515,1.3038446,2.9880147,57.284576,-0.022618461,1.0868925,2.0329144,62.6812,-0.01906437,1.2574506,1.6361798,97.38771,-0.014763528,1.4864031,-2.5968652,55.517567,0.006697766,1.1028365,1,ai_jazz_01.wav
0.094770364,0.001221202,0.7935702,0.7881763,1042.9886237521139,171467.2634796467,1.436597116352051,1.7339502962032327,1568.383045278475,195909.19093884865,1946.1965649489648,1346298.3261733025,0.03881987108165635,0.00035904084706382103,89.10290948275862,44,0.2161315679550171,0.3687407970428467,0.0016353136,1.9350562e-05,6.5374312,64.74097,1.578001,4.2759852,2.095526,4.352281,0.03538661770180788,0.02572022985818106,0.23103493,0.09778018,0.17774743,0.048209097,0.26771894,0.097693786,0.26780814,0.10806872,0.22898428,0.07387737,0.27641726,0.09991946,0.26769206,0.057241853,0.40889803,0.1527174,0.30578282,0.08717423,0.25561902,0.07029435,0.33856046,0.14056335,0.19932269,0.049198713,-254.02661,3272.7466,-0.08666759,172.54733,151.62317,858.7427,0.0031564464,35.37215,7.134878,170.10136,0.011740901,5.09443,24.766226,146.99892,0.011489507,4.98844,5.28941,96.0419,-0.0011299272,3.6603634,8.872661,82.942955,-0.0059504723,2.2293615,5.827289,121.42676,0.013322588,2.783428,2.9697442,111.57602,0.008110899,2.5470185,0.2556331,92.21329,0.004361265,2.2768993,1.8484412,94.650925,-0.0026242165,2.1297064,-1.097537,84.94073,-0.0029656445,2.1284328,1.5867662,98.956,-0.0077528954,2.1475217,0.20504051,88.63651,-0.0006512156,1.8461491,1,ai_jazz_02.wav
0.13439776,0.0037306205,-0.1994766,-0.85084724,1931.9713737180791,488514.9677140687,0.9454924237618421,0.45463691331442657,2283.094218974112,180994.42248951655,4139.283303653493,2654270.687865623,0.07347423447174922,0.0014898253312845976,99.38401442307692,45,0.26561856269836426,0.4544629752635956,0.009957806,0.00032502876,4.353921,26.035803,1.2118605,1.9644178,2.5018797,6.700533,0.04697596546844377,0.02954939555555102,0.33994424,0.13608417,0.20475729,0.04177862,0.36565056,0.14990376,0.23157267,0.043859612,0.32988128,0.1229972,0.26141602,0.09515676,0.18325524,0.031545024,0.3481969,0.13064195,0.24682051,0.076722324,0.2512688,0.07845324,0.23661494,0.09529336,0.23618253,0.056320414,-150.94662,4111.33,-0.11556876,46.63284,98.71782,775.7287,0.025863659,16.892975,-1.0599623,218.3376,0.011485183,4.621694,30.735739,157.98866,0.0071584876,4.113268,7.9866214,143.9204,0.0406498,4.0741425,8.93705,94.04752,0.020272985,2.5516179,1.0626724,87.75181,0.013164099,2.1891658,1.8999391,73.3296,-0.0031319088,2.026008,-5.950542,64.08654,-0.0072250683,1.9373556,8.559111,61.879456,0.0024286855,1.3596148,-0.48782992,93.157135,0.012344436,1.8170412,9.929949,114.932106,0.00206155,2.2851195,-1.3219379,99.93605,0.0061933943,2.1781528,1,ai_jazz_03.wav
0.10768212,0.0033961227,0.3538786,-0.31710124,2073.8850993440365,806536.9135192061,0.17789224167266968,-0.6586004324667787,2367.8331754257574,396562.70027355186,4510.472725788506,4350638.413299263,0.07451995755127709,0.0025604903056095966,184.5703125,88,0.2694932222366333,0.5411879420280457,0.013908977,0.00063817453,3.8924382,19.87601,1.298541,3.3346963,3.2483392,15.308348,0.0020900110613151436,0.03447039097360288,0.3084045,0.12585732,0.22986525,0.05242626,0.3228259,0.11777206,0.21261048,0.06320488,0.1840769,0.044136826,0.29853433,0.1001913,0.21967082,0.05394458,0.27047777,0.114069685,0.23665576,0.07859368,0.33318222,0.089960955,0.5127128,0.17653902,0.26953918,0.044900544,-188.71227,11370.64,-0.05267451,120.52005,88.88251,1120.4697,0.03364016,19.808155,17.74378,318.51474,-0.0037620126,7.4988694,31.806047,230.2396,-0.025010442,3.7176042,0.20235257,99.524124,-0.015192382,3.1334379,8.213457,100.94725,-0.005266371,2.1005447,3.2003012,82.37001,-0.008442998,2.1818788,-0.51217186,134.82764,0.0016841771,2.2871103,-3.0267916,108.80775,-0.017331053,2.072384,2.1381595,107.19544,-0.016190559,2.0050254,-1.7976377,87.11531,-0.018121302,1.7162637,2.7849998,110.68985,-0.006563667,2.146543,-2.9792778,82.40966,-0.0027275318,1.7967643,1,ai_jazz_04.wav
0.15008743,0.0021624658,0.082028605,-0.08617973,2325.733039590377,448686.9489508271,0.16028609427696172,-0.25628711061402765,2459.232353987449,142937.0498582288,5025.877942537007,1698733.236686819,0.08872395329431114,0.003110432001598741,92.28515625,45,0.27760201692581177,0.30983489751815796,0.028823828,0.0014919004,2.2293298,5.016721,1.3252065,2.4889634,3.2975059,14.871809,0.09363748438162763,0.024403602684775285,0.45900932,0.11019451,0.3964331,0.07228205,0.4446102,0.07647257,0.2887742,0.03747764,0.36393583,0.043602224,0.45547768,0.076126,0.4895801,0.05541678,0.7144886,0.0915365,0.47950593,0.061535697,0.44979292,0.07082466,0.4241006,0.08077384,0.3942164,0.05555693,-80.82843,3395.5696,0.035893418,76.74503,87.86051,733.7407,-0.01098789,12.767126,-7.129523,226.30453,-0.019601803,4.229391,31.847584,108.537704,-0.0037724064,3.2692413,-0.28308976,54.726715,-0.002243127,1.8456253,10.998502,52.574787,5.1345618e-05,1.3568064,4.0597773,53.56065,-0.011884791,1.3891714,9.572173,57.059204,-0.011284038,1.5544564,2.5378323,41.213905,-0.0020849104,1.0842892,4.4518995,33.612267,-0.0022152856,0.973133,2.5014894,31.16598,0.007768631,0.9107067,5.476835,34.81455,0.010336054,1.0146587,2.0222592,36.45548,-0.0019569057,1.0206205,1,ai_jazz_05.wav
0.1635758,0.003703103,0.62081087,1.0195842,2184.518991266361,763680.6345450111,0.06838530075795135,-0.5169588252312343,2447.3046993446924,266588.741656264,4662.246808031395,3596415.2532370347,0.08088386464783281,0.003395275410847221,123.046875,59,0.3314759135246277,0.37201792001724243,0.0107990345,0.0006402312,4.8836374,28.873573,1.5927536,4.9756894,3.3248382,15.015833,-0.060421380613083525,0.035174784573642356,0.21790871,0.06935643,0.27630356,0.10658587,0.22311667,0.061181046,0.34827954,0.14347728,0.24931784,0.061980907,0.30665863,0.09947015,0.29893342,0.11677666,0.2507508,0.06364625,0.36586228,0.13794193,0.27037153,0.06757623,0.35459852,0.1460634,0.22687405,0.06884664,-156.5296,5962.889,0.13208406,177.94093,71.58627,1399.8007,-0.05366158,37.74083,15.17999,711.1018,-0.039817125,12.736455,46.18634,249.66104,-0.016305303,5.6987343,10.292486,154.10272,-0.007668318,3.3355966,13.208589,149.61925,0.0008369282,2.9582834,11.802501,206.9613,0.0054690596,2.8152287,-1.6080874,147.32541,0.012049421,2.4616244,0.55818576,143.9351,0.00944332,2.3158593,4.1208615,91.000374,0.0047954316,1.9562206,0.6958718,224.24817,0.0072862576,2.5289025,5.7337294,227.79489,0.0065755844,2.3251612,-5.1886296,176.88687,0.0035910236,2.490407,1,ai_jazz_06.wav
0.18905902,0.00780575,0.75573915,-0.06251621,2302.6434871536994,1358319.4313901658,0.2235302647407412,-0.6640184758034904,2897.3426815307225,661191.1017711441,5616.382705168828,9591378.377199156,0.0595816502999226,0.0016201559794955895,112.34714673913044,57,0.406512975692749,0.4673151969909668,0.010354734,0.0003965652,4.082093,21.604755,2.268166,13.151854,2.3345582,5.1349344,-0.018433757165515378,0.015892025950728427,0.34676057,0.09355956,0.345178,0.10944748,0.31575897,0.080747165,0.4083595,0.10649149,0.41339594,0.106003776,0.316624,0.08779171,0.3862928,0.13178119,0.36734217,0.081005596,0.5549305,0.13283907,0.4405504,0.11788224,0.3478074,0.0829681,0.41702893,0.1108008,-184.25986,8482.719,0.054030795,251.45668,78.9785,2035.1672,-0.10193066,50.791576,62.362255,1161.3566,-0.010345052,29.13694,36.903008,344.76157,0.053137954,8.877958,21.538868,172.28285,-0.0017229108,3.9720626,4.5505705,168.7019,0.029492546,5.3148932,8.74337,161.71428,0.007216567,3.789702,5.9489117,183.438,-0.017619543,3.9910858,1.4935384,177.27562,-0.04007796,2.80719,6.565737,105.26877,-0.018510751,2.8608668,0.7147559,116.82798,0.013820447,3.1539469,2.3089561,143.48044,0.038065895,3.3951292,-1.4751016,128.63257,0.017603127,3.10209,1,ai_jazz_07.wav
0.10087616,0.005337126,0.8998502,0.14954042,1985.7093192207499,1677192.213114955,1.0675619375543899,0.41469944850923923,2360.3991680895283,664182.6177182737,4205.466236787684,8463433.386006828,0.07381058920278638,0.005367287027138728,99.38401442307692,49,0.31783345341682434,0.7242111563682556,0.024038538,0.0036340125,3.5809574,13.296659,2.5781465,19.688597,2.311096,5.463194,0.08436768978068168,0.04385779437627851,0.45523465,0.14539163,0.28417158,0.053187877,0.39884046,0.12277066,0.29835454,0.0620968,0.4260203,0.14000392,0.37159595,0.103952214,0.3133695,0.06519587,0.45421702,0.15295625,0.28876972,0.06286641,0.29346237,0.089838825,0.19772972,0.05741548,0.27391854,0.066404924,-243.57416,9251.441,0.060738187,198.717,96.66904,2575.0815,-0.020237098,54.023872,30.581877,1457.404,-0.021020409,30.97574,18.707315,376.33774,-0.013061529,8.188375,8.936925,281.94675,-0.00529783,7.233303,-3.396066,169.34346,-0.0054649008,2.7895496,-2.5497527,129.24635,0.003480616,2.5004141,-3.8778672,122.14839,-0.0003917557,2.577178,-8.028734,107.62899,0.00024173134,2.3021731,-3.4043047,120.66821,0.0059038317,2.3834493,-2.9978104,131.30577,-0.0013195665,2.8167064,2.143603,153.94958,0.005536024,3.2520416,-3.5542498,89.36723,-0.006194599,2.0309875,1,ai_jazz_08.wav
0.0711887,0.0013984462,0.84657866,0.056973457,2220.92067704088,360341.3074967197,0.7062887268570212,0.38166055051965975,2546.450013417371,133313.42234909872,4921.570239938081,2096527.0050993948,0.08098741655379257,0.0017565354984943684,112.34714673913044,55,0.18028226494789124,0.5253053307533264,0.02166038,0.0008361644,3.2543764,15.039839,1.5285474,5.3922877,2.681207,8.045061,0.0007440085435041566,0.016800385900044287,0.33456564,0.111636065,0.30367446,0.07029265,0.29084477,0.07231705,0.36880863,0.097796425,0.3502132,0.08076256,0.40547743,0.1194518,0.27430403,0.047536157,0.34731266,0.09452961,0.3188959,0.07755964,0.4006481,0.110588595,0.5256205,0.13981096,0.28085756,0.05613545,-179.60464,4527.2344,0.0050567472,172.65005,94.21523,591.7913,-0.002332432,20.178066,4.088174,372.22745,-0.015261476,8.287384,17.09172,174.23495,-0.0072916653,4.3795457,-0.6707213,84.79314,-0.019767622,2.0606782,8.927895,65.79007,0.0098182345,1.5364856,2.4923205,99.469574,0.008588976,1.9237115,4.0277057,80.03173,0.00029722753,1.9724686,-2.478538,78.643936,-0.015196108,2.1590257,2.402921,53.623257,-0.018655015,1.5549036,-4.5112133,65.7606,-0.008206105,1.480952,0.12596194,66.76293,-0.0011374811,1.3755143,-1.5984737,51.35711,-0.0003834332,1.1659771,1,ai_jazz_09.wav
0.16244696,0.00171277,0.38619074,-0.884588,2559.8772817214963,249190.32878880826,0.34361836936489654,-0.3600461844364089,2812.6559966582568,61133.82752921529,5837.331369122485,1136157.2906941704,0.09765133695336688,0.0009047735713943695,112.34714673913044,55,0.19122961163520813,0.2547639310359955,0.022402488,0.00029550635,1.6588429,3.696672,1.2374598,1.671449,2.0813346,4.996338,0.056877374209175956,0.02132924538239712,0.38385668,0.09932019,0.2912079,0.027265726,0.44535047,0.09897892,0.34528065,0.03456074,0.5660682,0.10491762,0.3798728,0.06840938,0.36007068,0.049268227,0.52170074,0.10164366,0.43630594,0.053981155,0.52439535,0.10855654,0.2856119,0.03169447,0.33892387,0.05635627,-69.83352,929.1869,-0.020450205,21.93129,74.07896,227.3889,-0.012352663,6.6075354,17.57077,92.1478,0.0066248314,2.971109,44.381973,76.184166,0.011279085,2.473727,13.452368,43.276424,0.010714447,1.2352657,7.0600977,52.860718,-0.017935205,1.3091089,3.8345928,46.680424,0.0018787923,1.3220682,4.367207,42.067036,-0.0084031895,1.2420117,-0.2906906,41.729767,0.00088998553,1.1571298,5.9399676,43.56525,0.007947707,1.1744536,3.0734987,54.74671,-0.0066256975,1.1584138,6.009958,46.68105,-0.003714106,1.0871143,-1.2092605,51.880695,-0.007457838,1.0821154,1,ai_jazz_10.wav
0.12434997,0.0023100888,0.6788109,2.935485,3367.421774039831,995596.4988613027,0.4743395191958242,1.0453890550193883,2995.3250430744297,180919.51632319723,6989.849400003628,2926282.23100028,0.15940530971845976,0.008165323908048677,99.38401442307692,47,0.3191494941711426,0.3865170478820801,0.0865339,0.009058992,1.7334718,2.9126396,1.8188945,3.9799314,2.0599215,4.670203,-0.020792028574071832,0.02642636861992902,0.4896585,0.11880945,0.5044042,0.105610505,0.3872288,0.09463902,0.3373812,0.09619036,0.31468162,0.07861409,0.35295874,0.1039381,0.30267715,0.084652245,0.3175778,0.06936305,0.3370823,0.08326668,0.31914493,0.07555075,0.33259884,0.09584975,0.31033626,0.067024425,-93.646095,8078.558,-0.049313553,111.858154,57.258278,974.5944,0.021264175,23.876585,11.937223,720.2025,-0.013518289,26.31063,18.919456,348.63324,-0.009310712,11.522081,0.596988,214.92432,0.00069577777,6.9275603,2.0202882,158.26984,-0.0040720445,4.5346923,3.6269736,128.16159,0.0130210435,4.194956,-3.741016,157.38385,0.012362692,3.3255343,5.1382146,161.55382,0.02539504,4.069916,3.10465,141.66162,0.022311663,2.8396287,-1.8233439,110.065475,0.006644457,2.468936,1.0525151,87.93277,-0.010050078,2.0119333,-0.07112164,73.07137,-0.008527464,2.1833787,1,ai_kpop_song_1.wav
0.13855484,0.0031376076,0.002696865,0.5741544,2440.1556905542143,1096092.768261601,1.5006609378814446,2.5476850731640734,2587.245759448083,166267.63494299646,5097.619175394253,3502639.9374029185,0.1002794389754257,0.007728114572475308,103.359375,50,0.2936174273490906,0.40427568554878235,0.040487878,0.0068448028,3.86047,23.244095,1.5485902,3.5864537,3.6238656,19.373287,-0.012908530178317425,0.03644915073243271,0.26771215,0.06011788,0.35149616,0.103755705,0.26281622,0.079904824,0.2529593,0.05704099,0.43150362,0.13709985,0.27350578,0.054815676,0.3465066,0.11517067,0.2485583,0.05895439,0.35478267,0.08441599,0.47489765,0.1356445,0.3151509,0.056935802,0.36959976,0.13026683,-126.50758,7054.86,0.06988787,127.91086,79.97473,1384.297,-0.06400036,40.374126,3.1096094,621.5361,-0.01574658,16.552917,23.306208,358.88168,-0.0011025774,11.016086,5.5040193,313.21677,0.008029685,7.562215,-8.162068,219.90063,0.013972321,6.539932,0.16521063,230.43974,0.0026015555,4.888591,-5.2080564,154.00493,-0.0015902264,3.276293,-1.5666978,135.67389,0.014145475,3.335691,9.9738865,167.5656,0.00678195,3.5413644,-11.111833,100.42068,-0.0008552569,2.30825,1.5913717,113.88265,0.0071295896,2.7308865,-10.560881,83.2316,0.006288385,2.0549996,1,ai_kpop_song_10.wav
0.14269008,0.00077397714,-0.9622844,0.60382414,3161.674278837786,476464.0888031521,0.47438117283985365,1.046383899102989,3064.9827047388,67602.43662636593,7048.207380454238,1506351.4117097831,0.12770633284152477,0.0038855538387912586,129.19921875,60,0.14697490632534027,0.19497111439704895,0.051011324,0.0025267082,2.2875302,7.2067738,1.4140935,1.7769301,2.250701,5.414073,0.026077920513422257,0.009603764992937585,0.33103782,0.07217933,0.3019183,0.046807267,0.41186514,0.11266471,0.29910648,0.056655347,0.33701336,0.10521822,0.23254718,0.04265942,0.33618522,0.069563545,0.44570276,0.11685092,0.3495629,0.06445037,0.44914344,0.11652725,0.344128,0.055136275,0.46948668,0.10964895,-74.822784,1304.3243,-0.032984104,46.072422,58.277687,482.1366,-0.034393348,11.581337,15.068208,228.21039,-0.014252038,7.050999,27.786726,177.57921,0.03446735,5.0685024,10.916542,95.676025,-0.002999471,2.4597337,2.2358413,141.32495,0.003723332,4.123542,7.194841,119.08042,0.007971105,2.8940918,1.8258196,134.02101,0.003961832,3.1259737,9.390105,103.747604,0.010731876,2.9151087,7.4475236,75.45338,-0.0003719758,2.1404326,-5.34132,116.066246,0.0074205524,2.2674685,6.8170686,96.45346,-0.0022600857,2.3306293,-3.9964974,75.38029,-0.0011999157,1.7263784,1,ai_kpop_song_11.wav
0.12976803,0.0016657729,0.25299588,1.8779945,2910.410477253116,750534.6814723664,0.9817247925302625,1.7636699448584139,2869.616840070464,126327.98925828536,6162.00440586905,2323216.319892004,0.12625887371807276,0.004762078052055941,107.666015625,51,0.260305255651474,0.31451416015625,0.04148076,0.002982922,2.4598,6.5639725,1.5093327,2.301847,2.4770932,7.8214207,-0.008200613783161871,0.06762070988258954,0.29123393,0.06315033,0.35951465,0.105308205,0.24704844,0.06476321,0.29439762,0.06289487,0.43625736,0.13161969,0.27212515,0.056001443,0.30521542,0.10458635,0.23648591,0.043613087,0.39406434,0.09455549,0.4537615,0.13217534,0.29683417,0.05727038,0.41049743,0.12257373,-105.18136,2459.406,0.03266329,60.966526,63.50919,1270.1185,-0.004535055,25.356575,8.786579,916.3663,0.03260453,21.40768,20.81076,458.7623,0.018877523,8.051956,3.4932575,335.376,0.025019394,6.8755803,7.26361,235.06291,0.011083731,5.0569043,6.2574105,185.66849,-4.264223e-06,3.983451,-2.288725,223.42004,-0.02507914,4.314664,12.740727,187.26599,0.004743605,4.0405107,-0.35298416,131.93312,0.008722417,3.0884748,-9.19916,148.04353,-0.0046788487,2.491161,-0.64127636,99.33127,0.0020089857,2.2093291,-6.3454566,105.33831,-0.0186598,2.5398645,1,ai_kpop_song_12.wav
0.13133058,0.00090105966,-0.5435378,1.0385151,3302.835393337667,1034015.7991828051,1.078630310536754,2.0798826066646203,2960.5855521890735,115426.55893683835,6775.950693419843,2275729.950292012,0.15676322440982973,0.00956454451026617,129.19921875,64,0.19377130270004272,0.22856561839580536,0.06316943,0.006042248,2.411004,6.2711077,1.5195856,2.4822075,2.9586346,11.956351,-0.0008802025585439095,0.021262729671542944,0.37393704,0.108480684,0.3123317,0.07639063,0.32396936,0.08000028,0.38680708,0.10903214,0.26927653,0.06127078,0.28682804,0.079649866,0.22753741,0.049702026,0.34035274,0.10002972,0.41939378,0.119116426,0.28786018,0.04585086,0.48987487,0.14859441,0.32127035,0.05872205,-88.41312,2095.772,0.016973441,71.8718,52.873184,864.6521,-0.05404972,24.87566,17.60768,459.6641,0.061508685,15.7484455,23.292747,390.09573,9.354866e-05,10.831593,-2.9370322,219.36978,0.032809544,6.5074677,4.3776064,243.85715,0.015305165,7.18301,2.0500321,143.69147,0.015767984,4.149383,-5.2303276,146.13028,0.03285803,5.0886993,3.7285492,116.792694,-0.010174742,3.0786104,-1.49354,92.839455,0.01509567,2.7362926,-8.036368,81.51602,0.0033571539,2.9122124,-1.0882584,79.24661,0.006361154,2.7006822,-5.533984,76.91369,0.02077036,2.5319161,1,ai_kpop_song_13.wav
0.15761304,0.0035412067,0.64364433,-0.16231179,2891.0952288332487,853874.8477062874,1.3032067107777645,3.5297762107720985,2732.914420759936,96959.50955390019,5855.714591294988,2085646.848625872,0.1388619721120356,0.008297955135922797,123.046875,55,0.2821560800075531,0.3775578439235687,0.064273335,0.0051221894,1.7675387,3.0093565,1.7505263,3.5764658,2.1994138,5.3099155,0.05379580074368919,0.009406471130379138,0.62460357,0.094769485,0.52978903,0.082446694,0.43893972,0.07694745,0.41956672,0.08402072,0.42983603,0.094585545,0.42338717,0.093234636,0.4478318,0.08536481,0.54373735,0.107107416,0.48363933,0.08517823,0.41502428,0.07058179,0.43776777,0.07412777,0.50962156,0.080334835,-66.14738,2459.6714,0.1158832,85.27339,66.54054,1055.7164,-0.026924187,32.251476,-3.082609,720.5509,-0.0029437195,23.57917,17.2439,531.67,-0.015824398,9.890285,-3.779456,321.9242,-0.021516655,7.5447407,6.2088666,315.12708,-0.005397593,7.016218,3.7782946,250.00278,0.0054883314,6.3595753,-4.601119,153.39224,0.018222721,4.1794953,8.299679,173.15523,-0.021598548,6.2306,1.8176262,134.03667,0.020340709,3.2255247,-5.71478,126.70416,0.005872464,3.2708056,5.7401905,105.95569,-0.008581168,2.7778516,-3.878229,69.697716,-0.008343858,1.8452069,1,ai_kpop_song_14.wav
0.14431557,0.0017828463,0.16983804,0.9982438,2574.0521915313884,651965.939677457,1.4206808848832486,3.0030167049252467,2690.036527495294,139471.69239102278,5524.366594910991,2419163.448766283,0.10563806114551083,0.003853984782634274,112.34714673913044,55,0.2612004280090332,0.29257941246032715,0.03489452,0.00217747,3.1155758,12.496232,1.5341792,2.7306626,2.758136,11.043618,0.0484377974088207,0.01442768213244296,0.44296983,0.13106361,0.29878283,0.060037665,0.3233107,0.10160523,0.26162177,0.060013402,0.34337965,0.10370295,0.35992205,0.11097521,0.29115152,0.05280834,0.47020087,0.13286062,0.29229054,0.05651045,0.3403553,0.10251075,0.29575232,0.06905767,0.28891402,0.05333959,-90.99448,2516.062,0.054821037,81.8147,78.386826,890.1333,-0.019910077,21.327314,10.897415,482.73825,-0.0155354105,15.610911,29.488985,230.23251,0.0072255917,4.770212,2.145652,216.42862,-0.003670973,5.0305686,-1.7624431,177.00714,-0.01175128,4.8445163,-0.50221467,188.2811,-0.004303631,3.5043933,-0.17454052,117.610695,-0.01851105,3.2901864,4.7972307,85.98392,0.0034836,2.2521963,5.080714,79.288765,-0.006516904,2.62142,-1.3671348,81.89639,-0.0028764685,2.65371,-1.261083,54.72153,0.0055436646,1.5003985,-7.0800977,61.761086,0.033702243,1.8031436,1,ai_kpop_song_15.wav
0.14682221,0.00078497047,0.15190533,-0.7001922,2834.3877292144894,393805.553718482,0.5388530263872475,1.258225235415602,2890.6668202131677,101123.23881685926,6195.545869715073,1929703.2445708525,0.10919586276122291,0.001968747340888649,123.046875,59,0.15183159708976746,0.19082483649253845,0.03824111,0.0012941955,2.5554142,9.658102,1.3793713,1.5142734,2.1848803,5.5869246,-0.0033199164959886486,0.017511494975383447,0.24474226,0.05265899,0.3266914,0.06911971,0.42804474,0.12285047,0.24161829,0.04138953,0.28734732,0.10078959,0.18893506,0.03245768,0.2889733,0.08369595,0.25722978,0.062242385,0.35760283,0.07936552,0.5591461,0.13744977,0.30064014,0.05283165,0.34132043,0.1004789,-72.15064,998.26294,-0.039724357,38.05504,72.14176,477.93558,0.03983763,14.866705,7.124066,383.6056,-0.018698666,7.409588,20.847645,246.00276,-0.0018563927,5.740699,2.9342692,152.52342,-0.00046955986,2.759482,1.1302105,157.1938,-0.009061456,4.0698786,6.307104,142.68896,-0.004042092,2.4819415,-5.0786505,199.22986,-0.010543382,4.073205,4.3942842,137.70346,-0.012233142,2.8143358,4.2145805,80.599396,-0.016624318,2.239875,-6.2280083,96.43548,-0.005680825,1.7482708,0.18206173,56.58631,0.0073110135,1.5230868,-3.7289155,90.0815,-0.0039876974,1.8201834,1,ai_kpop_song_16.wav
0.14832109,0.0019178317,-0.37809345,1.1508822,2860.2605528252125,801085.0389613876,1.6029120338819214,5.201428913543511,2787.702418128892,171595.29562821647,5954.972324430389,2621005.1785041406,0.11813647385352168,0.005129913219982441,161.4990234375,75,0.2900806665420532,0.29525846242904663,0.03716404,0.0023449815,3.0638082,11.411793,1.6888964,3.4071355,3.699199,21.7987,0.06446928026742854,0.053501583196585774,0.43765333,0.11484913,0.31110507,0.07586078,0.28728104,0.0813321,0.2697095,0.065557316,0.31732854,0.10794991,0.214343,0.054375067,0.30096865,0.079851784,0.34701046,0.10968575,0.23996723,0.05757323,0.25943673,0.082507476,0.28819016,0.056403436,0.5238029,0.12094362,-93.34289,4682.961,0.022358295,76.293274,65.132355,945.297,-0.012577243,27.99509,2.2862556,548.11145,-0.0024786026,14.198157,21.399656,575.0868,-0.015773343,11.331272,-0.002143411,316.55646,0.009881391,6.46879,1.6035931,230.1011,-0.019541388,4.225437,8.446508,174.17033,-0.027039135,4.42324,-5.5577564,206.51906,-0.002923812,3.3410976,2.3361292,162.62614,-0.0005272018,3.1577265,1.0494314,155.01233,0.008827846,2.6566737,-4.749708,117.348755,0.008186387,2.521647,3.8350701,99.15561,-0.00553199,2.2704473,-5.2143803,114.69865,0.006835805,2.4433012,1,ai_kpop_song_17.wav
0.15003982,0.0013451236,0.38560194,0.46690106,3452.7859200042567,567811.3489437543,1.3673430429877558,4.087479109942119,2998.1801304169794,68934.55773039159,7142.523476804373,1355089.2974268247,0.16316681380611456,0.005023916541640525,117.45383522727273,58,0.23021888732910156,0.24444128572940826,0.062022313,0.002620974,1.9813118,5.145714,1.3859593,1.9696801,2.7155805,9.389165,0.0286327556765784,0.03164913592739967,0.31955916,0.093650915,0.24943401,0.06340825,0.24774756,0.06994152,0.28661066,0.081931986,0.24514307,0.06718272,0.19700767,0.042273365,0.35542405,0.11307877,0.31451926,0.09655703,0.2261593,0.04717523,0.37888807,0.13239168,0.30795807,0.060293235,0.42226794,0.12962376,-62.404453,2011.2341,-0.026373092,66.66271,46.32428,526.35803,-0.061955195,15.076386,8.202977,354.70087,-0.022829494,12.765752,22.160336,406.43045,-0.016445342,8.251724,0.617852,192.59634,-0.005693033,5.3294654,2.1782622,246.1417,-0.012397,5.255158,-1.5141957,131.27747,0.006515965,3.611979,-5.5043097,142.81763,-0.0019212567,3.3285346,5.118393,151.15135,-0.0068579325,4.277523,2.0763836,98.59007,-0.0025431875,2.4828131,-5.1260943,101.63612,0.0048626047,2.7434754,1.1777955,102.95801,0.0085362885,2.3784277,-5.573906,104.75223,-0.0016419644,2.0992239,1,ai_kpop_song_18.wav
0.13399066,0.0025151984,0.35615256,0.37016654,3166.021455983437,1036464.978959353,0.6990379328371125,0.5352965919208494,2859.376680963184,169423.43983207317,6583.526856980457,2389322.0002172436,0.13916242380998453,0.0064447966840127345,129.19921875,63,0.2709296941757202,0.37429291009902954,0.056925297,0.003991632,1.9511403,3.9974399,1.8696072,4.3363733,2.6842008,8.59041,0.0073564554574093504,0.0289632388169183,0.21729845,0.04910824,0.26296645,0.07589279,0.33134404,0.07043389,0.53153384,0.12674509,0.45963293,0.11952299,0.2761151,0.056248017,0.25010732,0.07195429,0.27194643,0.07510029,0.31474346,0.09411855,0.30058998,0.06454178,0.4395094,0.12510726,0.29027414,0.069382496,-101.79156,4269.517,0.22969317,89.84485,51.882763,1415.6646,-0.0146892555,50.521866,8.273005,1125.3599,0.074388854,21.67471,17.504353,578.03314,0.013511292,14.647717,1.4814929,438.56174,0.022058593,8.926257,5.992787,172.69675,0.019627837,4.7699356,-5.2965717,208.92838,0.00031976434,6.2282186,1.453331,141.70067,0.02268208,4.5669093,-5.07786,141.99002,0.011832356,4.1692667,4.8794155,128.80898,0.019331444,3.7694137,2.4293454,176.07144,-0.00066474313,4.576641,5.9184365,157.5755,-0.012639515,2.7986038,-0.72010523,113.04789,-0.005949018,2.6819847,1,ai_kpop_song_19.wav
0.15739182,0.0015732861,-0.0023779934,0.06967163,3466.7856293110144,604725.1890640174,0.7627870231958864,2.2695015648522308,3091.3317375560314,76864.67246590622,7371.138761065693,1460393.3858485867,0.1485648612857972,0.005275374060130565,123.046875,63,0.24267339706420898,0.2520122826099396,0.057041276,0.0030828842,2.500825,8.677849,1.5679046,1.8310715,1.9042486,3.8425012,-0.031749991781791796,0.017504207158695276,0.3534127,0.09810002,0.3310023,0.09911062,0.24109477,0.04924029,0.2791702,0.08243604,0.23272753,0.0493941,0.34274012,0.09768711,0.2833265,0.07771997,0.29198775,0.06851311,0.37422544,0.11655368,0.3532451,0.07158367,0.52299887,0.14341238,0.32629487,0.06891721,-72.76594,1793.4156,-0.04539315,47.004124,43.59198,702.5013,0.010179767,19.446054,13.625475,431.21915,-0.0072190487,12.088865,19.91121,328.92697,0.018243803,8.92932,1.9602646,289.0932,0.024168605,7.8380146,6.949228,334.0303,-0.019104505,7.821527,5.330232,184.31471,-0.018244563,4.784717,-4.5369706,231.04344,0.015812617,4.6269283,5.75183,186.57594,0.019155024,4.0079713,0.775442,109.67634,0.006636955,2.4850712,-5.2337627,154.45047,-0.0031131967,2.7398093,5.863032,108.85055,-0.0045139007,2.5626738,1.854486,150.71867,0.0072991243,3.408409,1,ai_kpop_song_2.wav
0.14878467,0.0013606221,-0.9339454,1.9019246,2793.7443098177564,652954.363124512,1.4326995604725963,4.078050446051087,2797.5575146206224,169935.82136136357,5848.614634227458,2283618.311628151,0.12376455773510062,0.004617014134770839,103.359375,47,0.22510311007499695,0.24791942536830902,0.034195844,0.0014464773,2.9240344,13.683075,1.4834458,2.2167773,2.4140017,6.7474394,-0.009203470130861268,0.014555978925466652,0.40255955,0.1152567,0.31337357,0.061499957,0.37804723,0.07096477,0.43911454,0.10892489,0.28036985,0.04917626,0.29680437,0.06659907,0.2725138,0.05898519,0.4313132,0.10495116,0.43151817,0.114301555,0.30896473,0.056630954,0.42336366,0.12555332,0.31492805,0.059557054,-83.81894,3184.0417,0.055044822,69.793076,73.23665,1319.2144,-0.033248708,18.31136,5.42247,754.05444,0.001831595,10.047617,21.983707,212.738,0.0063706464,5.027014,3.0789645,211.01035,-0.0005849507,3.4881003,4.4607086,231.45811,-0.0011721735,3.5845554,12.7791,143.98027,-0.004640978,3.4834127,-5.018888,186.1365,0.0056529646,4.712855,10.147268,152.9953,-0.006515764,3.4080648,0.1259519,75.666954,0.00077305565,2.2165253,-9.144294,86.135056,-0.00045231325,2.2276802,5.1681843,68.27689,0.0023084572,1.762009,-3.104059,69.17744,-0.0068695094,1.7059014,1,ai_kpop_song_20.wav
0.17259338,0.002616969,0.31618884,0.43990302,3185.2412491391715,770421.8929081082,0.9382364800098002,1.21524740681574,3010.071642224571,120427.47240154722,6751.200843078802,2538128.223020616,0.1337010055872678,0.005510659590714146,129.19921875,64,0.31469354033470154,0.2963979244232178,0.044462882,0.003036874,2.5353212,7.2297,1.526807,1.8896791,2.551318,9.630945,0.00865426036439129,0.03501565908479403,0.33129263,0.11361235,0.21107458,0.052195713,0.19908005,0.039657976,0.29306233,0.106806174,0.28968298,0.08897444,0.33739918,0.1266014,0.22062881,0.045331664,0.3571746,0.11308176,0.34354132,0.11174488,0.2671638,0.06304199,0.4003274,0.13121843,0.30579782,0.068364866,-76.36626,1949.6696,-0.065871194,55.83813,54.52518,791.4352,-0.04331336,26.823692,12.627188,777.06964,-0.011374393,25.726677,23.176281,417.50024,-0.045667343,11.12475,0.36170805,252.47618,-0.014629116,6.293917,-2.0366876,318.13007,-0.007477558,6.4362984,5.51433,225.50546,-0.033229467,5.7141695,-8.113462,233.27472,-0.016454661,4.8202367,8.30135,166.83488,0.0010280136,3.802389,-3.5317144,213.64165,0.004089576,3.4695373,-6.2613187,153.6829,-0.0023110053,2.3670144,-6.190378,145.98831,-0.012699173,2.5195537,-7.2482085,119.714905,-0.017082445,2.1148856,1,ai_kpop_song_3.wav
0.14123414,0.0018106444,0.61450094,0.40961623,2876.3188193114397,827425.6899619496,1.2946132897199738,2.4282647585311254,2853.7832114572966,115204.56770621134,6218.879061955786,2380965.151560768,0.12507029435952013,0.006350352893840827,107.666015625,53,0.24182577431201935,0.3012845516204834,0.041664045,0.003308035,2.8173046,9.429727,1.5656986,2.582265,2.6349254,8.629765,-0.011807140186381215,0.023157094520744697,0.36069188,0.11093945,0.28242707,0.06616473,0.33120438,0.097550526,0.38232502,0.11219709,0.30416268,0.053542957,0.4810539,0.13101582,0.3420893,0.0630647,0.35142118,0.09786005,0.30516043,0.06317627,0.32464835,0.06264571,0.4998646,0.13224567,0.35110134,0.060776595,-100.666275,2086.5825,0.17034595,64.52016,60.61119,626.0956,-0.07811764,21.143682,15.893756,440.08575,-0.02572822,10.805236,35.63677,194.00061,-0.022257425,5.5840106,19.744678,198.76834,-0.007658492,4.2432103,10.452097,111.978836,-0.005654098,3.8222206,5.335638,162.8482,0.006509024,3.2652464,9.281036,97.29678,-0.00462354,2.536232,-0.17275254,72.42638,0.011085813,1.9906131,7.828781,96.33638,0.008903829,2.5835977,-5.3874955,72.40933,0.006003529,2.0332768,1.6005014,73.73911,0.009827685,1.5735649,-7.5789075,67.46457,-0.009340237,1.6584489,1,ai_kpop_song_4.wav
0.18542571,0.0011516906,-0.3590831,-0.5040808,3370.4811168913325,341046.69356012734,1.5746982654660482,3.918139269316086,3144.0928216538496,59248.359459221814,7576.31252040804,852505.3068779102,0.15068238438467493,0.004153239600074236,129.19921875,61,0.17895331978797913,0.1830197423696518,0.0614367,0.003579433,2.4602292,7.708563,1.2199093,0.84877205,2.55235,8.188298,0.013927718894770336,0.007198232361253491,0.41964263,0.1416865,0.28560507,0.04193372,0.43412343,0.12575543,0.30123028,0.06489231,0.2901865,0.07671353,0.33857313,0.09009149,0.23433448,0.037823733,0.32667673,0.093871064,0.27463084,0.05412447,0.41804498,0.095789,0.41347167,0.115622975,0.27475482,0.044985984,-40.23527,1047.3575,-0.021199996,24.213484,53.77894,306.30875,0.010377316,5.811849,4.1736736,319.9309,-0.010535412,4.465083,15.198877,129.00798,-0.02585228,2.127501,14.162415,82.40822,-0.0042466186,1.3083148,2.7450666,122.427895,0.0072331945,2.520333,12.728839,89.00078,0.009647446,1.3738487,1.1138954,121.52368,-0.010407291,1.6035838,5.442563,60.495037,0.0067543653,0.96658516,1.9030836,65.78435,0.018402452,1.0670892,-5.153141,69.28774,0.0005374988,1.0108312,5.691336,42.038494,0.015217052,0.9545348,1.9116043,82.501076,0.0063985595,1.2581887,1,ai_kpop_song_5.wav
0.1333701,0.0009306542,0.34010902,0.5217335,2904.8858330894714,737179.6459414955,0.32902680621709673,0.34908015722205343,2851.8274042603416,127175.51002597384,6269.787087455254,2408910.478527164,0.11252010569852941,0.00412294933475056,123.046875,47,0.1715148240327835,0.22873662412166595,0.050642416,0.0037350326,2.4014957,6.6849823,1.4826629,1.9969444,2.6211314,9.170413,0.014217727117799835,0.02487204499991523,0.40644658,0.12440342,0.26042715,0.052757397,0.28349394,0.07124899,0.36136883,0.11394437,0.2706696,0.053114887,0.35684106,0.11032397,0.2645599,0.04881465,0.42519546,0.11942877,0.34473494,0.10293729,0.273194,0.06294013,0.36528534,0.124710694,0.29546645,0.052915823,-88.74741,1837.1504,-0.009357582,65.140755,65.70194,865.9529,0.0069075427,21.079824,9.780298,523.9164,-0.09408991,12.251162,22.526896,231.76054,-0.0023033065,5.2779984,1.4912778,239.62265,0.009928546,3.7452438,3.1830325,99.30003,-0.0025070799,3.182712,-0.022746272,128.72345,0.0006075614,3.0024872,2.7588465,95.32683,-0.0067896354,2.1680412,-0.34351,99.169785,-0.0065405876,2.281657,3.777318,78.011246,0.017674875,1.996466,-1.5378693,92.5036,0.009931579,2.0507736,0.1654357,83.80834,0.0062816306,1.6107786,-2.4181635,101.13052,0.004571003,1.7110279,1,ai_kpop_song_6.wav
0.14226925,0.00083889347,-0.05093435,0.4187312,3202.298086479498,638100.5111936938,1.3028764965171018,2.610107649893184,2807.1697660137334,101887.92372349267,6267.845432529509,1934001.2359252973,0.16058746432372292,0.005736399241676121,123.046875,61,0.1784105896949768,0.20358338952064514,0.049806945,0.0023069747,2.7238746,10.6047125,1.4268149,1.5460048,2.6009502,9.664361,0.046098047840273396,0.03196863151220528,0.3268356,0.071860194,0.28934416,0.05281498,0.3867821,0.11363806,0.32704225,0.06842883,0.39978173,0.10861694,0.2275905,0.050569896,0.23176962,0.053969935,0.33821616,0.1057312,0.33996677,0.05064898,0.49615565,0.13978745,0.30293888,0.05095159,0.382214,0.09715299,-73.780334,1898.3802,0.03611606,41.426495,49.764023,1386.6422,-0.015364296,13.326867,3.6682863,569.7366,-0.0068298215,10.466725,32.650288,312.847,0.0421988,7.890483,2.3540978,191.5751,0.042267233,4.2427797,11.2194,189.71516,-0.01515726,4.884534,11.184269,173.6631,0.016081309,3.9875994,-5.6257195,124.17136,0.015157346,3.9345696,6.4093075,172.55891,-0.0011417039,2.6607735,2.7552097,76.82551,-0.0016716021,2.121055,-8.213071,77.631386,0.010161668,1.7698174,0.46348283,152.33817,0.0016118115,2.0126572,-4.4579525,85.066574,0.0040465123,2.1593235,1,ai_kpop_song_7.wav
0.14850812,0.0010327641,0.1973035,0.18292046,2320.6024122404774,413401.50788840064,1.1599462495668318,2.847855638139616,2646.419494881667,131644.69225110908,5275.701431888545,2496556.671679881,0.09260752769446594,0.0017849110662271584,99.38401442307692,48,0.17779117822647095,0.21639658510684967,0.02949486,0.0013438001,3.2918215,14.752953,1.3088187,1.350379,2.996236,10.865108,0.04852529015536254,0.012935047800909958,0.49078104,0.12464414,0.29285413,0.04792299,0.35784894,0.08877675,0.37306225,0.09358155,0.32152185,0.053557217,0.47264954,0.123118944,0.37548026,0.06875701,0.47117734,0.10805467,0.33574948,0.068410575,0.3143328,0.063992366,0.31669018,0.06901321,0.30743125,0.0532414,-74.42064,1453.7274,0.017227365,44.9142,97.015465,436.94315,-0.005546251,13.008813,5.314516,307.36813,-0.0033435202,8.395209,12.272279,180.33105,-0.0083915,4.121964,4.519984,167.08565,0.012306325,3.560758,-0.08731759,112.66699,0.0046767485,2.8783364,0.23751293,178.83998,-0.009892807,3.087021,9.202241,76.18528,-0.015598752,1.8264353,-3.9929237,89.50102,-0.0019021286,2.0828063,14.863203,74.03099,0.010194151,1.9880242,2.420428,77.8018,0.010868114,1.5753978,4.4193897,62.04229,-0.0013547165,1.2704281,1.719499,44.118202,0.0047572926,1.3537289,1,ai_kpop_song_8.wav
0.1435673,0.00082707684,0.3246745,-0.15416408,3252.424182112039,410336.92949172587,1.373111718206727,4.17538673196232,2989.3074258980682,82292.65915536344,7061.432300484956,1245587.538034589,0.14569224071207432,0.003166503152983583,117.45383522727273,59,0.1708589345216751,0.20031681656837463,0.06610645,0.0025869706,1.6406697,3.6405358,1.3059897,1.1993369,2.202235,5.3002815,0.044277140246562416,0.011589141800337743,0.47377852,0.11036755,0.29790413,0.043934885,0.43317416,0.10863471,0.30789524,0.05644193,0.40436754,0.086442456,0.38130456,0.09256803,0.36167368,0.05027415,0.55037665,0.12109113,0.33159027,0.053376343,0.37720165,0.09297198,0.29438576,0.043777302,0.417713,0.08251501,-52.977203,790.7142,0.094898626,24.60631,55.194054,309.3747,-0.05058285,7.693255,0.49240065,222.75842,0.008568111,6.1192174,26.211983,165.67154,0.008392243,4.064881,19.434889,101.1275,-0.010971936,2.4791894,0.31985903,79.71084,0.009014415,2.4004114,0.8551282,60.986877,0.0010646966,1.7570494,6.257823,49.288937,0.014674346,1.7207557,-1.8618691,67.72772,-0.0011077966,2.1166844,10.484436,70.17778,-0.01488348,2.505111,0.48054704,45.365826,-0.00038420525,1.6042571,4.143233,47.52343,0.006200504,1.2723542,0.14616106,43.572346,0.007351232,1.3547293,1,ai_kpop_song_9.wav
0.14994322,0.0016846325,-0.24683018,-0.76566386,3331.458016999035,476981.2975999772,1.425384570346193,3.7873888399792754,2910.9044599810422,55625.08407702382,6945.724666819853,1094923.5715872168,0.13840921596845976,0.0063291727466186255,103.359375,51,0.21226385235786438,0.27373212575912476,0.05451474,0.002687009,2.424095,7.3914776,1.3814741,1.8292421,2.3820138,6.9120874,0.00409105758592426,0.012674395747270882,0.47704345,0.100798994,0.47725078,0.08204023,0.38366956,0.07248023,0.36761984,0.075322784,0.40343606,0.082310095,0.44477838,0.06053175,0.6586685,0.09361458,0.57285345,0.08618114,0.43636405,0.07268992,0.38075548,0.06564967,0.44344017,0.07775103,0.4916758,0.11107971,-69.20928,1376.3682,-0.010486133,19.101587,32.741245,500.657,0.0020134302,13.529553,-13.556592,235.0194,-0.012610768,6.821148,22.698463,371.37552,-0.0016323952,6.7392735,9.783246,181.09912,-0.0071398164,4.225126,13.253282,133.74265,-0.004777439,2.675911,11.055106,194.54399,-0.008593958,3.1500912,13.264999,219.25037,-0.012179978,2.6923552,5.0902367,133.85504,-0.0010679292,2.185444,11.523567,140.65312,0.0023205124,2.260966,7.5602107,107.45695,0.00755782,2.1106677,11.03203,108.05345,-0.0031143017,2.0441978,0.0139287,81.73225,-0.0137989335,1.7130263,1,ai_metal_01.wav
0.1670532,0.00090729736,0.7002501,-0.2618537,2981.6845496528085,407272.37671845814,0.7655274708004222,1.2756088039680895,2722.9084193909407,83071.08906802784,6083.50488054494,1471330.417398164,0.11710964710719814,0.0031048002543461878,143.5546875,65,0.14661915600299835,0.18031010031700134,0.039655734,0.0012015451,1.593083,3.042314,1.1786819,0.9642718,2.7531257,10.067936,-0.02075623333885004,0.009084105482399959,0.42175946,0.07168061,0.47928283,0.095620885,0.46262863,0.08179959,0.49382713,0.08370018,0.4806698,0.06833554,0.5681445,0.08591294,0.49120635,0.0725216,0.46957704,0.06851807,0.5273058,0.09246283,0.48199955,0.08886697,0.42695037,0.07745007,0.3707497,0.0569714,-56.811146,967.6963,-0.008980961,24.177692,49.816452,441.67996,-0.017221374,13.32668,-8.841793,253.2709,0.003013549,7.9436746,45.345345,149.82713,0.007087706,4.1091413,17.682825,92.40539,-0.0014393552,2.3156378,10.285667,81.465294,-0.015342942,2.313579,12.605658,95.11031,-0.0022285194,2.9310114,14.22655,57.359417,0.0027859153,1.9339684,1.4573419,62.741,0.0029619473,1.8745357,9.095409,53.964905,0.0031554522,2.0134516,7.7044387,50.455086,0.0038487471,1.5477415,10.648288,52.74842,0.0019520025,1.3980314,0.66601276,43.44605,0.0030229844,1.4012812,1,ai_metal_02.wav
0.11651314,0.0005052349,0.55490476,0.23900437,2743.458487940664,318930.5737215746,1.9582028837311423,4.306960690720804,2398.3378486395613,121110.8150551618,5282.2347257159445,1456573.0012180794,0.1440316309500774,0.0014733842473660412,151.99908088235293,77,0.152675598859787,0.19291754066944122,0.041511185,0.0012068037,2.1639335,5.0206347,1.179838,0.78730005,2.979885,12.218762,0.033085563750690376,0.03155728328524669,0.4896434,0.09412814,0.33055937,0.047730375,0.39742422,0.068688184,0.37312016,0.07549829,0.359614,0.056036852,0.40683627,0.09197407,0.38020256,0.05314836,0.5520407,0.10593945,0.46888578,0.08529394,0.46626619,0.080073565,0.5096615,0.09051939,0.47893438,0.083195105,-63.126827,466.14386,0.028014557,14.343354,70.238014,317.6984,-0.027071808,11.418188,-28.97137,326.45587,-0.011762228,13.83198,32.10852,134.90129,-0.006000202,4.505534,1.979891,148.43895,0.019768316,4.449486,13.68758,66.698326,0.024716064,2.0033643,6.068455,95.0673,0.005366097,3.3303382,13.244825,52.226685,0.0042244834,1.8504452,4.827493,58.088512,0.01722777,1.8546443,6.852967,48.54598,0.0024493705,1.7435422,-0.40961024,61.45205,-0.0020839695,2.0818822,4.861025,42.571907,-0.0025295222,1.4779716,4.502399,48.67306,-0.0047897715,1.5193068,1,ai_metal_03.wav
0.15135112,0.0005687938,-0.42300555,0.9435892,2763.6888222053544,136563.1610752502,0.9684940880164126,2.5673115997495115,2454.5555590734098,54342.52014366469,5031.077911093508,833608.9198507798,0.14868277440499225,0.0009508123694990544,123.046875,62,0.15821361541748047,0.15757662057876587,0.03369932,0.00057643343,1.3442386,2.3725605,1.0897943,0.50977224,2.630305,8.7688875,0.047055359607539794,0.01593578977479948,0.43992963,0.0924066,0.34972578,0.057377122,0.47326678,0.10043479,0.34792838,0.055693246,0.3028101,0.056804243,0.35075969,0.08063984,0.39992917,0.065761335,0.61019236,0.13035397,0.4750368,0.0851563,0.40463078,0.060958143,0.34722382,0.055775527,0.44555277,0.09258812,-49.795532,1395.5623,-0.034063805,11.885362,68.06971,312.53287,-0.010213337,5.773634,-18.566908,207.49028,0.0024913147,3.4086318,42.86986,246.69398,0.0066406806,3.6165411,4.161981,133.83754,0.016415013,2.3680434,3.7651155,95.88533,-0.005674729,2.0188923,15.573623,74.695175,-0.032386247,1.7503772,-4.4539685,92.71255,-0.027007036,2.0591037,3.6064513,68.14903,0.001265762,1.3590317,10.155924,54.419975,-0.002258489,1.4050223,-2.0391676,45.420437,-0.0036896947,1.2937777,12.360968,66.37907,0.019602695,1.4010775,-3.031329,85.53249,0.015718112,1.1751747,1,ai_metal_04.wav
0.1977309,0.0009009208,-0.3824873,-0.67920136,2814.485614025355,103728.1011265361,1.3169302858926286,5.56982321655091,2685.9570669423097,41540.09197517303,5741.848613160313,632020.1189985051,0.1239523872871517,0.0006781518724981195,135.99917763157896,68,0.15202385187149048,0.15179894864559174,0.032995183,0.0003733136,1.4083483,2.8958955,1.1386352,0.58573854,2.017881,4.7468095,-0.005243148188857657,0.003923460936059184,0.42346984,0.08130243,0.3418837,0.052110337,0.3577021,0.055957522,0.36068603,0.057281464,0.46167257,0.08229403,0.61620045,0.12590274,0.41395417,0.0600243,0.48366132,0.08902346,0.45137322,0.08515333,0.3912351,0.06426598,0.3912352,0.0887608,0.37679252,0.061761916,-30.021614,321.64615,-0.00071125355,7.7156043,63.76961,77.502914,-0.00026215563,2.6972935,-1.8453996,113.55324,0.0016319235,2.9332192,41.720093,71.388855,1.1348872e-05,1.6006873,1.99324,52.260498,-0.016556954,1.6762731,9.989781,62.789165,-0.010141343,1.5116599,11.974575,46.741776,0.011264821,1.2505332,6.8613553,53.27997,0.001750767,1.1936545,3.1570413,50.58453,0.007530245,0.94285524,6.944837,47.43935,-0.007740564,1.0104786,1.3383737,58.846775,-0.007284021,0.7502415,10.230916,54.097862,-0.0058862967,0.9959964,-4.367638,44.61004,0.0050206524,0.8980293,1,ai_metal_05.wav
0.26571319,0.0011956223,0.12124321,-0.29863977,3216.6298189291415,152347.85009707883,0.3709919866739623,-0.5195201404713514,2778.2097479672743,26697.14383360174,6265.628779266641,711581.8226314553,0.17572607270704335,0.001274148654190008,117.45383522727273,58,0.19061702489852905,0.13013194501399994,0.059240784,0.0010220513,1.1860716,1.1240535,1.0971152,0.6671005,2.224906,5.465869,0.04358440113177679,0.020338781746420516,0.42057112,0.098103896,0.3142276,0.046378676,0.38016337,0.07261759,0.34236434,0.045815647,0.48256373,0.126764,0.27423182,0.040158764,0.36590025,0.074795835,0.4345818,0.09928626,0.3168142,0.06324939,0.3264534,0.07914879,0.30448863,0.039661836,0.4695282,0.089028634,25.18906,640.3485,0.035535593,10.874649,52.98974,225.58313,-0.037630446,9.070686,-0.7756469,96.89146,0.023086086,2.1881542,38.634235,74.88825,-0.020716596,3.0414946,1.9259734,47.618347,-0.0054246797,1.7708763,6.565419,110.98917,-0.0035253472,2.4935224,-1.6849533,84.909904,-0.008659955,1.7666972,-6.1683974,75.56429,0.010470944,1.6741388,5.627731,73.42417,-9.619488e-05,1.3183888,2.4986513,31.130835,0.01195599,0.82131153,5.5332003,40.934883,-0.013843981,0.88616526,5.42987,55.40219,-0.0057804887,1.0145222,-6.3436003,44.6819,-0.014568884,1.0053601,1,ai_metal_06.wav
0.13379483,0.0012070797,0.14687498,-0.28637242,3608.314209124392,409671.8651396813,0.9027090476319518,1.4775305789798425,3146.12059807526,50564.2520383057,7642.65378591815,994176.7966614965,0.17069397917472912,0.005426080320405197,129.19921875,59,0.17389459908008575,0.2596741020679474,0.043698963,0.0017848337,2.6493487,9.287633,1.2864428,0.9585422,2.1831393,5.640642,-0.026173294357638825,0.029120552443184986,0.2865807,0.057352208,0.43205607,0.13427456,0.25146338,0.047461886,0.3860931,0.10095836,0.38233724,0.12144714,0.2082767,0.03770707,0.28186205,0.092241995,0.22838807,0.04685344,0.3613316,0.1085048,0.26377368,0.06453965,0.2657089,0.05866628,0.44861388,0.13734941,-83.45903,1465.4818,0.0075859833,18.259089,42.15066,428.85855,0.0033975134,8.565853,18.898209,407.59375,0.011028802,5.7963443,23.097143,312.83102,0.02647322,5.821726,1.3286824,163.3609,0.000461974,3.1216156,0.03933952,215.31013,-0.01308199,4.402159,4.3135557,107.89052,-0.010006364,2.9354558,-4.235298,205.88504,-0.015347504,2.8571088,2.5301993,80.00145,-0.015653666,2.5542908,0.44759318,146.22899,-0.0060079917,2.3435366,-0.62592506,98.34522,0.020682706,1.9146974,9.080288,93.37618,0.010660582,1.9972167,0.85107857,105.2759,-0.0011230615,2.2361712,1,ai_metal_07.wav
0.11716395,0.00089533464,1.1150243,0.6319382,2484.733489319824,556428.320616346,0.8337170813860727,1.0100407716961808,2694.0796183681477,107608.18968625883,5553.499752080108,1833889.4919307744,0.08784754136029412,0.0022854055674040043,151.99908088235293,64,0.14702048897743225,0.25538694858551025,0.021727813,0.0004693757,1.6238178,2.5672698,1.3277212,2.462244,3.4935274,17.021648,0.0408129765463489,0.01870380704972751,0.22031616,0.058657452,0.2785568,0.053295214,0.42369094,0.08961838,0.34800747,0.06310199,0.32488286,0.040996447,0.3673962,0.045933567,0.525488,0.07525593,0.6637445,0.116037324,0.511663,0.058102775,0.556955,0.082737096,0.44520035,0.101054884,0.26462844,0.05808377,-117.29239,2459.0835,0.040276572,54.52508,75.34216,518.3061,-0.0041223825,14.843577,14.481955,254.15395,-0.015718535,7.1351943,44.67988,154.24228,-0.01865978,3.6158972,13.7077675,161.84938,0.023759823,3.6531487,13.913559,63.774357,0.018524388,1.4746488,4.870981,85.39087,0.0008149368,1.8273914,13.9334955,74.59543,-0.02839283,1.6734735,-0.9321835,81.5522,-0.0014993524,1.5977836,5.9310637,52.716778,0.0054473714,1.3590133,3.345137,60.65659,-0.025716025,1.5148863,3.3630583,50.375412,0.024443252,1.1785271,-0.17225662,47.889942,0.011286808,1.2805743,1,ai_metal_08.wav
0.15142904,0.0022312426,-0.13498123,-0.13445044,2923.464489667579,1148048.3715697168,1.2764175749217628,1.9149426630441662,2595.9310201963676,207017.67401003325,5825.598106738584,3218533.8408147017,0.14528974881482198,0.007673383001759968,83.35433467741936,34,0.2603544294834137,0.31193506717681885,0.044975903,0.0024351107,1.9179802,3.4662833,1.718363,2.7823918,2.267066,5.773597,-0.044298933948581046,0.02671890597562541,0.42882705,0.10279473,0.38099623,0.09257569,0.31767094,0.06111575,0.40331215,0.09419523,0.2856022,0.053902134,0.32155633,0.069544576,0.42136022,0.09969703,0.28227374,0.05207422,0.29545894,0.064383894,0.3716443,0.071121745,0.5833493,0.110383235,0.5509961,0.10926086,-62.822742,2690.7764,0.040922035,51.718292,69.44564,1461.3707,-0.013466837,29.51916,-10.666794,1046.2727,-0.008673695,32.91315,3.4354777,499.34772,-0.016580002,13.314503,-21.324017,389.98816,-0.020121621,9.1101885,-8.499654,408.29092,0.008661774,8.113914,-5.1272435,397.29095,0.021118304,5.5118237,1.9652202,257.15668,0.011248708,4.343553,-6.437063,121.97127,-0.0031115492,3.1639616,5.4692082,120.968094,-0.015780618,3.9880514,-6.001521,94.809746,0.005168428,2.4530644,2.9542723,82.037384,0.0012358305,2.3699486,-1.2497716,78.92419,0.0038736744,2.2870557,1,ai_metal_09.wav
0.14194511,0.00054939213,0.5053838,-0.16306353,2947.7744687472705,394884.5974208397,1.6087785931723764,3.045124547483974,2838.7383205947067,77794.80522835188,6206.720802141786,1478310.6324255427,0.11440860523897059,0.0022408522650575057,117.45383522727273,57,0.1274629682302475,0.16512802243232727,0.035172284,0.0009070965,1.9244725,4.8318696,1.2440017,1.143098,2.3954203,6.356886,-0.026969342195042757,0.01516082073773417,0.39072028,0.0808774,0.4721431,0.102553576,0.4434117,0.07381619,0.52878153,0.10959089,0.41480955,0.07528558,0.37643325,0.07344953,0.44277585,0.09994353,0.39294115,0.0791214,0.45177004,0.09654943,0.44238764,0.08766812,0.44956952,0.1015195,0.3990636,0.079719335,-75.70108,857.98975,0.02074017,26.170784,54.2928,363.8052,-0.016152484,11.8874445,-3.4810507,339.834,-0.02289678,9.262837,33.952576,229.76529,0.004070537,4.5914173,14.096462,209.70622,0.012018179,4.907838,6.2666044,87.69445,0.016473262,2.6955764,16.520695,179.40974,-0.0065743723,4.9768677,16.359253,124.43542,-0.00048111688,3.3488128,8.144657,82.73702,-0.00605289,2.4744859,7.8994956,80.2106,0.00946863,2.283139,9.552744,90.576614,0.015832981,2.3561273,14.945367,77.56781,0.0024560606,1.483037,1.2289823,62.592842,-0.0082733845,1.733959,1,ai_metal_10.wav
0.14020154,0.0021958698,-0.2163247,-0.22256398,2147.54531421293,371197.0880719163,1.1077213967731325,3.0902432312315495,2111.039885310956,50660.69396285223,4855.962303326964,909260.0621660204,0.09004594076528638,0.004039657275304391,112.34714673913044,54,0.2405048906803131,0.3342339098453522,0.0002955048,3.7065652e-07,8.728703,106.22173,1.4121114,3.168535,2.8925905,10.52784,-0.008330187236634631,0.025894500801650903,0.39237314,0.072323725,0.4342099,0.11164828,0.30464312,0.05150342,0.36076477,0.07806497,0.38068178,0.106208116,0.3306809,0.06613623,0.4088518,0.10343439,0.35164857,0.054605633,0.51013047,0.11394945,0.40735042,0.099843726,0.36981973,0.072427675,0.47552595,0.11333296,-140.92726,2585.6262,0.035383586,69.387695,112.555984,559.5358,0.024639629,22.703728,-36.363075,360.76697,-0.013791737,11.002273,71.99708,364.95575,0.014575209,11.638673,-27.249472,229.9861,-0.013315349,7.332689,50.053078,205.62967,0.009744781,6.1894026,-17.979176,162.51083,-0.0015633557,5.2802744,20.376663,107.13784,0.0030647963,4.194778,-6.837964,87.11016,-0.013511926,2.9645517,-2.6513505,94.98571,-0.011376331,3.5757134,9.816633,86.12955,-0.004648572,2.8452995,-10.522763,71.64831,-0.007761047,2.521546,15.457509,80.86688,-0.0066261087,2.6340063,1,ai_older_tracks_01.wav
0.13223012,0.002802706,0.26518407,-0.672436,1873.555594745094,394109.6331452224,1.2775201744487052,2.1349703427953344,1910.4990896048957,73467.65893831724,4081.9419837219425,1262212.9417625642,0.07911063273993808,0.0030325941910646958,107.666015625,53,0.25136733055114746,0.4003671109676361,0.00027630752,9.913097e-07,23.592396,667.1429,1.4508197,3.097711,2.5777962,7.4980545,0.011925684915742942,0.028782527450444725,0.3767629,0.06593434,0.40423438,0.104823984,0.31469172,0.07071236,0.38674667,0.07585939,0.490311,0.12750913,0.3527716,0.072123535,0.3962907,0.111713566,0.33368805,0.058664978,0.48019844,0.11239019,0.38238597,0.0796766,0.36275485,0.0627354,0.49276677,0.111947335,-152.06137,2093.9792,0.06169511,56.997086,123.0378,582.73047,0.045011424,23.047108,-38.366497,321.6769,-0.026508933,12.713763,64.63434,359.94864,-0.01577269,11.462914,-20.36915,285.41357,-0.032577123,10.180958,45.002583,200.8323,-0.039477285,6.0708303,-11.580444,192.25858,0.0052925884,6.704847,18.629025,96.26497,0.0015592446,3.2948565,-5.5701823,80.34225,-0.016476598,2.9187632,-0.55110174,82.21163,-0.014490564,3.7025952,9.511605,63.387238,-0.013166561,2.4928668,-9.5357065,68.77211,-0.008940596,2.0735888,13.258573,56.493977,-0.002577583,2.1044405,1,ai_older_tracks_02.wav
0.1005459,0.0026681395,0.41244328,-0.54142094,1839.2820563952428,287886.25917712104,1.3623270590890477,3.9822945103097,1775.6025095519728,76522.46919955451,3903.568062324642,915837.4726203775,0.08839969221652477,0.0027028157354266153,103.359375,49,0.26787376403808594,0.5137358903884888,0.00026646463,2.971465e-07,5.998334,46.549335,1.2614001,1.6930585,3.69065,20.510124,0.038007202079175934,0.07241028384628546,0.18694454,0.040215135,0.22012536,0.053938236,0.34388375,0.12406248,0.22389637,0.03975441,0.30440807,0.12958843,0.23127142,0.043533366,0.3861446,0.1270878,0.3434883,0.116731174,0.27212396,0.060864184,0.39055935,0.13301414,0.2624092,0.046051294,0.30102232,0.101849355,-190.74512,4823.084,-0.029905621,58.513912,112.92931,832.7647,-0.010147614,13.549921,-43.226627,675.9968,-0.005410553,10.766322,55.59286,412.70016,0.00035131088,6.7081165,-20.644913,287.28494,-0.005159724,5.7092075,32.86861,298.1269,0.028644279,4.797112,-8.332522,245.15424,0.01987395,6.1547437,8.721156,232.89584,-0.004337988,3.104094,-1.9341602,68.58324,-0.02231039,1.782407,-3.5330958,93.778015,-0.0027246594,2.1200218,-2.549869,134.69228,0.008118913,2.1075225,-13.191743,80.27969,0.009671107,1.9346803,6.821501,158.82614,-0.0049448367,2.3220823,1,ai_older_tracks_03.wav
0.1294564,0.0028666263,0.33719015,-0.9788208,1622.042244488172,212993.95182522264,0.4777173828523539,1.6582641552748614,1818.4424244947813,76360.60922629003,3661.102861811871,1057313.954970671,0.06006086130998452,0.0009717350722348771,92.28515625,46,0.2418428212404251,0.41358238458633423,0.00014190745,2.6199186e-07,29.364939,952.3101,1.0334085,0.71393085,3.404812,18.079456,-0.01965860703406801,0.05456025997086349,0.24620931,0.054755032,0.33125103,0.12524213,0.18406919,0.039885957,0.18963522,0.03902701,0.30495045,0.108389676,0.23195982,0.054467235,0.30555245,0.11019712,0.2426086,0.049412392,0.40832424,0.109539375,0.5044945,0.15960509,0.29150453,0.05251643,0.353036,0.123746514,-168.78787,2644.469,0.022419382,26.459833,127.75936,290.2496,-0.009828747,8.190515,-30.188026,393.0643,0.009388767,7.227137,62.85299,221.76898,0.019743625,4.7788677,-16.757412,223.38542,-0.007610682,4.0444026,37.005657,142.4229,0.008052166,3.2232413,-7.7428207,112.735634,0.007189588,2.410965,14.246128,75.97256,-0.0046245493,1.8906235,-0.23779556,72.94911,0.004360807,1.6013254,3.0785713,54.1658,0.011952562,1.4735866,1.9466906,69.39695,0.010222441,1.2201765,-7.9213676,59.484703,0.0007203341,1.3791784,12.860758,90.77899,-0.005007219,1.6160321,1,ai_older_tracks_04.wav
0.11985087,0.0034929223,0.58576685,0.66829896,2222.8683206243168,690544.0257251767,0.8996935214914296,0.9765095885828208,2066.7452044701695,61836.71529938991,4789.071041142608,1372655.0177689446,0.11408510001451239,0.010012324629953252,151.99908088235293,76,0.3134908676147461,0.4931207299232483,0.00058358564,1.5132123e-06,6.903211,75.6064,1.7996081,5.811959,2.2444324,5.454279,0.005991865466818078,0.01959709485295736,0.49875596,0.07471262,0.5649966,0.10184998,0.5503035,0.098712824,0.49458638,0.08011865,0.38987064,0.06015161,0.37240228,0.06984745,0.42716816,0.08846795,0.5156541,0.101764664,0.58249897,0.085579656,0.56032306,0.0967076,0.44200757,0.057998728,0.45859998,0.06285162,-158.71391,3834.5024,0.10951709,122.519226,101.27249,1438.8267,0.0145972995,46.849953,-40.424583,952.0939,-0.019959426,29.88848,50.476337,503.52216,0.0128119895,14.442534,-32.190407,514.06287,-0.006973298,15.57625,41.13834,378.65475,0.034120042,9.667778,-8.839953,253.3758,0.027001755,7.952404,27.416248,200.6362,0.010375158,4.3565097,-4.305204,172.11687,0.027238255,4.179021,3.0179973,118.37547,0.024163995,3.42445,9.4283285,94.76143,0.022210972,2.798659,-10.642193,86.99678,0.012326359,2.6746857,17.461771,78.481834,-0.016284812,1.8256258,1,ai_older_tracks_05.wav
0.119837075,0.0072470545,1.123055,0.924742,2185.734561095038,866753.2926783517,0.6110962544022324,0.5062452441882468,1896.3409662789588,109321.58168733344,4388.723461989648,2146357.9577334444,0.1178122127757353,0.009866708596858622,107.666015625,53,0.40566936135292053,0.710378110408783,0.00069605623,2.0467273e-06,4.7140994,31.318699,1.9337771,7.0103297,3.1950142,14.911198,-0.02964622981336328,0.023664749510940598,0.34393883,0.09827956,0.27569732,0.062444657,0.30693185,0.07490146,0.39333782,0.10377573,0.36084503,0.0878842,0.33597946,0.08381215,0.40558505,0.10772364,0.48370296,0.08782421,0.6576611,0.10993485,0.503712,0.10323629,0.32876784,0.08466829,0.31754902,0.07949307,-188.2768,6670.5513,0.32689548,283.77255,90.30626,1799.6038,0.039252568,63.314857,-40.371468,1282.9514,-0.08689311,49.775105,39.073128,685.26526,0.029845143,19.002815,-30.635366,728.2961,-0.06215164,22.512861,26.926098,614.2838,0.024142511,19.577888,-11.468613,375.78775,-0.006417871,8.30478,15.841414,207.0194,0.016925573,4.710522,-11.097608,198.62154,-0.012316194,4.821361,-3.0908785,192.37544,-0.024467627,5.120512,6.903656,154.81654,-0.014087548,4.1613173,-19.28431,158.19826,-0.0068228156,3.8434904,8.88945,95.608864,0.0052019744,2.6929116,1,ai_older_tracks_06.wav
0.11531036,0.004290925,0.790213,-0.4493382,2107.014149447492,593794.6543635625,0.4878441309861679,-0.3925298814180542,1925.6813813133544,99197.9576204073,4443.73979598007,1446638.5302521049,0.09935729791505418,0.006619458349619991,112.34714673913044,55,0.2898596227169037,0.5680769085884094,0.00038220084,3.4143486e-06,26.87861,787.3407,1.2325367,1.8026062,2.527782,7.219449,-0.023980958245923202,0.04361870078148037,0.53045774,0.12605335,0.3813693,0.07770229,0.29447067,0.06555282,0.33497337,0.095446385,0.32727155,0.086525716,0.36797687,0.12451965,0.28974387,0.0648077,0.37193888,0.09401346,0.45452842,0.117980294,0.38485983,0.0857071,0.36754936,0.12013644,0.34819296,0.06806994,-165.11943,3652.3352,-0.024830647,33.32681,102.38385,840.27814,0.066509604,16.272467,-43.56118,331.2911,0.024863794,6.424918,59.09724,409.0177,-0.0076261703,6.3828087,-24.56128,404.83658,0.050711367,5.900021,37.959328,244.68846,0.022568619,3.4658253,-8.303855,262.09592,0.025078613,4.068446,11.272409,231.35947,0.007577945,2.7230825,-1.5157032,80.34757,0.0044955234,1.9317384,-0.37349263,75.570244,0.0015549915,1.5762303,5.733502,94.29012,0.011981888,1.3556696,-8.665109,56.868004,0.00391889,1.4357764,6.9011383,169.16614,-0.012035039,1.5383208,1,ai_older_tracks_07.wav
0.094204314,0.0024576006,0.9168672,-0.2808795,2102.3359457320985,633486.9669834934,0.1980113916835729,0.407606274838487,1839.1591672281559,179307.50501881714,4264.407547044311,2000220.086479105,0.10377299305824303,0.00509571661001713,143.5546875,66,0.24845464527606964,0.5262412428855896,0.00029736923,2.821749e-07,5.873745,48.720932,1.1192831,1.4297315,3.961103,23.318562,0.07561874295860845,0.05171159174754751,0.20019482,0.04075461,0.22578935,0.042762667,0.31538507,0.08865714,0.23995882,0.045189843,0.24502322,0.07298833,0.24195361,0.040007353,0.50632846,0.120456815,0.46947655,0.13324301,0.29106787,0.056680758,0.38936326,0.13792925,0.2477143,0.03589362,0.3739169,0.1269125,-191.83955,3808.4211,0.02304552,39.97474,104.53754,1499.4537,-0.049974162,20.109522,-46.975193,565.1731,-0.032584388,9.561128,49.028416,594.7569,-0.0039056803,9.567521,-25.969893,702.6341,-0.041378967,7.455639,30.893963,323.40375,-0.017776119,6.2154913,-13.4640875,260.6001,-0.029844863,3.8978858,13.277005,181.44495,-0.0045941533,3.11961,-8.920127,207.1656,-0.015189646,3.3796191,-3.6102767,176.83475,0.0150218485,2.9273307,3.1399062,108.092865,0.0054493304,2.2207031,-10.735416,125.16384,-0.027824942,1.6356105,12.909655,121.44804,0.0056430856,2.4256384,1,ai_older_tracks_08.wav
0.20762977,0.010733888,0.8395528,-0.061409473,2234.9289106404403,368328.4532466561,-0.3063288215235191,0.557345061886438,1860.6180939839978,47858.48402156844,4425.989903311242,869177.879757655,0.13999310661764705,0.004570267561289201,123.046875,62,0.5004255175590515,0.4989866018295288,0.00032799365,3.7191225e-07,12.530283,201.16322,1.5223207,2.2596765,2.0734196,4.587222,0.022518658039976134,0.008162649060387613,0.40623054,0.08344866,0.3604788,0.078978986,0.38365778,0.08276616,0.42716575,0.08585066,0.521909,0.1175478,0.40770766,0.08041567,0.43860483,0.09745207,0.4938273,0.10640954,0.47713393,0.098208345,0.44363403,0.09773839,0.479844,0.08853253,0.5921179,0.10423243,-84.22213,2567.8076,0.04894652,93.94181,106.28619,702.5794,0.043234013,29.01635,-59.52778,538.86194,0.012669947,21.944231,54.61815,402.3915,0.02352569,14.110098,-33.99931,251.07771,0.025297316,9.821835,35.90457,243.92676,0.0006457881,8.587765,-13.047627,238.81035,-0.022902042,8.385723,10.277046,233.22198,-0.003451571,6.0011926,-0.25591168,109.87907,0.0006905318,3.6949549,5.38112,104.24423,-0.01061919,3.7587466,5.6912637,137.35643,-0.007705854,3.4882133,-8.450726,86.842964,-0.02087708,3.2161386,15.386081,87.17307,-0.01002979,2.2130065,1,ai_older_tracks_09.wav
0.10707484,0.004743114,1.1572884,0.13394976,2162.249615055313,413120.41462305316,0.6117200885892625,0.685860356228083,2035.2224763696577,58683.87226911445,4670.888422443401,1236147.9700417088,0.10629263012770898,0.0043824637400894755,99.38401442307692,47,0.3318859934806824,0.6431974768638611,0.00033233137,2.0875966e-07,4.646598,32.768837,1.399645,2.1255789,2.6968513,8.672762,-0.02665834053950704,0.0707909460752728,0.3532151,0.094432704,0.4564191,0.12564509,0.3766875,0.06660509,0.5493008,0.12092387,0.3634701,0.092132896,0.2741439,0.08597375,0.3085055,0.08232876,0.32705465,0.072709166,0.39925596,0.10645802,0.31792355,0.0733071,0.30267212,0.06834648,0.37437558,0.10725427,-174.432,1404.441,-0.012290104,49.467358,103.23266,566.5803,-0.008478874,17.10337,-35.582714,587.4797,-0.0059414934,14.644115,49.34371,394.4997,0.0004977442,8.599458,-19.14436,370.4048,-0.0033038408,9.71007,39.905224,206.75598,0.007974887,4.7969446,-13.193511,220.39914,0.0058957157,5.200392,20.017918,146.7768,0.010957119,3.3293793,-11.714888,141.93669,0.016432252,2.8370075,1.793414,105.85648,-0.011157442,2.5057037,11.907723,96.88488,-0.012321119,2.7363257,-11.833836,93.284584,-0.0011957699,2.1574883,22.061295,88.12142,-0.009285297,2.6351972,1,ai_older_tracks_10.wav
0.19693083,0.00821195,0.92886925,0.3263855,1436.5148591894233,417550.0601638969,1.2084128413855921,1.5303447594311788,1651.0819715525586,145187.13501073682,3071.906424602119,2034560.49249382,0.059247941055534055,0.0018260541410895176,107.666015625,53,0.4344191253185272,0.46016061305999756,0.00012943138,1.5985519e-07,23.477625,676.8131,1.2712594,0.9767432,2.3550448,7.926799,0.023622326481287575,0.02539666050126794,0.4759595,0.10450115,0.3778432,0.06334836,0.43359908,0.08726786,0.4920441,0.1091727,0.4233362,0.0900384,0.4452012,0.091276236,0.39216405,0.071070194,0.43630612,0.097138874,0.3796245,0.092673205,0.37945136,0.08769214,0.45505813,0.10222543,0.41493815,0.08330554,-130.95479,1854.2665,0.047425758,46.525043,141.86855,534.62976,0.045106247,20.461945,-22.667278,477.98636,-0.032732937,11.6804695,54.63294,338.35782,-0.0333464,10.915707,-13.953815,298.43658,0.0022285434,9.259955,29.82394,260.72964,-0.027993334,9.121247,-9.610708,184.51315,0.01118198,6.899254,8.229256,83.48018,0.005209733,3.038285,-1.2043988,81.117874,-0.01586322,2.4374244,0.6314456,80.64829,0.009990481,2.1686032,8.419464,68.563515,0.017759366,1.9774737,-5.603618,61.894882,0.015129947,1.9567149,10.815337,64.28569,0.026234793,2.063017,1,ai_older_tracks_100.wav
0.13278222,0.001550739,-0.5820181,0.69202065,1537.3937693236917,401146.13184605783,1.1299116885796414,3.2998360310203907,1783.7269047842412,149689.48006711417,3564.1451147687694,1908331.2827605146,0.050697350280572755,0.0013182886345263168,86.1328125,41,0.21377873420715332,0.2965715229511261,0.00012758808,6.072248e-07,28.059914,863.94366,1.1457661,1.6167945,3.4090495,14.718851,0.07479320320467019,0.08037335077162745,0.41628793,0.13859111,0.26550928,0.042415388,0.3146412,0.12468265,0.23734446,0.045465548,0.30505797,0.08311087,0.30758658,0.081172206,0.27926013,0.043256152,0.43295288,0.124507114,0.37081283,0.07612711,0.40504003,0.14114785,0.27545062,0.07131488,0.26427156,0.057539877,-194.1758,5948.595,-0.08935913,65.81051,126.32416,529.7737,-0.00054861663,13.120771,-22.456518,809.7004,0.014065496,15.088509,60.90957,418.26123,0.011940947,7.234957,-20.536608,303.65305,0.016196268,6.244157,43.10278,212.052,-0.02149321,3.683432,-4.84738,165.14629,0.006102264,3.6717033,16.592377,169.99236,-0.008216533,2.731225,2.1744707,93.01954,0.0175015,1.8517048,-2.766234,127.29444,0.0017394628,1.5762277,6.9725065,124.24161,0.015818264,1.5880259,-9.386744,99.63028,-0.0023871346,1.5406042,10.055153,176.79878,-0.02136497,1.9175797,1,ai_older_tracks_11.wav
0.15241088,0.008640314,0.4041644,-0.91732836,1908.2995500700708,385020.39107188507,0.5963150885653612,0.20046044016493436,1829.8025547953823,51308.95148610675,4007.6840994158765,954379.2465053007,0.10025714130224458,0.0047623277382375815,83.35433467741936,41,0.4023900628089905,0.6098862290382385,0.0004420572,4.084129e-07,2.7989612,11.882043,1.1963485,1.3715324,3.5060089,16.75127,0.02412440536853588,0.009202171251376236,0.43611598,0.09213315,0.36428985,0.06883876,0.39422888,0.080703676,0.3948802,0.06729222,0.5506843,0.110267736,0.50611454,0.102540776,0.47808725,0.082866035,0.5130047,0.09909726,0.40961662,0.084902205,0.36534023,0.09218491,0.35311827,0.0802067,0.47797704,0.1105016,-137.9503,2116.5671,0.02360886,58.496796,112.078804,426.49188,0.009653086,9.145351,-38.71574,468.5728,-0.034476716,9.840601,51.746746,365.64755,-0.012404914,8.322483,-22.772562,269.63492,0.01661288,5.7531223,26.530745,221.78471,0.01729192,7.2385464,-6.834306,253.65244,0.03881827,6.107034,8.66763,155.17296,0.009375987,4.890169,-2.0473263,117.95922,0.0019768924,2.6483407,7.970121,132.9351,0.0169502,2.83602,7.502736,122.69662,0.016834475,2.212861,-7.2303705,83.84399,0.009721481,1.861926,11.114726,63.05133,0.014044168,1.3925962,1,ai_older_tracks_12.wav
0.135147,0.0012263177,-0.9961406,2.5149202,1244.228678571145,303090.64214654657,0.8629618211734681,1.0827034980386685,1685.3766871509279,165505.0798744352,2855.0660691394155,2401819.3249108945,0.03948653371710526,0.0007912351678360629,92.28515625,44,0.21353134512901306,0.2591165006160736,0.00011525009,1.110533e-07,7.4066668,68.412964,1.3391281,3.7903702,3.2232056,11.622918,0.06339195546167256,0.047895949460105884,0.17899044,0.040011756,0.20464462,0.035166364,0.35383242,0.10173651,0.23160687,0.03718887,0.24066728,0.08606516,0.19186616,0.035748187,0.30431363,0.059690434,0.45203122,0.1139992,0.5061592,0.05408408,0.8062612,0.07199195,0.48025632,0.030915564,0.22113013,0.04691819,-206.9033,3067.7712,0.045477774,89.07,136.8552,484.71826,0.022522304,12.142847,-15.832088,526.77057,-0.035350766,12.969143,64.258354,324.06747,0.0058834795,10.466221,-1.4398931,379.17468,-0.012250416,9.561573,46.29856,201.10513,-0.0031477837,5.6001635,-4.3096113,182.96689,-0.01686628,5.4686136,22.685404,101.3413,-0.0067081125,2.9872904,3.4870956,89.74005,-0.009903553,1.8179731,6.4030876,73.175804,0.005612687,2.2426279,4.6084247,52.675102,-0.009264524,1.5873704,-11.2341,45.0956,-0.012198099,1.2148964,6.614707,44.583958,-0.0033490318,1.42811,1,ai_older_tracks_13.wav
0.13561867,0.0009894286,-0.51879376,-0.5391269,1999.1227287686806,122499.57738552718,0.121321887719785,1.0610325734658899,1994.6903694608222,49452.08784021262,4435.3981797540155,616612.5369313722,0.0878282671004257,0.0010063057580633754,83.35433467741936,35,0.18182332813739777,0.2319384515285492,0.00023655254,5.912133e-07,26.865007,805.47095,0.94695836,0.44780248,3.8670874,21.086174,-0.050666186888545156,0.051372058933036986,0.37466627,0.07954076,0.4968203,0.12573531,0.33935618,0.06295081,0.37938797,0.113291405,0.25912264,0.037190832,0.33338383,0.095097914,0.29201657,0.06075763,0.35185516,0.076921694,0.43377018,0.09447719,0.4033928,0.09008156,0.34375146,0.08550697,0.26275164,0.046808094,-126.18607,1154.2675,0.036290858,14.317897,125.86421,171.77412,0.018493835,4.304778,-51.342884,184.23079,-0.01581223,3.7726839,78.23363,145.79782,0.02455603,3.033511,-27.683485,91.62414,0.003182392,2.0268576,44.686066,109.530426,-0.005808714,2.8488274,-12.865761,89.21277,0.008332265,2.322904,24.30084,85.894936,0.0013641876,2.197677,1.2529705,43.609886,0.008413923,1.353888,7.0384927,46.584293,-0.0031955324,1.2867405,10.318562,34.225418,-0.00886485,0.9453233,-3.4773471,40.305374,0.0012488886,0.95555073,23.355772,45.903503,-0.0032000642,0.992571,1,ai_older_tracks_14.wav
0.25948468,0.009076893,0.19380145,-0.5588207,1948.541455014658,269088.86799614783,0.8541883032118184,1.5988165186474772,1822.4984192241557,76019.2519408416,3988.792546983843,885394.2358631106,0.09727189858262383,0.0033404156273581782,151.99908088235293,74,0.5084437131881714,0.3671613037586212,0.0002740863,1.1194871e-06,24.122551,699.3244,1.4070011,1.3427345,2.9127142,17.300604,0.003182767580401077,0.009301977509471211,0.34935048,0.07168307,0.32363856,0.062495902,0.36609745,0.072343394,0.38186517,0.07231819,0.44117647,0.09467166,0.4219157,0.08139175,0.37897512,0.07057157,0.4462197,0.0873031,0.5529579,0.10953139,0.6194653,0.11065034,0.56782424,0.09933488,0.44297928,0.08308545,-62.73696,2100.399,0.014878987,46.93309,124.79604,541.09576,0.03895345,17.929588,-53.686726,504.31995,-0.02379696,11.986774,62.19889,391.5802,0.009338314,11.289847,-26.36821,264.39783,0.01671118,8.495052,28.117695,354.6077,-0.01990736,11.08923,-16.35905,130.87602,0.010529244,4.661768,18.667877,153.60974,-0.0062349723,3.9218726,-1.4880679,176.60275,0.017300574,4.0409164,5.388291,83.56093,-0.00041594706,2.33962,10.458001,92.68186,-0.0032756536,2.8134296,-5.7250657,78.6219,0.010306283,2.2608173,18.08104,66.5903,0.0078405505,1.874409,1,ai_older_tracks_15.wav
0.12947538,0.0068170647,0.11140316,-1.4500839,1564.9231818347032,478035.64169637597,1.2763494398360866,2.6709206188420858,1640.6886268117603,97372.32835852374,3136.647699787152,1881605.3298667422,0.07155134360487617,0.0027395167986893187,123.046875,60,0.2980878949165344,0.6376927495002747,0.00013476302,1.1778343e-07,15.727782,387.619,1.2218386,1.0939108,2.8594506,12.85689,0.10574682754657812,0.05559882555771572,0.4208672,0.16555993,0.25284746,0.053940292,0.34211576,0.15427718,0.19328937,0.044756796,0.24245328,0.111670725,0.17770998,0.069939524,0.17928234,0.04952261,0.3029343,0.12557778,0.15525922,0.045246474,0.13887687,0.054078188,0.16636364,0.04898077,0.3474552,0.11423537,-215.70706,5311.2207,0.028352406,67.22775,122.788895,599.03217,-0.049589492,12.493215,-22.76672,872.28204,-0.007352061,11.974548,46.510746,653.3638,0.05122326,9.19713,-15.480038,679.61005,0.011399559,9.256409,28.068487,190.54865,0.03243357,4.341375,-15.950167,331.76053,-0.004377046,4.964096,-0.62584984,137.78732,0.018987268,2.3185718,-4.699657,119.847015,-0.00053737336,2.1863692,-3.7097607,142.70279,0.010736557,3.2244246,-3.485232,115.99446,0.0076420573,1.7969131,-12.745763,133.0617,-0.026133932,2.377423,5.3724527,106.67258,-0.005821387,1.9146658,1,ai_older_tracks_16.wav
0.160677,0.012058508,-0.0071096793,-1.5998524,1903.679997246027,908023.0687195763,0.5930150491322265,-0.20777770741566082,1957.1659555264414,138883.8531434823,4119.200091760594,3076454.747627241,0.08494808799342106,0.008629931957962187,103.359375,51,0.37601977586746216,0.6834284663200378,0.0005532875,4.321311e-06,24.580774,730.5978,1.6562512,4.8953395,2.6143334,8.293663,-0.09777039239025144,0.03287365489897339,0.4921238,0.06434479,0.645181,0.07321694,0.5116595,0.060531486,0.5251163,0.085638605,0.55713516,0.10685484,0.6416756,0.10034782,0.66628,0.093259774,0.56746626,0.070450515,0.6820314,0.107608005,0.5670056,0.0966217,0.48343983,0.07536538,0.43761867,0.07156952,-192.05804,4367.87,0.04574173,129.89568,103.13781,1181.239,0.077154,30.481514,-23.464598,844.5554,0.042009857,25.529074,40.246536,609.9038,0.0004839159,11.522489,-13.95629,640.66504,0.03926153,15.948443,45.64462,288.91376,0.02614316,5.9250717,-17.423204,347.4127,0.019742787,8.2037945,12.780635,252.8506,0.015553497,5.1381755,-3.7227697,174.87718,0.0075523183,3.3557096,-6.12768,205.77574,0.0017700583,3.3912199,1.8946565,183.80212,0.00473585,3.3980682,-6.3171706,143.51933,0.0087836655,3.0191996,12.505203,165.9158,0.017954517,2.9615726,1,ai_older_tracks_17.wav
0.2858068,0.0056640874,-0.26225543,0.28050685,1636.977914973453,289760.7587226657,0.9879165055039928,1.6577306253436577,1671.486061852599,123606.26363033014,3445.9958292013353,1334643.2583074858,0.07290280935565016,0.0014038384603452412,95.703125,45,0.44814807176589966,0.26332518458366394,0.0001118518,2.6746372e-08,6.2136583,62.957268,1.5204277,1.4149196,2.010952,5.7622805,-0.019599820022861,0.011865034131956094,0.42110437,0.104771756,0.35349825,0.07642246,0.33487934,0.06872777,0.37515035,0.08627691,0.37838945,0.07817944,0.47114295,0.111181475,0.44846952,0.08752675,0.41031232,0.070050836,0.50214726,0.088644326,0.53403014,0.09295678,0.4849998,0.09918637,0.43804583,0.101841554,-75.12817,1447.279,0.0036760846,58.94338,139.92918,641.76965,0.03413284,28.431087,-46.588745,552.3326,0.024970867,20.848068,64.39326,468.34732,0.0066396724,20.039263,-19.820923,376.2189,0.013290453,17.22371,28.797636,346.04697,-0.008451936,14.158764,-12.858429,191.70404,-0.0003003351,6.804101,19.278646,157.86414,0.0068134805,5.8464317,8.134938,151.11064,-0.0041004894,4.8721285,4.6954775,101.64732,-0.009658254,3.6831326,11.64095,78.12722,-0.0051911864,2.868536,-4.104821,97.50211,-0.011780345,3.0181315,13.201712,82.41367,-0.013264734,2.168988,1,ai_older_tracks_18.wav
0.14245538,0.0014668347,0.39407536,0.9367862,1116.398488750187,393882.64176043635,1.5929202925996702,3.099207048333122,1547.236858697049,199281.83054223246,2364.627368088477,2394168.030152173,0.031492250991679564,0.0008244556872560798,73.828125,35,0.2754548192024231,0.26885104179382324,5.3431388e-05,3.502872e-08,15.711016,290.2115,1.146769,1.5806391,2.8182762,9.559653,0.030006823755182748,0.1148731583933966,0.25149128,0.040923595,0.3444548,0.057659853,0.4919545,0.14838329,0.40560097,0.08784606,0.3918829,0.09943501,0.30659226,0.053388517,0.43634704,0.124452576,0.38173008,0.10631286,0.3304608,0.100614704,0.38733393,0.13164665,0.29639214,0.06308246,0.2906972,0.06780233,-223.23889,4062.9907,0.12071868,74.9016,133.81088,638.49896,0.039055742,17.918613,-7.300609,543.0536,-0.054358732,11.673381,44.503258,326.60544,0.0038963987,9.134983,2.3264174,389.551,-0.013050352,7.145742,40.009926,183.94531,-0.007480937,4.702762,3.5354738,203.85982,-0.009198181,4.4266853,20.146824,104.60287,-0.0055950964,2.800519,1.6818376,96.36393,0.0020868122,2.2646961,5.379249,76.131226,0.010481015,1.760623,6.944517,64.525955,-0.00021575221,1.3422364,-10.051009,81.805374,-0.01269282,1.644847,6.1935844,60.96835,-0.010595459,1.6997758,1,ai_older_tracks_19.wav
0.2753703,0.0037899592,-0.5456684,0.24348736,1827.3599168349067,273328.89426093665,1.2210698178092483,2.6786977056554457,1723.3206724806703,81837.34890614697,3743.7523620416505,1012874.0307499133,0.10005835187693499,0.002063981451206342,80.74951171875,34,0.3562191128730774,0.22356313467025757,0.00025612555,2.7585288e-06,25.496487,740.2279,1.2488164,1.0622787,2.369503,9.125679,-0.03665375640117143,0.01341656659462245,0.38020435,0.07495873,0.55730987,0.13542335,0.37702528,0.070377134,0.33987087,0.07692133,0.361029,0.11138172,0.3022794,0.06684444,0.29630607,0.085733004,0.31177902,0.067265205,0.46012485,0.11294527,0.32668576,0.07637656,0.2874508,0.06599822,0.35007408,0.08055208,-51.95359,1179.1216,-0.011270978,32.401886,143.10435,405.08884,0.055239715,13.528509,-59.83687,260.16525,0.017517598,9.5638,67.682045,222.67758,0.0063120006,8.275129,-26.215883,222.65688,0.020472042,7.337948,32.199055,190.03004,0.0139384195,6.6628046,-18.736567,174.55267,0.008904199,5.6849236,14.6503,107.62033,0.0050767753,3.8633168,-0.057230685,78.34597,0.01062055,2.4071994,2.8949287,78.55762,-0.007388109,2.3916795,6.9414744,52.382378,0.004669328,1.7642037,-6.052246,77.60131,0.00963819,2.4381092,13.542044,55.04768,-0.004315792,1.7385219,1,ai_older_tracks_20.wav
0.15787958,0.0027717857,0.43108743,-0.4263718,2080.041213452943,367991.6281918159,1.71190800196101,3.5510003543902675,1908.1342765727627,51584.10232962842,4251.140960598877,1075212.8177421791,0.11470036462364551,0.004926250015611001,99.38401442307692,43,0.2710205912590027,0.3334677815437317,0.0002769597,3.6927705e-07,22.728456,630.5987,1.1335642,0.6423678,2.5162578,10.225602,0.08850568705198798,0.023520820357987415,0.5631042,0.12677151,0.30002582,0.042646438,0.34283298,0.105348684,0.29528245,0.061056197,0.4198289,0.12193185,0.32592088,0.09215792,0.32994696,0.07440967,0.46391132,0.120744996,0.2577886,0.048988387,0.2426298,0.07171134,0.22249894,0.046486605,0.37368143,0.069392286,-97.951454,1468.9436,0.02343636,21.935083,128.14235,415.8454,0.015981607,11.184839,-53.37183,174.37418,-0.0076260907,6.6091537,56.161636,404.9249,-0.0020822415,6.354982,-31.794622,179.30019,0.003935075,7.2352986,36.57304,202.82013,0.015208988,4.1103435,-28.649853,118.70067,0.02028201,2.134517,15.894164,129.91217,0.00667677,1.6347449,-6.945163,64.43213,-0.0004995235,1.4285995,-3.937693,89.86161,-0.00048441268,1.8450731,8.415427,84.73293,-0.0036785528,1.4012357,-13.472481,72.50888,-0.008834344,1.4232123,12.158576,73.1188,0.0010241643,1.5835869,1,ai_older_tracks_21.wav
0.16879216,0.0050170952,0.30478653,-0.45860267,1270.0066716800375,326511.88105136063,1.4079087617598662,3.5060846075225918,1419.8258050550146,224787.94518667916,2701.683663288506,1798804.0062463214,0.0666817585381192,0.001706295276935008,151.99908088235293,69,0.3425837755203247,0.41963711380958557,6.34462e-05,1.8544474e-08,12.285923,230.20996,1.1229717,0.6933206,2.514548,10.066736,-0.10662957733929608,0.030421980578843363,0.36704963,0.061278563,0.5824624,0.12552197,0.3522879,0.059773177,0.303015,0.071876064,0.21779262,0.03188208,0.3504802,0.10565386,0.24143842,0.07185723,0.27337226,0.05636801,0.5712989,0.12166803,0.34306255,0.060015857,0.26458937,0.07691769,0.22068948,0.03270872,-164.67758,4401.4937,0.095958434,40.0039,170.44415,769.8297,-0.039456576,15.858846,-27.331106,826.88226,-0.009050514,16.373495,56.70977,816.45935,0.06858911,10.599522,-11.09568,538.5552,-0.031480465,7.711171,15.435275,429.06897,0.0117589375,10.398362,-10.019833,245.18295,-0.0066649877,6.763368,9.702653,175.92406,0.0058416333,4.7391143,4.0937343,143.91812,0.0011002176,3.1299076,-0.36742008,160.06668,-0.008929682,3.1160648,2.174193,137.3545,0.0020090758,2.286884,-6.045161,85.88203,-0.0015833542,1.9741887,4.2687445,116.78148,0.00012774512,3.4411504,1,ai_older_tracks_22.wav
0.15283869,0.002368562,-0.28333437,-0.3321159,1245.0148785393378,220664.9175372134,0.8131625295232723,0.8392937811793608,1668.3546225592752,120946.46807346429,2656.1589385702882,1664393.0808774119,0.04036634699109907,0.0005866904632778896,83.35433467741936,37,0.22980313003063202,0.3184264004230499,5.304972e-05,3.1223003e-08,26.77733,780.24854,1.1606466,1.7636496,3.7669337,19.209576,0.016853963439922216,0.0385219231471544,0.26670858,0.057817902,0.35105115,0.08022115,0.46505973,0.14587002,0.32512364,0.057111327,0.35935813,0.11379747,0.25501028,0.06249188,0.2972956,0.111138426,0.26421967,0.10223912,0.33992952,0.09481352,0.4242271,0.120368995,0.3170177,0.05561759,0.34804043,0.10855936,-196.89766,2974.4949,-0.060534906,61.547577,136.78906,440.07,0.050137613,14.659338,-14.741126,447.95065,0.014431019,9.721143,54.40601,273.45554,-0.010665364,7.618039,-6.4788203,237.7842,0.006214133,5.502907,41.19885,167.22943,-0.022040656,4.35127,-6.1657906,245.88847,0.014089501,4.949462,25.874208,80.42755,0.008572991,2.5122237,1.5317409,79.33476,0.0008527406,1.8906184,-2.888721,61.885544,0.007563262,1.802567,8.921792,81.501526,-0.009240563,1.9655089,-4.973076,47.936382,0.0006390747,1.3658787,11.478179,71.93482,0.010163623,2.0083392,1,ai_older_tracks_23.wav
0.27124038,0.0057897423,-0.5781472,0.49802566,2109.7960835693134,80873.17759484939,0.5547303001191793,1.368638299339481,1905.1413634770881,38382.16070040434,4411.181659521333,342753.0611451746,0.11302463779508513,0.0011564988021733854,129.19921875,64,0.3944612741470337,0.28052738308906555,0.00029884136,6.2348096e-07,11.181608,169.41917,1.1037413,0.5625307,2.5857596,12.97823,-0.012822705238483154,0.009425706929351192,0.39867124,0.10299937,0.3170067,0.06756079,0.32967803,0.062291786,0.47660094,0.09884274,0.31554544,0.044338476,0.3194181,0.062867105,0.2679486,0.04130125,0.45573595,0.08226879,0.6762394,0.10844577,0.38590342,0.05305357,0.36183065,0.08520582,0.31346908,0.054082435,-37.513218,1093.6199,0.015864434,16.725714,130.28658,127.0841,0.036405373,4.0200443,-60.762337,111.89367,0.017426068,4.1492553,71.093414,249.01083,0.019428935,4.2974033,-41.01014,70.66711,0.00082485814,1.9681519,35.242443,185.80998,0.01569593,5.990077,-19.081005,80.0436,0.00819538,2.557206,19.181164,99.38233,0.015025003,3.2823286,5.926449,72.65003,-0.016973406,2.4227662,6.1506605,78.647575,-0.020147862,1.713948,9.381952,67.330025,0.010386049,1.7313403,-9.018885,52.76167,-0.0014945604,1.6284032,12.728412,67.046646,-0.0069483044,1.9297782,1,ai_older_tracks_24.wav
0.1309573,0.0016881783,0.1404859,-0.18303919,1400.019979633388,222712.15639517808,1.0042520115175555,2.5033692178944387,1769.8574488379613,109760.55650674003,3130.8144017269738,1779214.1792721557,0.052196207430340556,0.0008885820793906027,66.25600961538461,32,0.2306986153125763,0.3137468993663788,8.603533e-05,2.310056e-07,29.932499,960.67975,1.1136233,1.4136904,2.8904696,10.68853,0.1162216126594687,0.08150946865081518,0.17031698,0.041718945,0.20818926,0.06215582,0.32760113,0.13147067,0.2863507,0.069288574,0.3681873,0.15027449,0.24221022,0.04651253,0.3173115,0.05617312,0.55803454,0.16039035,0.28805643,0.042650167,0.17398402,0.04846024,0.1407738,0.03329517,0.21315278,0.07660645,-193.3722,2383.458,0.061555028,61.979973,133.07681,340.39252,-0.039728537,10.208591,-22.238565,246.6592,-0.029987441,6.507708,42.366016,292.65866,0.028541619,8.525233,-5.3063793,267.44235,-0.035731465,7.8668604,43.229324,141.25839,0.04752262,3.3673692,-7.427488,235.44383,-0.011467358,4.608051,23.359846,122.679085,-0.0013145322,2.1701975,-5.839124,95.942085,-0.027987944,1.8657402,-0.1647646,64.55597,-0.009409302,1.4681467,3.0182455,59.13992,0.0012601075,1.4098818,-11.253477,77.700516,-0.0010152498,1.4482197,10.31681,87.04788,0.007820163,1.5572276,1,ai_older_tracks_25.wav
0.2761454,0.0042275023,-0.7656585,2.0142188,1374.7480019778598,365222.1804151103,1.267969666415458,2.048472742698328,1586.682812956923,154808.50581246254,2803.6913797951333,2031631.044588535,0.05479369739260836,0.001650579183218819,143.5546875,69,0.44088736176490784,0.23545292019844055,0.00011211033,2.1164533e-06,32.410446,1097.7759,1.2780985,1.1666919,2.582678,10.346915,0.00019373976058757882,0.04742180044391218,0.29837248,0.06340419,0.32168394,0.08488585,0.29758275,0.051454622,0.42325595,0.10875165,0.36080357,0.07126185,0.47011536,0.10449009,0.444223,0.101589665,0.38172176,0.0669854,0.5401542,0.12380647,0.4444773,0.084657796,0.45019606,0.11340573,0.28678966,0.053768188,-107.38482,2637.1868,-0.025408665,50.29366,155.47523,672.3361,0.023701636,15.788287,-28.332167,760.0834,0.025015486,15.252848,42.501747,506.27908,0.007153337,13.640362,-26.873772,293.2933,-0.015855666,8.687833,27.624477,311.78885,-0.00065412314,6.921083,-11.206646,248.41118,0.040672615,5.6762853,15.14451,156.60628,0.02504995,3.4730122,4.3327017,155.23889,0.008814952,3.5208933,11.168121,102.460045,0.014188645,2.561065,14.46843,98.445435,0.008404143,2.0425057,-4.8218513,107.17506,0.015945468,2.4537868,15.233308,75.453705,-0.012692694,2.3677988,1,ai_older_tracks_26.wav
0.12196457,0.00070727227,0.44297254,1.0133772,1187.0038800032708,226779.79663690232,1.8372168581987836,5.300019840860475,1495.0688852828234,146919.69132191828,2551.3345724288893,1574040.591426223,0.04125523050503096,0.00043871064830950014,95.703125,44,0.1720934808254242,0.21805177628993988,4.975831e-05,1.1845625e-08,23.13603,687.4766,1.15373,1.0593392,2.6811264,10.043549,-0.12280601056062271,0.08608207939083738,0.26887196,0.06375409,0.3495582,0.1223676,0.20095804,0.03554652,0.24540599,0.079290256,0.26386455,0.06331064,0.45355716,0.1475962,0.4174696,0.1111856,0.3635049,0.08365369,0.42353353,0.10397165,0.30298096,0.07831016,0.29149276,0.1295328,0.19778582,0.040710036,-220.81415,1972.3529,0.06794054,36.536503,146.2463,481.47894,0.0040192935,13.487277,-23.774916,387.38837,-0.031017186,8.415034,58.031517,292.39658,0.008430271,7.317839,-10.687795,244.8109,-0.05187761,6.19081,32.744747,193.73166,0.0025017653,5.5025835,-0.7904355,232.65517,0.011271446,5.8754454,8.497081,138.54893,0.0030632336,3.7349968,5.5492363,82.196304,0.01977826,2.291581,1.7776396,73.221855,0.0012544766,1.8555924,6.274621,120.75533,-0.01788154,2.0794828,-3.5091164,77.94788,-0.012414522,2.1407197,6.5650177,105.829216,-0.0017284033,2.6019385,1,ai_older_tracks_27.wav
0.27381694,0.0038758405,-0.12450257,0.90776396,1993.580372829133,265413.9352532163,1.854252624187278,4.971163347045126,1994.3849367526045,81447.37068587683,4375.423542412442,1298103.4418780305,0.09650697501451239,0.0020323662108620594,161.4990234375,75,0.44979792833328247,0.22736448049545288,0.00015498271,8.102709e-08,9.90169,142.90115,1.5202352,1.1237243,2.6529713,16.408075,0.0014193903193702867,0.010971207864571803,0.32120493,0.08888838,0.31225604,0.09293276,0.33209252,0.08248326,0.4883405,0.10302562,0.61010236,0.11378869,0.37326273,0.090325795,0.24691324,0.06954294,0.30054754,0.09083374,0.36441514,0.10683786,0.30802792,0.09684445,0.31253037,0.08081491,0.3597482,0.09213016,-69.2415,1087.2609,0.0013707577,35.221073,128.31497,359.33774,0.01370216,11.407766,-46.19847,494.4466,-0.032106873,19.847662,48.68225,394.66446,0.011239201,12.440924,-32.374886,335.56488,0.028675705,10.693343,44.450768,163.3855,0.041146323,6.191307,-31.397776,257.71075,-0.013921289,8.518685,22.448515,114.96238,-0.012670669,3.4860833,-1.7479936,116.383415,-0.009265261,3.2304509,5.505115,114.07817,-0.0035642157,3.2120025,18.582417,156.65129,-0.010603213,6.0398583,-5.714899,113.66195,-0.01195505,4.6911144,18.28144,90.18702,-0.0043288157,2.5950804,1,ai_older_tracks_28.wav
0.13127868,0.005631466,0.10781001,-1.3120906,2111.0998413604048,328974.5959558529,0.2689175002859247,1.2430369356153088,1935.1835720051074,108612.63267721677,4450.931419159975,1130018.9273606369,0.09003573674535603,0.00418303667208394,99.38401442307692,47,0.2937096655368805,0.5716320276260376,0.0003461248,2.167455e-07,6.3462343,88.320984,1.2830663,1.3936849,2.9294147,11.928323,0.06959168536417501,0.03198982686748128,0.62130225,0.09297974,0.50252056,0.07164214,0.44774598,0.0660184,0.43117428,0.06853909,0.41943377,0.08718162,0.40424135,0.079693116,0.52685964,0.09634145,0.51505417,0.089311555,0.47493955,0.08141724,0.48182854,0.074763626,0.5412179,0.057913885,0.7004795,0.0824967,-151.15956,3164.5356,-0.14652333,30.392866,105.3719,451.2323,0.03442288,12.29824,-58.460938,489.67776,-0.01061128,15.050926,53.934834,425.4763,-0.025249507,7.711103,-20.209095,310.48895,0.023531003,7.516582,40.45976,381.32376,-0.024982579,5.450096,-8.299803,224.5041,0.026101843,4.5898643,24.180168,202.64658,-0.014679057,3.1699846,1.7675827,119.114235,0.014155055,2.4118268,4.564467,115.27912,0.00899575,2.0042956,9.854235,104.36194,-0.015464333,1.6740942,-6.7481904,76.43461,-0.00053493824,1.6843795,16.368284,124.85158,-0.015279807,1.9388154,1,ai_older_tracks_29.wav
0.16199246,0.0073650195,-0.41696224,-1.1985939,1526.9605734268957,737650.0283758583,1.0610140520646274,1.9855765636860818,1661.4795056236487,196490.88764513674,3052.764873681792,3089568.075218321,0.06953850619195047,0.00684593403573282,161.4990234375,77,0.33420127630233765,0.529775857925415,0.0003329536,8.6839344e-07,5.596426,45.588886,2.020152,8.7702465,2.7514417,8.646697,0.038544765000793145,0.03112815683712783,0.39484093,0.065922566,0.32322416,0.053023353,0.3422049,0.059340946,0.471292,0.10460047,0.42679796,0.12406166,0.45431688,0.120443314,0.52369106,0.0978109,0.49847826,0.063331015,0.6711579,0.100870855,0.56549954,0.10787425,0.480783,0.08916607,0.5297896,0.09675967,-226.12247,6449.5903,0.09540076,218.3163,108.49992,1401.2964,0.025703011,45.896675,-34.813442,1370.788,0.06570388,36.582134,30.594227,749.1129,0.08729279,18.732105,-0.8888676,727.26654,0.016181147,21.388573,33.36122,414.6041,0.029669823,9.931923,-13.598649,456.77826,-0.005886447,11.719976,17.08964,256.95947,0.040620178,6.2421675,-10.053114,279.5567,0.024531892,6.572914,-0.31917465,240.339,-0.0057367813,5.3720574,12.241578,167.53606,-0.00854176,4.301174,-6.465921,155.49728,0.0052052955,3.8376439,12.695434,139.58981,0.009999455,3.7663023,1,ai_older_tracks_30.wav
0.17051458,0.0074556544,-0.6471831,-1.0702074,1776.9379471059538,716199.8187922431,0.5585458906461775,0.19247798638692837,1953.438395947786,175341.42344992535,3995.8008379389994,3185258.9434417565,0.0646719445385062,0.00693866666358724,161.4990234375,79,0.3260037302970886,0.5063856244087219,0.00033638955,6.455709e-07,3.7175477,15.855221,1.8270916,5.866059,2.4377325,6.8932676,-0.03320194978239403,0.027989216917602002,0.46645325,0.08010384,0.5314793,0.088434204,0.5004114,0.07118241,0.5851758,0.075386874,0.6409434,0.106660165,0.6688278,0.109856725,0.6487739,0.093776084,0.55232555,0.07238398,0.64028835,0.09366481,0.567412,0.08631867,0.49042985,0.06657026,0.5106448,0.08898708,-211.03676,4069.8186,0.03200624,137.52817,97.63819,907.35004,-0.01792109,27.172077,-28.02025,1211.751,-0.009516642,35.61355,47.287296,525.5754,0.01231388,11.779845,-8.335998,470.8182,-0.0010571531,13.985519,43.296738,421.4359,0.0095,7.842911,-8.565102,291.9331,0.0016870565,6.715695,23.833063,294.90277,0.0026921048,4.551988,-3.6980762,196.88858,0.009567758,3.641612,10.642557,148.92499,0.0122996,3.0950496,14.655653,133.13278,0.010397998,2.533119,-3.8356378,105.07709,-0.009094284,2.4076543,20.152168,86.4114,0.0021674691,2.5564508,1,ai_older_tracks_31.wav
0.12345579,0.0016911984,-0.28465,-0.03164339,2091.1023563668787,166187.96699092264,0.8548032339967866,2.8915128793402136,2077.581078107281,37844.208360567616,4773.8377999226,604136.9414888218,0.09686562741873066,0.0022212389903103324,103.359375,50,0.19348222017288208,0.3331085741519928,0.00041321345,1.3188145e-06,26.567976,836.1348,1.1981891,0.9553441,2.1288998,5.830804,0.02288596081426391,0.0125372371798951,0.45033553,0.05939515,0.48693216,0.06704308,0.4974045,0.067438796,0.51742053,0.061295275,0.63743097,0.08750278,0.58671707,0.07656237,0.53221333,0.052091617,0.5756938,0.06232039,0.66438675,0.0713764,0.6518866,0.07994859,0.49374852,0.05499522,0.47426715,0.060815748,-126.07002,1181.6396,0.0010560083,19.892681,121.74237,315.199,0.0119980825,9.998288,-48.932804,255.4143,0.011871293,7.6619754,61.131348,299.0432,0.016375417,8.448413,-31.056332,234.19675,-0.021726092,7.4264874,45.9045,157.01355,-0.012785612,3.7566836,-18.176376,135.44038,0.0036092284,4.516528,27.031277,130.57336,0.0045318715,2.8734984,-0.8295203,91.36881,-0.0023804072,2.4272087,2.9795992,97.99032,-0.0050334972,2.450608,14.036706,98.42157,0.00398852,2.5408437,-7.6030593,68.83241,0.007282325,1.9026092,17.561632,64.11919,-0.0010475448,1.4571719,1,ai_older_tracks_32.wav
0.15435241,0.00095887156,-0.15566535,1.0127478,1461.9014493617465,217428.19479396177,1.7459279240854861,8.485895745307765,1905.5980859540464,68117.2248589665,3579.445022252322,1395278.592498128,0.04833455277670279,0.0010814445026698153,92.28515625,45,0.22672420740127563,0.20061656832695007,9.3704344e-05,1.1932467e-07,28.077488,899.03015,1.055988,1.1005234,3.2727885,14.496969,-0.03978376330828279,0.08054012839184034,0.27674013,0.05344078,0.33298624,0.1136517,0.26912805,0.056615625,0.3746732,0.12866396,0.33627278,0.101616,0.34172726,0.079538286,0.5324126,0.1329122,0.34907982,0.060927656,0.22941183,0.06701345,0.17531759,0.035762295,0.24960847,0.042384267,0.39045697,0.13991603,-165.96486,1261.754,0.0200565,31.526646,131.12256,375.79437,-0.0042413366,9.725542,-15.465565,249.64319,-0.020915179,5.9986486,68.613174,256.6056,0.033452753,6.3652916,-11.896401,217.23749,-0.005726308,4.8085175,50.030773,107.41504,0.03117709,3.1254656,-10.83001,142.27727,-0.021669095,3.436655,22.54329,72.055084,0.013256981,1.8123869,-3.3412757,76.5329,0.006070982,1.4981062,0.9003055,54.698868,0.009580345,1.2802188,12.944055,49.678467,0.009209254,1.2486045,-8.293114,50.13647,-0.016901158,1.3818401,14.281425,53.65001,-0.006086604,1.4756521,1,ai_older_tracks_33.wav
0.09137926,0.0031162254,1.647096,2.3887734,1298.0847583844109,588008.8570026654,1.320884543046898,2.110468566817862,1564.3988791414222,201881.47192087697,2796.2330915610487,2767975.5011493433,0.04464409890189629,0.0022583791842761504,117.45383522727273,57,0.29401925206184387,0.6108952760696411,0.00014989315,1.2576534e-07,8.933893,115.55172,1.3926615,4.208457,3.189866,12.512403,-0.021406279000713315,0.07793227003316311,0.21972972,0.054588094,0.4412435,0.11717269,0.42802444,0.12597914,0.3919407,0.09643637,0.3633192,0.13135557,0.28998047,0.08225687,0.2584152,0.09719483,0.19899993,0.051769942,0.29492882,0.058361717,0.56458163,0.14718418,0.38412622,0.06935889,0.23713963,0.09605403,-251.9718,3784.6099,0.02869276,124.19177,128.71713,997.9789,-0.010441982,25.584867,-9.017499,631.58905,-0.01499617,17.357702,45.096306,364.14536,0.0017103839,10.980244,-5.697047,459.7232,-0.022822157,10.7932415,28.89065,226.09727,0.021991251,6.778975,-4.3378153,218.89302,-0.0010709725,5.3825297,8.253822,176.58466,0.014387801,5.006088,8.687017,105.24006,-0.01372614,2.5034142,-2.814233,111.80921,-0.014105915,2.466178,5.066979,80.08603,0.009544553,1.756751,-7.1301155,94.028305,0.0005765042,2.240802,-3.3286417,113.306984,0.023052827,3.7186408,1,ai_older_tracks_34.wav
0.08667959,0.0017112171,0.70214003,0.26039505,1465.2697203846799,462851.36912814947,1.04039951353631,1.3038670575473725,1687.3328544814717,148174.65009355347,3172.50581629136,2090765.306099461,0.05071813624709752,0.001682386939755661,172.265625,84,0.25156304240226746,0.4772387444972992,0.00020720263,2.9556583e-07,7.377138,67.91194,1.2707846,3.174614,3.7681916,18.720015,-0.026029082321000672,0.09186698190488214,0.47216424,0.14435034,0.37876987,0.10725736,0.24452063,0.05819707,0.2492056,0.08581652,0.21041173,0.041098,0.3067082,0.1210698,0.2413563,0.042648036,0.3207002,0.092353866,0.39908206,0.14841127,0.26490924,0.08446145,0.17925213,0.056229856,0.21685544,0.03898852,-233.88985,5278.0806,0.009112544,113.70982,123.66764,881.88293,0.021603843,16.03403,-20.547619,658.92847,0.020278683,22.267195,50.832104,417.16956,-0.012653192,8.439958,-10.888958,354.79266,0.0034896242,8.685175,28.605072,251.28497,-0.0066865133,5.2018747,-7.7484045,195.15808,0.021972453,4.0007143,14.392279,116.89055,0.0035588585,2.220388,3.6144967,94.76963,-0.00078887946,2.1439486,-3.3999457,69.907074,0.022377068,1.482494,6.644017,61.848072,0.011534679,1.3911116,-8.120997,54.889126,0.009132663,1.4065952,1.2286235,93.77351,0.018816018,1.8606524,1,ai_older_tracks_35.wav
0.20555478,0.006895594,0.59553546,-0.39709783,2302.057830015436,229551.10373420635,0.3095855805323559,0.5204633796121807,2038.2900095418588,39611.65893333796,4831.962448450803,583770.6680020386,0.12002761888061146,0.003426121396830539,123.046875,61,0.39997196197509766,0.40397852659225464,0.00039628442,3.928262e-06,27.321241,806.24493,1.3443568,1.4952813,2.0012715,5.093994,0.023206265324544985,0.004941556235749002,0.5805029,0.10067234,0.41874918,0.06002037,0.44082627,0.09197823,0.38516697,0.06736884,0.45958886,0.0918087,0.448191,0.097802356,0.4121322,0.06271424,0.55791616,0.09833676,0.46630123,0.07251565,0.45591363,0.09681607,0.40019146,0.06704592,0.4966202,0.07838956,-71.11109,1221.3218,0.03683442,48.249886,113.93623,290.13007,0.027975263,11.476797,-55.187046,277.17755,-0.023422604,10.137742,61.528866,224.63652,0.0030172863,6.7695813,-36.621243,177.28574,-0.0066256234,7.391118,42.135944,199.14906,-0.0066703856,6.0664477,-19.263008,137.55838,0.0106558,5.0935025,18.596989,112.11312,-0.014035497,3.6796932,-1.5436485,77.07781,-0.009093574,2.4938717,6.463584,79.025696,0.010357609,2.810773,8.659734,67.85945,-0.00032571965,2.2765262,-9.765451,64.37268,-0.010351863,2.2750256,17.560875,43.681065,0.004342525,1.6849207,1,ai_older_tracks_36.wav
0.30961514,0.0067891204,-1.2368944,1.4524927,1514.2714779251723,205860.13474605384,0.9569170277368773,2.7761472688224265,1706.3885419782591,123448.79862879247,3356.496370392318,1255850.6000961051,0.045727614647832815,0.001150863065433399,95.703125,46,0.4230385422706604,0.26612433791160583,6.887441e-05,2.7306122e-08,11.747673,206.64842,1.3262422,0.95750326,2.076479,6.3226376,-0.04561694455433148,0.03884960021399338,0.45347667,0.08010872,0.5499324,0.0803208,0.43329293,0.05077538,0.5245875,0.10513431,0.46773762,0.08683537,0.53571457,0.10308506,0.43686688,0.07218958,0.4592168,0.06337313,0.6138664,0.087270364,0.5309439,0.071986765,0.5510064,0.085213,0.4291428,0.069814436,-91.90702,1014.9274,-0.053941485,32.87866,144.33003,452.25677,0.01376948,13.586792,-44.906933,539.41943,0.02968436,15.330481,47.742638,440.2076,0.019857284,9.897028,-22.377872,208.91418,0.020957422,7.112701,28.769325,320.23752,-0.007926525,8.910265,-7.010228,218.23756,0.012146323,5.807259,20.64344,171.1985,0.0021721332,4.725073,9.9376135,113.78681,-0.0031318509,3.075252,13.525197,96.77628,-0.023249283,2.7763693,7.9184055,113.92635,-0.0010081792,2.0906436,-3.1510735,89.931335,0.009788444,2.3188975,14.93822,102.91243,-0.0028399532,2.6065388,1,ai_older_tracks_37.wav
0.14457156,0.0038416386,-0.2683284,-0.7642257,2107.9610518228424,540877.3986398748,0.5452445952837633,0.7668128709085247,2133.4724984056347,89861.74716089053,4884.970461251935,1855176.2611603006,0.08137894857778638,0.005531670547790625,161.4990234375,81,0.2666195333003998,0.4287216067314148,0.00030830794,3.298821e-07,4.9959188,45.322308,1.5320177,2.9111645,2.2054865,5.557579,-0.015026883759630516,0.0326752127435893,0.48000664,0.11440439,0.4628731,0.08788395,0.4434887,0.09374526,0.37423897,0.074714944,0.355333,0.09866487,0.38117063,0.085935235,0.5442256,0.11411505,0.4222311,0.07970299,0.44725853,0.08867631,0.47830614,0.09254744,0.45726764,0.06358697,0.575732,0.11537669,-163.12979,1983.9424,0.024554463,64.23477,108.59269,720.6761,-0.0067319428,21.322256,-39.996094,490.05838,-0.025903052,15.021173,47.466988,419.5746,-0.033030387,12.920627,-23.804958,351.87836,-0.009778071,10.160518,45.792217,262.26407,0.0026178404,5.6282635,-22.511017,239.89551,0.01196328,6.525755,24.820517,150.57655,-0.0032237808,3.2198093,-6.95753,168.24521,0.0016309683,3.7414124,2.969338,159.44771,0.009602068,3.1720486,13.817386,131.27477,0.029269516,2.5104039,-10.218289,105.49307,0.021733297,2.2722955,18.876564,87.540535,0.003674981,2.580295,1,ai_older_tracks_38.wav
0.21041147,0.0056950864,0.597965,0.020739794,1665.984030456502,336622.7132327058,0.6764526475345597,1.7448938027080887,1793.3766323205916,140351.37607425422,3603.3365444502224,1631674.917674233,0.08118620597910217,0.002366109209210856,107.666015625,51,0.42030611634254456,0.35865819454193115,0.00013077715,4.6032543e-08,11.801708,232.6166,1.3036101,1.6924206,2.9506295,11.629885,-0.06468163558003133,0.015269886553674096,0.4160445,0.07541612,0.63641566,0.13229805,0.40497684,0.06323838,0.38910192,0.10392965,0.30623654,0.06722993,0.38363314,0.09601624,0.28510836,0.063835844,0.31933898,0.07369503,0.4473034,0.10668152,0.33922806,0.07590989,0.36097354,0.097922355,0.32753623,0.07196223,-105.411255,2960.5352,0.054880608,66.89185,139.43417,461.6784,-0.0059015625,11.423802,-30.325567,478.34656,-0.004045169,11.2701645,63.76912,442.36325,0.05391503,9.771745,-16.653423,290.85114,-0.0065633208,7.3615437,30.429977,335.06116,0.040362094,8.444346,-16.91183,182.9564,0.01341247,4.155005,18.067791,143.76477,0.025417635,3.2358837,-5.437698,138.27798,0.016264074,2.9315464,1.5071,86.493195,-0.0067930412,2.3663044,8.487653,97.54804,-0.004492423,2.4343307,-8.9277935,75.515755,-0.007567413,1.9226911,12.099523,64.36324,0.0059317965,1.8141637,1,ai_older_tracks_39.wav
0.16235305,0.0036049376,-0.5942595,-0.21781707,1739.4563865702194,365318.9236025484,0.8731087617153557,1.870379237067577,1918.1376332118934,118001.85090234959,3964.217695584607,1636501.290971885,0.05031224300986842,0.0027378378613523114,161.4990234375,75,0.3061918020248413,0.3698183298110962,0.00019939004,3.9774966e-07,10.37684,154.79858,1.5448222,3.5774674,3.0029263,12.863136,-0.07039952193719468,0.07919569316395259,0.49068245,0.083429664,0.54729456,0.114436865,0.41250488,0.077063344,0.41234955,0.06509468,0.42174363,0.08007991,0.363427,0.08058262,0.41396224,0.10421781,0.47440025,0.07513276,0.6717193,0.10778813,0.60403717,0.09656434,0.4838632,0.058450587,0.4605556,0.06625719,-169.76727,3373.649,0.064822815,86.88733,114.57135,746.9041,0.0012522792,18.36397,-34.00257,509.54333,-0.019500092,15.897779,61.15382,428.77322,0.037773293,11.097501,-11.431165,459.38913,-0.017214535,11.796681,35.575943,323.0086,0.023668703,9.1034565,-8.433468,227.89058,-0.023154845,6.4815025,25.491535,136.09372,0.0048531345,3.6907895,-2.7034523,103.4746,-0.004978649,2.6872792,2.750919,84.60276,-0.0011720083,2.0536005,8.8084755,80.79207,0.0011860268,2.1486976,-8.489548,62.274612,-0.014611575,1.8428849,13.475438,60.955097,-0.0031950718,1.7155036,1,ai_older_tracks_40.wav
0.20680785,0.0046502445,-0.18427409,0.022773027,2159.8419388965335,295217.1216711629,0.8145077682990066,2.055291220423393,1992.8549577931237,51262.93193877161,4625.222031915151,745337.7635617743,0.11430580918633901,0.0036686250145320683,129.19921875,63,0.38934195041656494,0.32973939180374146,0.00029503583,3.6558552e-07,17.13993,415.01086,1.2789612,0.99717945,2.7838533,14.322485,0.03093416034815755,0.006425380806814283,0.57860166,0.12599888,0.39329988,0.07728528,0.3469,0.08922444,0.30055544,0.062042415,0.39827153,0.11256338,0.3387143,0.08789164,0.3403585,0.06926301,0.49632627,0.12083812,0.3772412,0.07510838,0.34506163,0.08776287,0.3317407,0.066271305,0.4905164,0.09202683,-79.09738,1655.8776,0.055466436,36.060936,116.19067,372.66388,-0.021819834,12.265258,-47.523994,441.15393,-0.017299138,10.342997,60.902973,298.65234,0.0420836,10.631718,-34.264313,178.34326,0.014731584,5.7273874,42.05675,193.2897,0.015135087,6.18798,-18.458551,135.24281,-0.02138269,4.5722866,13.508771,125.15195,0.0048530404,3.6881375,1.573289,125.57585,-0.0102935545,3.761139,3.2342434,69.21,-0.013131212,2.0525815,5.1484528,103.03476,-0.007610576,2.8163745,-9.994849,56.037243,-0.0029249124,1.7164847,16.38554,61.32975,0.00675115,1.9424293,1,ai_older_tracks_41.wav
0.09994534,0.001960944,1.0025123,0.8857777,1387.4456418298917,371643.13003345736,0.8208257826900175,0.75064699587,1718.5840748454555,140521.37569461114,3042.3316034370164,2324488.4429100277,0.047017856279024765,0.0010167270638014013,89.10290948275862,43,0.2430814951658249,0.44306766986846924,0.00012745487,3.7061856e-08,6.797137,86.97244,1.2932181,3.0929685,4.282434,27.456244,0.11084008293286943,0.06643315672927816,0.3880004,0.09897469,0.31984413,0.080664195,0.29862824,0.078603506,0.28217584,0.053638995,0.35813886,0.11536405,0.2672403,0.058663454,0.36567512,0.078716576,0.49275622,0.11594223,0.3197786,0.057921838,0.30366522,0.090581276,0.29559344,0.04642195,0.49041924,0.13048117,-224.23848,3449.8792,0.09233937,99.189156,127.81641,656.7381,0.025025023,18.421501,-13.590902,537.91785,-0.023678022,16.5871,53.238155,483.23694,0.016502855,11.807681,-8.7811775,437.26044,-0.007829549,11.286105,41.0279,176.83754,-0.00011874795,3.927783,-5.5886664,169.63983,-0.0009705533,4.1773696,16.317707,103.9791,-0.0026993928,3.1721282,-1.8968403,100.76194,-0.005491394,1.9973862,-5.406165,89.90222,0.0018158233,2.128598,7.1705627,90.56017,0.019481353,1.8290815,-8.993696,101.29726,0.005382134,1.9135723,7.1860595,96.110565,0.009564602,2.0671551,1,ai_older_tracks_42.wav
0.27822155,0.008418501,-0.005336318,-0.7876129,1692.8385110400473,373095.0291920227,1.5177849441633766,2.7910801690714164,1708.3714602009127,121647.36029191497,3422.03764073989,1649319.187621948,0.08709055425212849,0.002008969606715532,99.38401442307692,48,0.45490679144859314,0.32978177070617676,0.00016552384,3.8920075e-07,22.929113,607.98474,1.5366709,1.2924516,1.7100022,4.1440897,-0.02387312789369191,0.012026614602105147,0.28890863,0.06678363,0.29438877,0.08382816,0.33002257,0.0952806,0.3303808,0.08168501,0.30270654,0.07451652,0.31823736,0.08393616,0.32072666,0.0819916,0.36833796,0.085716784,0.5161328,0.102343105,0.55660945,0.11346266,0.50175774,0.1200391,0.40792176,0.10023958,-68.46682,1415.9811,0.014677333,47.40381,144.45383,597.79913,0.03406563,25.562836,-43.682217,537.18915,-0.033771023,19.798859,51.99511,385.78253,-0.010724169,16.48504,-26.13674,406.65955,0.016315848,13.955725,32.034626,245.09027,-0.02323098,9.54216,-18.296995,218.40254,0.01727449,7.1903496,21.176144,110.23657,-0.017365485,4.105239,2.3212028,139.33278,-0.005985565,4.512137,4.170032,99.06304,-0.0072505553,3.0083344,10.416043,87.21187,-0.0031735285,2.9041297,-9.232034,118.37165,0.009689988,3.260074,13.42033,79.59377,-0.00026985808,2.512816,1,ai_older_tracks_43.wav
0.13112177,0.003832611,-0.86505306,-0.5281646,1892.9692220355214,249523.07041046774,2.9632972400255135,15.08630335677767,1972.8075512823716,40665.11773101049,4390.9317819695725,566317.054081908,0.06511033946884674,0.0035537825186317557,143.5546875,69,0.2437000423669815,0.47214192152023315,0.00039562772,8.382425e-07,4.2200265,20.784475,0.92502046,0.570403,3.5788934,17.511417,-0.07663734911353566,0.08485214416971958,0.32231218,0.06525676,0.47071815,0.09997514,0.39457744,0.07466879,0.4693716,0.1399413,0.29770494,0.0634765,0.29599002,0.061334852,0.43882775,0.12809204,0.2764236,0.05547482,0.37700462,0.11888381,0.23982194,0.03442404,0.35939792,0.099585034,0.33325347,0.09266322,-180.6398,5688.4795,-0.034889262,37.790783,113.140144,579.631,-0.021499773,7.9820833,-37.81005,252.00731,-0.044771705,5.6721478,60.06753,766.2493,-0.020467578,3.9487913,-27.099743,134.32683,-0.045160193,3.04455,40.049828,249.10947,0.0087958295,2.772849,-13.505781,96.766594,-0.018802963,2.171419,13.390878,241.47234,-0.017680243,1.4465183,-4.0907106,75.04976,-0.02234134,0.98706585,-6.950602,122.83013,-0.010537445,1.3272252,5.000686,92.659004,-0.0018462025,0.9031168,-13.489143,68.8044,-0.028197734,1.099465,8.630575,127.89901,-0.009229898,1.260406,1,ai_older_tracks_44.wav
0.16642827,0.0051121134,-0.078591354,-0.9290836,2442.1952848978403,341476.87820405385,0.5774187167288185,0.12484470298640415,2100.3996931095694,45168.9825666909,5120.985700766738,625304.5591037832,0.13561520414086686,0.006423529939975355,143.5546875,72,0.30516165494918823,0.4296087622642517,0.0005312922,1.7741958e-06,18.04824,405.86996,1.3724504,1.6682742,2.275861,6.5751724,0.01970314616619084,0.012010470500320254,0.5037862,0.08616277,0.46671128,0.07514023,0.47674373,0.080421306,0.51346076,0.09551394,0.54376715,0.1093617,0.52685505,0.10355604,0.50195366,0.08815645,0.50570035,0.08709063,0.51455545,0.08969173,0.50882584,0.08394769,0.52455175,0.08450416,0.54079574,0.09588494,-95.65346,2707.322,0.05408055,68.58514,109.69159,610.11694,-0.003960717,11.433372,-56.32924,484.1161,-0.025205445,16.25319,63.425194,341.1802,0.020622334,9.69942,-36.73208,214.70723,-0.006004977,6.970845,47.91625,176.17346,0.0047059013,5.2146373,-22.692343,116.04051,0.0152995465,3.0036163,19.984625,133.97752,0.006975971,3.0304768,-1.2544059,113.17624,-0.020825,2.5717456,3.7752943,79.770805,-0.03330605,2.1905248,12.133949,70.1616,-0.011432995,2.1137416,-8.118634,74.552246,-0.009330364,1.827887,19.741985,68.46308,-0.0037174674,1.8300711,1,ai_older_tracks_45.wav
0.1756513,0.011625263,1.1408436,0.7549741,2024.611770687735,819697.4218219807,1.3646201100228794,2.087515667237451,1886.860494834631,104823.77012438118,4118.958426555244,2205018.159421982,0.1169407138883514,0.009525425471402232,151.99908088235293,76,0.5098428726196289,0.6138327121734619,0.0003442296,2.064208e-06,23.228329,629.2982,1.8554982,2.589125,1.9466705,5.552559,0.004168477725414072,0.00902113038054425,0.3848773,0.097702734,0.36987996,0.09179298,0.3931675,0.09863673,0.42339104,0.11125577,0.46236277,0.109483995,0.4441513,0.111958735,0.3774192,0.094471745,0.32923204,0.09400093,0.2747815,0.080708176,0.2759809,0.095632724,0.28515148,0.07652657,0.35876364,0.095894925,-131.64409,3419.5364,0.1446344,122.87701,116.24959,1362.3591,0.06514846,44.013374,-32.83303,641.03253,-0.043098673,23.476145,46.603176,568.14874,0.0018087688,21.402515,-22.325066,470.4104,0.022973746,19.405794,30.985275,330.77002,0.02508706,8.659396,-27.05432,353.20248,0.019647386,9.780548,9.104797,212.20264,-0.01473059,7.710767,-7.6848555,216.60982,-0.0025734496,6.8140616,-4.3281965,161.9115,-0.0110832965,5.0574546,3.6347396,178.31552,-0.0007603851,5.6510634,-9.390723,123.2724,0.0018715002,3.7432003,11.901473,101.039825,0.012616423,3.7673578,1,ai_older_tracks_46.wav
0.20578507,0.008124281,0.4019544,-0.12193966,2109.276584163077,278809.1363943094,0.8642955234420509,3.0657868180095056,1964.0392639238687,58659.44042998398,4531.630931181066,992644.094294858,0.10786518297697369,0.0031891607351483366,135.99917763157896,67,0.4546157419681549,0.4380045235157013,0.0002813694,1.3506489e-06,32.426155,1121.0148,1.3135395,1.0232228,2.4133618,8.317179,0.047886510880862085,0.01386532860263825,0.55321455,0.1361803,0.3373583,0.070212714,0.32125336,0.094705075,0.29654682,0.07316004,0.39256078,0.117724136,0.29569963,0.07200738,0.29451722,0.067906916,0.44985387,0.12470524,0.35086942,0.08582375,0.4006339,0.124946415,0.35086608,0.08627481,0.43392968,0.10375323,-91.16485,2144.996,0.14069565,44.64463,118.818436,448.0292,-0.028024815,14.494556,-50.929047,440.21625,-0.0548556,15.052375,51.09683,468.03818,0.021615416,10.981012,-32.3785,209.72487,-0.0076428503,6.9264402,36.300915,193.52052,0.0071712085,5.624576,-27.331974,219.6832,-0.029304268,7.2800684,15.085629,180.67943,0.009639327,5.0819488,-1.714461,117.39562,0.0008520386,3.8528452,2.6880722,129.76869,0.0008642533,3.8011434,8.941116,132.2726,0.00053726777,2.7860048,-10.989258,85.178825,-0.0038239507,2.7586486,15.614687,74.071266,0.02296357,2.709433,1,ai_older_tracks_47.wav
0.11868644,0.0038749685,0.070921205,-1.0020009,2146.3733515307645,448649.1726297202,0.9743461626065061,2.0527797536789842,1965.486745412119,105910.84908166602,4522.455986660701,1608036.5369539834,0.10821023002128483,0.005662860893693803,95.703125,46,0.2578241527080536,0.5244848728179932,0.00038298615,8.233737e-07,14.518253,334.07623,1.2428892,1.8661661,3.5701709,16.750214,-0.053600471051104506,0.03342213700241831,0.32765853,0.082520835,0.4761515,0.14741015,0.32493505,0.073526576,0.38076994,0.105596185,0.30835012,0.07322969,0.3670597,0.10401385,0.30494002,0.090801686,0.3323855,0.09488589,0.4678369,0.13378243,0.32006383,0.080160126,0.29172134,0.088079564,0.23146647,0.054504402,-165.61739,4746.5576,-0.097444355,52.108944,106.76225,910.65906,0.036518916,24.464071,-50.495605,373.61374,-0.021166202,10.082681,51.536438,864.9015,-0.020436626,9.640513,-24.306952,270.57895,0.0057710507,8.60165,35.46322,380.5565,-0.04898593,5.3199377,-22.675352,173.99384,-0.00802604,4.680092,19.691124,212.97826,-0.020461556,3.1045644,-5.225464,129.26361,-0.012761275,2.588773,0.81202304,136.52055,-0.00012576321,2.977576,6.07956,130.21825,-0.019507112,2.9452324,-13.296358,77.42151,-0.027964804,1.8573043,13.990534,151.23566,-0.02758257,2.0280685,1,ai_older_tracks_48.wav
0.14408192,0.0015025669,-0.73094386,0.7582195,2019.9717122459217,134048.7750722716,0.6843850734228367,1.703157418675163,2118.188964172715,30148.994566426805,4873.603863317531,507448.0513768936,0.0705536172116873,0.0012732284634593832,112.34714673913044,53,0.21666297316551208,0.26903414726257324,0.0002510667,6.1228866e-07,13.317225,244.67233,0.9741385,0.6986165,4.4600897,32.764614,-0.09387626379258594,0.06647355633220767,0.4602925,0.08133813,0.6410235,0.1063673,0.45483923,0.065545626,0.37135443,0.07956567,0.26189944,0.04329024,0.28224692,0.047823615,0.40591186,0.11782413,0.3026383,0.04656086,0.40803954,0.09754263,0.32144997,0.044333804,0.3869133,0.08440094,0.4171889,0.08987815,-136.53798,1643.5588,-0.06075978,25.788177,122.68559,239.1346,0.013419456,4.3298817,-41.78518,189.9059,0.026988504,6.2034864,72.48766,159.6252,0.0015447133,2.934591,-27.779648,124.84172,-0.005206111,3.1884637,48.22189,120.756775,-0.00036184338,2.6279297,-21.113802,109.93812,0.007702608,2.4977906,26.418295,82.10653,0.014981418,1.599558,0.6821224,59.648964,0.014488682,1.4276859,4.7989964,61.524925,-0.009207631,1.363767,16.034025,77.63512,-0.011360479,1.1477339,-10.926295,59.03015,0.005337112,1.0536269,20.223625,61.015293,-0.0009770659,1.3287987,1,ai_older_tracks_49.wav
0.26524112,0.0064930245,-1.5707029,2.0130405,1455.0034425236904,84896.92388354438,0.45702659341303387,-0.7417580134540147,1485.4123197532833,82188.61710694965,2985.2819484084753,525646.7229531404,0.08324099325174149,0.00037426076604692697,107.666015625,54,0.3813697099685669,0.3037964403629303,8.473922e-05,7.815195e-09,10.707569,206.53462,1.0569037,0.66656864,1.985451,3.682094,0.016303488277229886,0.013273459598824157,0.2582105,0.03967881,0.27767277,0.06931693,0.23467077,0.039593488,0.4165626,0.071209826,0.66006744,0.100807734,0.31628233,0.031530485,0.27292204,0.071262114,0.29038104,0.04827341,0.5339858,0.08848647,0.49025545,0.12405793,0.29383388,0.034595147,0.4540102,0.09736367,-64.06721,2315.104,0.14114483,15.92644,166.39117,230.8108,-0.030190175,7.174682,-62.950245,63.933304,0.0026987803,2.1019456,59.962982,438.37204,0.054460533,2.120711,-13.385553,181.40459,-0.03098573,4.8353796,19.879602,276.11252,0.043485533,4.5803366,-14.053303,101.822754,-0.018059278,3.6594634,12.3785715,118.05473,0.030779814,1.3800712,6.429902,46.018208,-0.007924176,1.4114227,1.6604786,34.365387,0.00064031885,0.73666763,5.514125,72.157425,0.020936783,0.7086805,-4.381612,49.96418,-0.011576307,1.3210547,9.205555,51.576588,-0.0007154831,0.6782793,1,ai_older_tracks_50.wav
0.11731231,0.00052239205,0.008132206,-0.3462777,2507.113734826012,259179.17266598972,1.223576435441793,1.5613965278665676,1917.9679103356198,44668.70855306204,4775.879454243663,719510.7763933457,0.1663652071642802,0.003871678706578793,75.99954044117646,35,0.12674863636493683,0.19482947885990143,0.0004979957,1.9204963e-06,26.00343,738.6724,1.0741447,0.4135558,2.0537562,5.5710096,-0.03331984269116016,0.011926673230956112,0.3185239,0.074682064,0.421245,0.09678047,0.31239602,0.06735277,0.3311934,0.07155551,0.40783748,0.09065171,0.40284818,0.0855765,0.52060425,0.1277385,0.3898087,0.0827266,0.35912603,0.10873502,0.2912193,0.078200206,0.35025033,0.09667892,0.32871026,0.08590623,-109.14239,364.21985,0.027391126,13.369394,114.35287,196.93315,0.0073293075,6.5569596,-76.30632,131.93007,-0.0031766167,5.2481437,76.67424,161.62538,0.033872884,4.7519045,-37.15993,216.24187,-0.010097509,6.4851294,41.534344,151.46545,0.017817613,5.2191715,-25.597841,164.0203,-0.009052864,4.6777334,20.971651,78.15869,0.027132448,2.5996935,-4.315961,65.98627,-0.020513913,2.4876225,3.575893,65.12239,-0.012392758,2.009647,14.635263,59.89259,0.0075270575,2.1089222,-11.855055,51.611794,-0.0027250706,1.8534161,16.552958,38.93771,-0.0027255234,1.2474643,1,ai_older_tracks_51.wav
0.14003758,0.0016397673,0.3484385,-0.11394215,1849.4596324721504,121437.687375855,0.3726603083152619,2.0303163174073555,1971.2549352657552,39049.03434727126,4262.257560044988,482161.4519092555,0.06194444780379257,0.0009187300280484226,103.359375,50,0.25100937485694885,0.28916552662849426,0.00015040924,1.4013656e-07,14.018774,218.91171,1.2912806,2.0136983,2.844708,10.160873,-0.030251271967112525,0.033498230686842115,0.33493012,0.086198196,0.48345003,0.14036256,0.34419453,0.072790734,0.34359646,0.08646833,0.3609724,0.114514284,0.36607498,0.10072532,0.4316978,0.10061549,0.4024231,0.07905627,0.5323696,0.13995364,0.4029814,0.111312605,0.30096072,0.06427012,0.31694272,0.08580132,-159.04315,1640.8986,0.02490361,35.60486,112.2515,276.71014,0.011826141,6.8964405,-41.531685,234.19379,0.0064181364,6.0870533,67.419785,380.74365,-0.0007414006,5.679213,-19.389929,178.25331,-0.0101245325,3.3539336,46.65961,133.04912,0.0070852702,2.9157689,-4.9846153,148.58826,0.016502444,3.1888914,21.07319,126.66196,-0.0097653605,2.094492,-0.11409332,74.62618,0.0056278356,1.7528621,7.4023266,77.52226,0.0070746336,2.0925574,10.262373,59.57884,0.0071637128,1.4410479,-5.66719,54.82803,0.0054166797,1.6310196,16.302578,62.25332,0.00061394484,1.4905809,1,ai_older_tracks_52.wav
0.16396666,0.00062903203,-0.3225031,0.4485588,1908.6741980698541,162760.42021377268,-0.22857894360515654,-0.10687730573113452,2001.4751636555238,58636.364291133264,4355.440329914861,834656.864746627,0.06767683944465944,0.0006257228279135707,161.4990234375,79,0.16395357251167297,0.15296104550361633,0.00015896122,1.2002553e-07,22.437592,545.5662,1.1258205,1.3866057,2.933164,11.740077,-0.025156586173977275,0.04082572929874044,0.3448804,0.0735097,0.4148947,0.103039175,0.3449362,0.06553404,0.44740924,0.1000577,0.35443923,0.07488468,0.3905834,0.069872595,0.55440205,0.08794868,0.48420322,0.065654345,0.5087063,0.11244793,0.38032424,0.07409733,0.3569571,0.07046652,0.39729872,0.10473306,-126.85125,936.39124,0.07225097,26.649254,118.53698,191.54839,-0.021652404,6.5879645,-49.870747,150.60068,-0.019720985,4.1179485,79.128685,170.97313,0.008268007,4.4815955,-17.79089,134.69952,-0.018095057,3.8418052,52.88107,117.95881,0.012271715,4.0068874,-6.0058823,113.43612,-0.012332081,3.0582252,30.31499,64.31291,0.011179437,1.6884184,3.6997335,59.580307,-0.0031836866,1.4842882,8.260551,44.298412,0.0011827713,1.2572178,15.428082,35.197353,0.0037536607,0.94390607,-5.917678,47.505356,-0.007118306,1.055895,20.761019,39.325302,0.00082494563,0.93951946,1,ai_older_tracks_53.wav
0.20239145,0.010683984,0.20170765,-0.8896475,2266.8527691966246,640348.0204720659,1.1660208366312335,1.711113073714702,1978.2607936796114,41516.09804764073,4634.505309113777,1114915.9448041944,0.1320967068982198,0.00911625315558947,99.38401442307692,47,0.4286600947380066,0.5107101202011108,0.00040162358,2.8193438e-07,2.9742074,18.376131,1.51523,1.7079481,1.5828484,2.6770806,0.020947803023788833,0.008918692506556835,0.39974138,0.093192756,0.38146308,0.08398002,0.41767424,0.090598695,0.4377163,0.07689848,0.5463113,0.11298645,0.46388173,0.095177226,0.42839706,0.08408269,0.49100694,0.10747913,0.45607388,0.09344069,0.44021899,0.098213494,0.3517345,0.0639356,0.40794492,0.09123903,-95.93231,1907.377,-0.017973924,60.3688,108.264824,769.0036,-0.0025258935,25.35777,-47.18607,445.6445,-0.029924937,14.34567,57.528896,360.19785,-0.011230119,12.682664,-28.401688,433.48187,-0.017164527,12.554549,39.232845,219.63182,-0.009164072,6.798813,-23.764809,196.9328,-0.010679861,6.632279,15.100081,136.23473,0.0011080604,4.348274,-5.4717712,165.28067,0.007484957,4.060651,-1.8175087,119.759575,0.0012481575,3.4040706,8.902568,117.830666,0.0055797715,3.514495,-11.25694,96.74266,0.0031217448,2.533692,15.715836,96.959366,0.01576082,2.980266,1,ai_older_tracks_54.wav
0.2516442,0.0053512966,-0.43661556,1.1389437,2061.746598438023,313860.05865660985,1.1113478080322705,2.0216978609380165,1930.497800369121,76449.25288746503,4273.32415979344,1211536.498798119,0.1135284140383127,0.0022641477478665822,99.38401442307692,49,0.4210120737552643,0.290698379278183,0.00027538376,4.5828045e-07,13.797047,273.97852,1.1720072,0.8531005,2.4014552,7.6171694,0.06111156896454979,0.013410386745061672,0.5275516,0.1326911,0.349252,0.060274243,0.38570157,0.093408115,0.3157051,0.051442645,0.46434498,0.123672426,0.3077763,0.060207438,0.3224561,0.07519281,0.4426892,0.10585341,0.3564323,0.07289853,0.32706422,0.07683345,0.2930821,0.05536608,0.42284447,0.07942261,-56.213108,2150.942,-0.050917275,21.70129,128.66159,393.40515,0.043536905,12.089154,-52.353546,242.527,-0.034351397,7.3190036,65.192604,421.12985,-0.032616623,9.074617,-20.784369,247.3067,0.02804574,6.487368,44.10875,238.68765,-0.051545803,5.2837276,-24.306047,181.30965,-0.014716713,4.596679,22.530193,107.99203,-0.025093025,3.2254903,0.8729281,88.000084,-0.0154827265,2.032667,3.5123143,97.5675,-0.02757665,2.3694499,11.649085,76.98474,-0.02616058,2.1164775,-9.161993,71.67506,-0.021523152,1.6913023,17.549967,79.49005,-0.023629133,1.8596354,1,ai_older_tracks_55.wav
0.13246289,0.0056167208,0.5239535,0.40861535,1779.9510449603072,482778.4143426106,0.44949261640860244,0.16535783754018274,1919.7667554886389,217421.7816552715,3982.750916850087,2607865.090195032,0.06882346894349846,0.0035438694137761764,112.34714673913044,58,0.358632892370224,0.5657795071601868,0.00022690695,1.9480602e-07,5.041233,38.868137,1.5860056,4.103065,2.6952143,8.84096,-0.07800970863758792,0.042529620769197835,0.43554613,0.06259945,0.5730843,0.09929684,0.44174677,0.065088995,0.44151112,0.07978708,0.4277431,0.09547417,0.47518533,0.09560078,0.55641687,0.10062992,0.44951135,0.07297381,0.5473768,0.09943559,0.531369,0.100998305,0.4247468,0.059668444,0.48837838,0.09428268,-197.49634,4341.4985,0.060646493,85.94224,106.21297,614.6145,0.015680945,19.60065,-27.25003,1131.1462,-0.036102217,26.272646,45.723156,697.09045,-0.030891454,11.981404,-2.4065003,537.80853,-0.03258784,10.565876,44.580856,436.18344,-0.017241014,5.1444693,-13.553359,223.29277,-0.02057885,5.7809997,22.435577,205.48338,-0.019335033,2.959247,3.3195405,90.94633,-0.015902203,1.7020612,6.6308713,94.52144,-0.0032396184,1.8082559,12.149739,97.66588,-0.0028623214,1.6723753,-4.397797,70.512794,-0.005844912,1.8156719,16.887535,96.47371,0.01074642,1.6293775,1,ai_older_tracks_56.wav
0.24805765,0.0037770548,-0.1499975,0.022194147,1898.0669368901868,230188.05628624908,0.7650098059659745,1.3960231215426706,1852.9761311289892,103678.22270759958,4006.134108788458,1210635.5446246006,0.09624658354295666,0.001630437540481701,112.34714673913044,45,0.3871981203556061,0.24775591492652893,0.00015957441,5.9734205e-08,10.550902,145.52519,1.2027127,0.943132,2.9626896,14.681974,-0.03219264881416657,0.009230429949791855,0.38904247,0.084040664,0.54289955,0.12804115,0.32186577,0.06256988,0.32016385,0.086240806,0.28359967,0.05657629,0.39700404,0.09375536,0.26332754,0.053879227,0.2974574,0.06310188,0.47117776,0.12244252,0.37865502,0.07356236,0.4302335,0.12733908,0.28894156,0.056462362,-65.899956,1388.4918,0.17880137,29.396189,140.28215,325.70255,0.00625033,9.180261,-51.690342,254.58871,-0.04746799,9.952258,58.519447,342.9362,0.046784252,11.4092245,-36.195477,308.89557,0.0017517285,6.1698275,34.85805,272.2115,0.017375529,9.769289,-20.973986,145.95296,-0.004915877,4.9016175,21.050566,187.84962,0.026335832,4.142581,-2.0775654,114.889465,0.0149338795,2.9403534,5.2439938,69.26911,0.012469531,2.0835464,12.3350115,84.03801,0.0012273656,2.1448934,-8.517652,71.99651,-0.005656003,2.1285498,16.143988,87.43056,0.00982052,2.3044603,1,ai_older_tracks_57.wav
0.12266087,0.00089479407,-0.2735027,0.3543744,2310.600881642185,257022.78134386716,0.8532367068783826,2.3604077355552233,2208.4295631812533,51434.76735335165,5231.301700367647,603396.3704451123,0.10615393104198917,0.0027159642336070998,107.666015625,52,0.19287094473838806,0.2438683956861496,0.0003377979,1.7277465e-07,13.631889,274.25812,1.1368943,0.85382277,2.5083659,9.75182,-0.014882636452612931,0.02392395907029111,0.37224728,0.052976303,0.5593031,0.06462093,0.7240349,0.09985327,0.50451434,0.049025998,0.3628955,0.056257218,0.40847382,0.081703,0.46523708,0.07510645,0.4559772,0.07667541,0.5094934,0.07779296,0.4886486,0.08233567,0.39306715,0.061052818,0.34741867,0.05408714,-127.59166,928.7637,0.041517057,18.305431,115.18462,291.4821,-0.009213883,13.292715,-46.259495,233.14314,-0.010409445,6.9144435,67.07246,308.48096,0.016769942,8.16906,-34.614796,231.30064,-0.023685964,6.262494,56.203693,160.36267,0.008846465,5.61014,-15.333778,193.44225,-0.016793666,4.704707,32.50232,101.23871,0.020791054,3.1149096,1.7810708,69.55167,-0.012210403,1.9294909,4.7409406,66.507645,0.0047897194,2.1360278,18.539875,52.296066,0.01694039,2.065225,-6.4595437,44.674465,0.0025482688,1.5599121,20.031515,46.491962,0.011260704,1.4377787,1,ai_older_tracks_58.wav
0.15581407,0.003968179,0.28334457,-0.37839413,1524.671087855959,730022.636513221,1.0730044355129473,1.8290488655969268,1832.8540304535243,250083.88950784103,3390.962828645027,3800710.918158693,0.05715800660313467,0.0037638953615989315,92.28515625,38,0.33788570761680603,0.40428626537323,0.0001331922,1.5899559e-07,7.351772,64.73037,1.7830814,6.149195,3.1706827,12.6487255,-0.007284493411235944,0.029158071839413845,0.30866042,0.069730714,0.37354618,0.11272834,0.3945929,0.06225711,0.56739944,0.11216072,0.46243724,0.09816663,0.43047202,0.12102402,0.42222646,0.12197283,0.4184442,0.103502974,0.46548042,0.13328576,0.4088593,0.10955475,0.38027397,0.08259545,0.3414074,0.08384159,-211.5604,4844.6455,0.01854884,158.27786,117.27627,1327.6495,0.04447407,49.03092,1.1329765,1205.5017,0.010325739,35.956024,50.12939,833.83057,-0.0062446566,27.864407,-6.3551397,656.6926,-0.011860597,22.734896,48.67591,281.2414,0.028119914,9.651174,-19.304264,356.69412,0.018012794,9.348312,17.736277,199.13025,0.0055083344,6.496865,-0.80651534,225.1646,-0.008798939,5.5182734,-4.280157,208.73965,0.005234925,5.7796893,13.523246,142.09776,0.010392807,3.427344,-6.7469153,128.05034,-0.015656881,3.380703,9.846206,118.197876,-0.018408163,3.1918156,1,ai_older_tracks_59.wav
0.27758747,0.0033337318,0.06258114,-0.22048235,2199.7124703280683,187253.85470556567,1.2813706145614223,3.9107827136100806,1881.9711712769574,51330.21642864221,4382.165168313419,693103.0268735194,0.13769720213332043,0.0021979102004515785,151.99908088235293,75,0.32342737913131714,0.2080010324716568,0.00038992477,1.1867207e-06,12.505854,211.31662,1.1480477,0.48834932,2.3626735,9.283594,0.009651065503856268,0.00833644776090751,0.28846708,0.06863619,0.29025865,0.07223652,0.35572013,0.0800899,0.33785346,0.07140175,0.38300085,0.0817034,0.4058155,0.079926126,0.38669387,0.07475184,0.46437043,0.1253656,0.390943,0.08986198,0.4250392,0.09987005,0.44173744,0.11365778,0.3487822,0.08482357,-29.196074,646.67224,-0.003628919,18.472271,125.88194,204.58305,0.015594999,6.7286897,-67.96945,308.20877,0.020758983,9.489555,72.28464,252.2156,-0.00533519,7.4858136,-29.569687,161.44254,-0.03082349,5.004444,44.42238,111.5265,0.02830513,3.7725751,-20.143974,189.94365,-0.0039708978,5.538937,22.005693,85.7575,-0.01043242,2.9297836,-4.0218115,88.9021,0.007629083,2.6764057,1.7855079,88.20145,0.008128345,2.282382,11.138091,64.08974,-0.010315883,1.9483306,-12.913507,81.36051,-0.026030812,2.5547235,13.397827,63.133774,0.004778045,2.041691,1,ai_older_tracks_60.wav
0.26441342,0.0075452337,0.15761204,0.28407168,1695.3825980318538,254773.51181616637,0.26456806277857314,0.5056433927800765,1631.8779940769512,78632.9726832348,3348.346419673955,1007340.1152452201,0.09017556961106811,0.0024051318117998843,89.10290948275862,44,0.5127331018447876,0.3285132050514221,0.00016977121,2.5170962e-07,13.409539,243.40953,1.4654202,1.4139509,2.2022939,7.637746,-0.028449162206401014,0.02303863883372425,0.35146168,0.0659705,0.366251,0.07956636,0.3583,0.07098894,0.423178,0.09365651,0.37470856,0.06929449,0.47312725,0.0982716,0.38913783,0.07059689,0.37313092,0.07738164,0.4874341,0.11609979,0.47232226,0.0991304,0.5498955,0.10966332,0.43694812,0.08673868,-72.949425,2171.6917,0.042431224,68.49552,140.47693,684.2519,0.0001344976,18.959768,-53.59686,786.7725,-0.021504307,28.296347,55.09189,598.9525,0.007833002,17.36745,-27.456766,284.94644,0.005477545,8.104854,21.387455,340.9341,0.014832203,10.097233,-14.397419,273.2297,0.017414328,7.684776,15.430667,152.12253,0.006022931,4.797323,2.6585646,179.35266,0.007536373,4.8020587,4.2383366,123.75647,0.007180735,3.1978126,8.556615,118.78795,0.00024377377,2.7622986,-3.7212832,123.09543,-0.015543019,2.9832044,10.599571,90.64,-0.015839854,2.502928,1,ai_older_tracks_61.wav
0.12291855,0.0028150114,0.12984984,-0.6379447,1894.9647245914489,466160.85651416,0.12833820371062576,0.1602103453315089,1898.0063126365374,107050.6677891808,4127.0000445953465,1772151.1565656783,0.08262912998258513,0.003912503303595878,92.28515625,42,0.25400108098983765,0.4316409230232239,0.00033137706,6.4966e-07,5.4290137,36.414505,1.589856,4.914278,3.341357,15.2362175,0.024652071543360556,0.028577968008324555,0.31295946,0.07534562,0.36244348,0.10123589,0.3836461,0.11254421,0.30096313,0.06840958,0.3696267,0.1257748,0.3312163,0.08564536,0.39756146,0.099300705,0.32985458,0.07324478,0.3840139,0.09740694,0.4394289,0.12900957,0.35635197,0.07043965,0.47446856,0.13908185,-187.2176,3950.4465,0.011164083,111.90984,105.2643,679.5304,-0.028397841,25.860361,-39.098232,606.11786,-0.018182829,16.836838,58.898182,370.65723,0.008591276,13.351714,-21.459684,311.7658,-0.013663013,10.984406,41.630165,233.60434,0.021160241,6.5069146,-2.5105178,226.6518,-0.0009192387,8.033047,19.431965,191.5876,0.021134613,5.408959,2.8703468,107.2399,-0.0061597037,3.9502807,5.6802716,101.668526,-0.0033946598,3.2708845,7.854462,100.31397,0.0043440796,2.8176055,-3.8922398,95.7827,-0.0010416346,2.962624,19.985664,126.4857,0.014935768,2.699594,1,ai_older_tracks_62.wav
0.16989991,0.0057625724,-0.38245627,-1.1707668,2051.314959746845,367222.38640522526,1.177744567844911,2.935598173237393,2000.157985873925,36380.27842797722,4561.005753555534,728403.98474377,0.07803580930727554,0.006542594973819702,95.703125,48,0.3032432198524475,0.44680196046829224,0.00035798014,1.6490566e-06,22.748543,676.7835,1.2259339,1.647717,2.4714036,7.551443,0.044284060878726376,0.03303210455798211,0.43315205,0.11997811,0.32147843,0.0651226,0.3139117,0.08370991,0.2911281,0.06417006,0.35091186,0.14226913,0.27877676,0.08004143,0.38279957,0.12132726,0.34429666,0.0915821,0.31210586,0.07542611,0.3924506,0.118903875,0.38952595,0.075295836,0.54825187,0.13949503,-148.25978,2083.6382,-0.011082233,33.20982,101.843994,793.65405,-0.033331443,16.535254,-52.957577,476.14334,-0.035001334,10.095026,52.77421,505.48816,-0.040789794,10.061608,-35.824753,255.02953,-0.020083454,5.5412464,32.87985,278.54312,-0.0085843075,5.831703,-21.227959,186.24577,-0.020881874,4.253333,15.032254,206.34453,-0.009276061,4.8555827,-4.057083,119.42516,-0.022898627,2.8696895,-2.0677361,106.11853,-0.001927186,2.6045504,4.914194,100.236786,0.0013480186,2.2520173,-12.203907,83.53846,0.001314226,1.5570699,13.656351,117.80566,0.0010818432,1.9205643,1,ai_older_tracks_63.wav
0.18603434,0.009623338,0.0049209357,-1.171653,1955.354214906761,230693.0883957202,1.2264049952058165,2.814453227751698,1801.788977497163,64377.623673592694,4087.2086185419894,779318.2139991508,0.10622573710816563,0.002980798340780477,161.4990234375,83,0.37005895376205444,0.5273145437240601,0.00025929793,3.896187e-07,18.626438,444.14294,1.2155703,0.72779924,2.1936262,6.524926,0.05914586215417014,0.012993641128742277,0.4825382,0.12089728,0.30442274,0.049066197,0.3864866,0.10344617,0.31677222,0.05008093,0.45639464,0.12739001,0.28289446,0.05789897,0.30794758,0.066545896,0.38371077,0.08904319,0.31992722,0.07433794,0.3420225,0.098274104,0.30268198,0.05678401,0.46154332,0.09883804,-101.58953,1765.873,-0.004489828,21.806847,121.65395,381.1722,0.003563196,8.039626,-54.935463,324.00742,-0.0011192652,8.254593,51.20163,402.15015,-0.023314038,5.7876096,-28.56107,177.24689,-0.008625824,4.5809317,29.071507,407.19257,0.017992854,5.095268,-16.74409,172.55783,-0.005626395,4.6355247,9.014162,145.5235,-0.0054101804,3.602419,-0.39238077,138.5423,0.00025901262,3.2150924,-1.1280655,103.234955,-0.004586732,2.0938327,8.6382475,119.84689,-0.010151461,1.7415679,-6.8660455,94.31248,-0.0077778623,1.9735273,12.454073,81.10514,0.02205208,2.2775052,1,ai_older_tracks_64.wav
0.17056994,0.003618383,-0.1476455,0.07739186,1820.0720169199826,329468.5253625791,1.0521319455710318,2.003846186538162,1838.1504082001065,120580.17029429787,3863.0599739381773,1634429.542207679,0.099788134312113,0.0026916678540734903,107.666015625,49,0.31015241146087646,0.35265883803367615,0.0002373641,5.0983186e-07,20.840466,482.92816,1.2916124,1.6689446,2.4964855,8.832978,-0.056249592898179164,0.016748337565840127,0.3754074,0.07319318,0.5335603,0.111690626,0.36794502,0.06395254,0.3947931,0.10134611,0.29733568,0.057493806,0.3769815,0.09855804,0.25977546,0.06374541,0.31973466,0.063765906,0.550275,0.13105139,0.3210215,0.05967739,0.27561966,0.07563505,0.26922858,0.059424244,-102.57353,2600.1155,0.030083288,53.16184,140.22157,433.3936,0.014668642,15.136509,-39.87261,396.83414,0.03638684,14.691352,57.405155,500.9195,0.024704881,11.976475,-26.157774,277.07837,-0.04581578,8.579308,34.423473,217.68527,0.038997397,7.1126356,-20.10461,134.5031,-0.0028145479,4.2477393,18.27764,103.03522,0.029786034,2.4838636,-3.6016626,77.796555,-0.0068504293,2.638102,1.0342674,69.464455,-0.0014916596,2.3209167,8.753289,78.40711,0.022588644,2.100509,-8.484695,58.091732,-0.0053271023,2.1089454,13.312464,57.779026,0.0057411017,1.935062,1,ai_older_tracks_65.wav
0.24633718,0.003189594,-0.7684111,1.4944139,1907.6825455745766,115625.2752591673,0.6924469182468536,2.6716810940314186,1842.946818935106,60913.314424779346,4029.833965478667,654952.2927038991,0.10395137444369196,0.0009517843224436939,151.99908088235293,73,0.34671786427497864,0.2292650043964386,0.0002355438,4.244542e-07,18.1714,405.04208,1.1539254,0.7069848,2.5128744,9.524061,0.014565661561153253,0.0077766006060099434,0.32482824,0.06111716,0.31872767,0.08437877,0.29882336,0.061518744,0.4144795,0.06929216,0.6399701,0.11004631,0.4015426,0.063557215,0.32665804,0.07089792,0.35442525,0.061989665,0.51487166,0.11024696,0.42702043,0.102482766,0.36606887,0.07624978,0.4677539,0.106246345,-51.964348,1260.3853,0.018903308,25.886042,140.14458,172.65605,0.0052676923,5.1088386,-59.11977,359.9464,-0.007486903,8.510977,64.54159,333.97977,0.037143197,8.68979,-33.389496,150.7281,5.8856174e-05,4.1233616,39.338974,247.69325,-0.009756924,7.88827,-17.755058,119.505005,-0.00756226,4.137116,23.78688,71.638306,0.005786853,2.7285433,1.7405764,70.56909,5.807965e-05,2.0167527,7.319783,60.385643,-0.016436255,1.9013232,13.965712,50.93599,-0.020022431,1.7035522,-8.038035,45.067593,-0.0071414453,1.3348994,14.273489,45.84794,0.010012067,1.4822811,1,ai_older_tracks_66.wav
0.23680122,0.008406668,-0.19391812,-0.7626822,1586.2128163206817,293870.9947213292,0.9942993203342819,1.8438552586950605,1725.1179625504237,104491.54375194013,3264.3552608903346,1824619.3798052021,0.07952408451044891,0.0018038315238899985,60.09265988372093,27,0.4472670257091522,0.3871934413909912,0.000119923,2.0368559e-07,20.86261,546.5363,1.2773999,1.1097941,2.8955657,10.928115,-0.03130112687555869,0.02371839944525416,0.29726633,0.09565192,0.3755304,0.15189175,0.26775143,0.06389151,0.34783772,0.1295268,0.27088434,0.06938403,0.34988916,0.13157399,0.23014863,0.06305158,0.2792003,0.08080754,0.38043422,0.13407531,0.2541337,0.06382514,0.2830638,0.09407055,0.1796284,0.044490237,-106.70325,2608.6538,-0.021529848,63.59687,147.94609,470.99033,0.029507319,13.043069,-31.1544,778.2708,-0.007831358,16.224897,35.725094,602.5238,0.0032495758,10.788612,-26.400892,278.01544,0.0022755098,9.2193165,36.89114,261.99106,0.0023503813,5.593928,-30.818329,292.22452,0.0005033688,5.7742476,16.8181,183.9898,-0.02991681,3.1090412,1.3319608,181.15756,0.0035613151,3.0221488,-2.0486786,166.6506,0.026048413,2.9901767,13.430889,128.39398,-0.004570468,2.61446,-10.456951,103.363754,0.0077206157,1.8411103,5.728511,108.17456,0.009692021,2.0079625,1,ai_older_tracks_67.wav
0.27248082,0.0052446444,-1.2185303,1.3333731,2171.7086628247707,160006.38457468493,0.9025604723845766,2.142054504755591,1964.1070455770955,55387.70784987199,4555.922450960236,647768.8146486242,0.12614436193885448,0.0016801861819757133,123.046875,54,0.3416748046875,0.26577988266944885,0.0004885177,2.1809733e-06,8.259534,83.461975,1.0239105,0.37956515,2.5249457,13.859934,-0.05366261275852125,0.01956979915343167,0.38302106,0.058819976,0.5082199,0.10073043,0.36122978,0.05264498,0.42028576,0.09313162,0.34059352,0.045585368,0.4922664,0.09211328,0.3648042,0.063801706,0.4013567,0.066605225,0.56899005,0.10651434,0.39814433,0.06097849,0.43265367,0.08828521,0.3343225,0.050675783,-21.985952,1294.3397,0.06438591,15.294795,136.33711,164.24617,-0.006940951,5.188751,-60.538555,140.47948,0.014796394,5.6424303,70.93014,238.8573,0.02479545,5.018962,-39.886078,140.70738,0.0034560154,2.6782577,42.75559,167.52147,0.021477696,3.3398852,-23.784279,94.52304,0.0038921826,2.957993,21.167236,76.861946,0.010265658,1.9199231,-0.8384887,46.892673,0.0024579146,1.5128181,3.2591121,53.116013,0.003825336,1.7002033,11.194039,49.50344,0.00237447,1.0809517,-8.746341,38.37384,-0.0032048598,1.1485564,15.544505,43.063335,0.00736706,1.2799327,1,ai_older_tracks_68.wav
0.27771252,0.002589879,-0.21491821,0.6980126,1700.9858416247068,145626.9945579024,0.36832903593776606,1.6978934790981892,1664.8635743083748,65836.50072303176,3498.1621804252127,733995.8129508586,0.09857461179373066,0.001080484147404526,143.5546875,73,0.3804229497909546,0.18325012922286987,0.00024027583,9.0627157e-07,15.340857,299.26932,1.0719284,0.58209974,3.0500515,14.404486,-0.06437814106795771,0.016675979527842725,0.3652359,0.07094538,0.48850748,0.12191244,0.3497167,0.05856223,0.41369838,0.0925042,0.33053675,0.06267942,0.4585053,0.11904938,0.25738117,0.047443427,0.30717644,0.0817814,0.46969482,0.11107795,0.34542966,0.063118264,0.36912543,0.089009054,0.28433138,0.047764044,-42.795002,1330.5493,0.021560805,19.865974,153.69237,261.3392,0.045584757,7.951639,-61.240402,273.22916,0.0016477382,3.5189524,60.803284,227.41328,-0.000800321,4.7575693,-22.659754,180.23378,0.0008847433,4.9247475,31.931646,172.41605,-0.011996741,4.571364,-19.045626,131.13136,0.015855273,4.185685,15.731872,69.83135,0.0021766266,1.5880725,-0.21715675,81.51394,0.0014622492,1.9983385,5.85217,72.45548,0.0044370894,1.7221277,6.746604,50.85702,0.0018814721,1.0439506,-4.5134826,84.36543,0.00177523,1.9286739,16.540876,47.69659,-0.0045816265,1.0899173,1,ai_older_tracks_69.wav
0.13044952,0.0030196197,0.22355732,-0.4237144,2063.4710899181405,300081.0481028861,0.7826654427307407,2.904439451345194,2021.8473162194807,75123.70837886774,4459.081369878338,1283468.2665807046,0.08662872786861456,0.0027763629114996107,112.34714673913044,55,0.2737800180912018,0.42124393582344055,0.00022065557,1.4007747e-07,6.778188,74.20288,1.4377416,2.808267,2.9700227,11.071455,0.04762047422728574,0.022311282857107914,0.2760889,0.08278639,0.28185493,0.06621681,0.41443962,0.11614821,0.3202468,0.05875433,0.44119164,0.12678936,0.3340368,0.08122169,0.41535577,0.093863875,0.4711901,0.12963918,0.34954414,0.073101796,0.45542732,0.13922526,0.34215766,0.07403236,0.41556498,0.12809817,-167.03232,2196.0984,0.033465583,62.195187,105.69461,493.69,-0.030493988,13.423673,-43.364887,459.64474,-0.051615003,10.671702,56.964092,455.39368,0.030913627,8.240403,-20.140223,233.73616,0.0028468678,5.858363,38.299656,315.2048,0.02386677,6.027668,-12.157407,171.28563,-0.013165761,4.357768,27.369135,102.934525,-0.0053370665,2.6182237,-11.554027,162.45052,0.019983651,2.548228,4.32131,87.37812,0.010827738,2.2751567,12.118964,81.21212,0.002957578,1.9030333,-18.044802,109.21222,-0.010441515,1.8016592,13.769504,90.63844,-0.008987875,2.0609972,1,ai_older_tracks_70.wav
0.27163187,0.002197127,-1.1794344,3.6087708,2236.5903955148015,118257.59725244502,2.1095988056496866,7.628908226242837,1934.3639608085805,30121.49277161245,4561.339084873259,381464.4355484338,0.12676340581462847,0.0014272715931825217,184.5703125,87,0.3664569854736328,0.17256267368793488,0.00037831478,1.2779055e-06,13.461923,238.81174,1.0846739,0.2926832,1.6899157,4.2791233,-0.01417637101674618,0.007189872490315868,0.40113685,0.06658208,0.40991244,0.071267955,0.40907377,0.07732324,0.44349232,0.08309803,0.4493148,0.07592977,0.48344964,0.085727654,0.49305475,0.09382232,0.45172614,0.08725037,0.4433899,0.086117625,0.48670897,0.090666324,0.5411495,0.10003188,0.43671855,0.06741027,-21.356756,537.7746,0.019657701,8.004486,128.30539,162.21696,0.03407903,5.592905,-72.55161,152.16637,-0.0019951975,6.1870465,73.6583,203.49495,-0.008995478,5.5858,-36.369484,171.46208,-0.021039538,4.99692,47.614544,134.59679,0.018584162,4.1335716,-20.971054,136.99683,0.0013314016,4.2965255,25.82147,73.39428,-0.014591644,2.2939157,2.4795423,77.64176,-0.0125629455,2.2691061,4.062886,61.467342,0.0022039022,1.7631016,13.622935,49.492004,-0.0018101211,1.5691503,-10.10046,43.235577,-0.0129568875,1.2983805,17.01113,44.376675,-0.00025925657,1.3880008,1,ai_older_tracks_71.wav
0.29445982,0.0044157254,-0.8264976,1.3048768,2041.2872183491345,275718.2484642403,1.1342674335423788,3.035631453103462,1857.2984816713754,65723.5555934354,4192.799646714155,950944.8235959528,0.11845771151799536,0.0027831120604502268,99.38401442307692,44,0.4543033540248871,0.22567059099674225,0.0005020632,1.8255957e-06,8.661915,105.13683,1.2318425,0.85900164,2.5273066,9.314042,-0.027427412833255352,0.005523990601645486,0.38015777,0.08249014,0.46048257,0.11903799,0.360127,0.07630297,0.4262031,0.097368546,0.3719761,0.071819164,0.4737091,0.112463325,0.3610022,0.090004236,0.35413128,0.07823523,0.48995036,0.12604508,0.3489925,0.07629644,0.2944659,0.06981837,0.29212075,0.06354753,-28.406515,1875.1865,0.04529549,28.36109,135.15614,478.33133,0.019751694,14.566799,-61.19153,331.51154,0.0066278726,9.763155,63.450718,344.51175,0.048634466,11.72675,-35.290096,225.57411,-0.018108627,7.4116173,40.1692,240.90779,0.015139807,7.9000716,-19.44759,113.36663,-0.034902975,3.9723494,20.840504,76.58625,-0.005877235,2.52534,0.047951695,72.30041,-0.006520226,2.5142422,4.0153546,77.603676,-0.007455186,2.9102726,12.259869,64.0432,-0.0026590258,2.187762,-4.887315,66.64989,-0.0043831733,2.5855827,17.990654,44.9628,0.0043641767,1.6125889,1,ai_older_tracks_72.wav
0.1230185,0.0038594794,0.3235597,-0.9567218,2460.854969781932,407268.9502662407,0.6979056300984837,0.6826006205415243,2168.5845564753313,29122.47015429027,5315.092860360633,458068.92265359295,0.10334895934113777,0.006722108216645588,89.10290948275862,43,0.25014427304267883,0.5050029754638672,0.0004884548,1.1323851e-06,6.1632447,52.934044,1.5700412,5.153734,2.963502,12.038978,0.02458696256898326,0.04087096723628684,0.3679332,0.091938004,0.31098804,0.057804257,0.46053934,0.11886948,0.3877905,0.06962761,0.4896841,0.11039609,0.46053377,0.114102475,0.4256162,0.07715,0.44089198,0.10521526,0.40247896,0.08050362,0.4361423,0.10591436,0.31766206,0.059132256,0.4059968,0.09345444,-168.9057,4050.147,-0.01343886,111.40819,87.324265,810.5323,-0.015023509,20.995422,-48.65031,532.5605,-0.021574505,14.977311,61.794083,351.68982,-0.016317967,7.7639585,-31.752129,292.53622,-0.023401229,8.230756,42.085846,216.92336,-0.003400184,4.5044045,-20.811115,172.24826,0.010971306,3.8825269,25.602901,127.55159,-0.008009016,2.6172783,-1.2707812,112.36595,-0.014060818,2.4674144,3.213691,114.821815,0.0030739137,2.2221053,13.138863,87.87004,0.005131455,1.9472743,-7.4239936,73.789375,0.009288747,1.3740934,20.728136,76.708244,0.0061890697,1.4856681,1,ai_older_tracks_73.wav
0.14967257,0.0011542015,-0.35310835,-0.60882616,1466.002736265729,174096.74135672653,1.116157875676888,2.8524721168387215,1668.7167598291044,97309.56485817628,3220.7638578149185,1115847.8960333972,0.0592808206753096,0.0007628002872572528,89.10290948275862,44,0.202228382229805,0.22698575258255005,5.8882146e-05,1.7926698e-08,12.516701,183.07664,1.2181516,1.4915575,3.2103262,15.598623,0.021121874905162097,0.10064241770232314,0.24503404,0.03814781,0.36839345,0.1063299,0.29618925,0.06350478,0.31121278,0.06760939,0.3549942,0.0939784,0.30589402,0.08338398,0.2933544,0.07005305,0.20311482,0.04085507,0.3028198,0.09028057,0.3911579,0.15450074,0.2339153,0.04027973,0.4154924,0.16075607,-195.69176,2551.7458,0.08554485,48.063866,123.12959,312.32047,-0.023659386,8.124378,-37.413567,332.38046,-0.008139131,8.842595,63.538433,196.02191,0.011188251,4.8837514,-8.275163,180.84247,-0.018966416,5.0732317,41.515545,154.60739,0.028499857,5.0613055,5.0990906,260.7118,-0.025922408,7.004269,20.113068,116.788795,0.014391147,3.3472254,3.7827847,77.83605,-0.0066339266,1.9939595,3.825673,67.406296,0.0055336794,1.7491187,1.5290798,74.561584,0.014469671,1.8758358,-7.002236,78.96699,-0.0006364396,1.8631673,18.642061,144.19727,0.032121085,2.3769345,1,ai_older_tracks_74.wav
0.18699236,0.0065759667,0.95353806,0.6803341,2153.8663421544975,228084.22996263378,0.5482330732604337,0.9681807708756067,2053.2109130577874,57184.06693511498,4811.004241848877,914928.518404721,0.11037310431985294,0.0019433702266057798,117.45383522727273,57,0.4032469689846039,0.43366655707359314,0.00028361843,3.6601708e-07,11.52753,156.93361,1.2514586,1.2956995,2.53377,7.952198,0.04402708682357813,0.021845175576370432,0.41744262,0.11751318,0.31715295,0.07276091,0.43998006,0.09754757,0.53869706,0.12907766,0.33556226,0.08099352,0.23660885,0.056609575,0.27588165,0.057405733,0.4008877,0.1079038,0.31017786,0.0788838,0.34988734,0.087921485,0.37477338,0.09145889,0.31322643,0.068578035,-89.249916,1549.6904,-0.015891474,56.020306,117.162506,282.18558,-0.01242513,8.375397,-39.366394,360.2146,-0.008393545,11.725371,52.791214,288.57944,-0.0037715323,7.224614,-30.077137,213.64319,-0.020918116,6.8141794,40.160843,138.65729,-0.022169294,4.6464906,-24.704634,231.53087,-0.010007998,6.1562843,18.6664,116.551445,-0.0075535434,3.0038002,-2.5029147,89.28136,-0.014358863,2.5921621,1.843336,81.092224,-0.0073493333,2.3712454,14.157493,89.43979,-0.0020580955,2.5231092,-8.429999,78.50396,-0.004092107,2.1814075,14.839962,94.86112,-0.0038128563,2.770438,1,ai_older_tracks_75.wav
0.101261504,0.0036895352,0.77823174,0.40071607,1393.3456943881088,750621.3685700407,1.408553546062449,2.5711197772865138,1649.9645670157372,279383.12938752625,2762.233297153154,3374061.606287664,0.05751817071400929,0.004232737462581319,112.34714673913044,57,0.3263512849807739,0.5998483300209045,0.00018281644,3.677871e-07,7.0877185,64.953026,1.2284704,2.434085,3.6410382,18.525585,0.009467466996364223,0.0872769330770336,0.22537482,0.05962327,0.28550643,0.07725589,0.3763234,0.13859648,0.29843286,0.06568449,0.40094408,0.14663264,0.28410727,0.07274929,0.34513888,0.12360004,0.28120315,0.098356344,0.31395495,0.113330096,0.3796072,0.14770517,0.28037187,0.07831093,0.31632715,0.12516741,-269.09872,8031.398,0.17792381,84.78022,120.20801,1104.7334,-0.009259112,27.117683,3.0114236,1009.84576,-0.085381135,15.302559,27.520311,828.7893,0.045106847,11.867492,-6.2685585,460.56628,-0.019572701,9.026457,39.988766,285.54523,0.030988785,4.6246333,-22.07644,477.9766,-0.01868734,5.775434,10.637756,188.41122,0.005259022,2.9145148,-3.2544656,140.30273,-0.002899181,2.1402574,-8.508502,171.9858,0.0026285744,2.2268772,9.946333,116.49712,0.004745329,1.9024568,-10.916426,139.15005,-0.007955552,1.9469184,2.1064737,123.383125,0.008655393,1.4395201,1,ai_older_tracks_76.wav
0.28254727,0.0048633125,-0.5837934,0.6699743,1898.7203990078003,314703.93757152994,1.0758528950044999,2.145523111606832,1779.1992498217057,74748.0830767172,3839.318450833253,1135672.5050987191,0.09614378749032508,0.0037011693712495617,123.046875,61,0.4016018807888031,0.2468169629573822,0.00033763985,2.1634348e-06,12.278999,188.27695,1.1706856,0.4974727,2.1735244,8.230331,-0.03947606543476723,0.026718406051919844,0.37368122,0.075410105,0.43566242,0.10420906,0.33396417,0.056132875,0.3791074,0.09357154,0.3117592,0.056458782,0.40711436,0.09702716,0.32825223,0.064637646,0.32318267,0.053096883,0.5477858,0.12216033,0.4309517,0.07485701,0.47993815,0.119489536,0.35428613,0.0640274,-52.091053,1355.5996,0.030706922,18.397785,138.70772,459.36005,0.012851344,10.913248,-59.275608,367.79474,-0.01155235,7.9794173,57.806152,288.79678,0.039984282,7.951293,-31.905466,286.33334,0.022281054,8.343697,29.127676,275.16177,-0.006430751,6.313339,-20.612694,154.8171,-0.008944588,5.172602,18.712662,117.08658,0.018113071,3.5334601,-2.967263,120.24554,0.0102079185,2.4690082,3.2991612,111.54361,0.004750411,2.9386795,7.3139853,93.59811,0.0016904069,1.9312446,-8.117593,89.8129,0.0036017378,1.9267002,15.5475,87.86687,0.012003309,1.9253699,1,ai_older_tracks_77.wav
0.14511615,0.0025622232,0.9489885,1.2065392,902.7955511133606,247537.52265236768,1.2417239502993238,1.8954196882954903,1311.5844101266262,194425.52771224602,1808.422398050503,1576526.0344234202,0.03207690354102167,0.000470389638040641,57.421875,27,0.31749284267425537,0.3488130569458008,4.7015605e-05,6.6712815e-08,24.157043,658.6504,1.0551827,1.9784181,4.395114,25.638897,-0.1114902274651115,0.07611039811738107,0.28785563,0.06468954,0.38081667,0.122695684,0.28113073,0.06506215,0.24378459,0.087574944,0.19359712,0.042535458,0.31442803,0.048703127,0.56973577,0.15450405,0.36412418,0.048554562,0.33631954,0.11317203,0.255699,0.05127351,0.308437,0.09872013,0.3138549,0.08146624,-220.89716,3983.147,0.031618502,71.46311,152.95898,651.03796,0.01535314,12.61204,2.3832614,706.9413,-0.028291954,13.906454,47.657276,386.83752,-0.019060861,7.452967,11.007836,298.25925,-0.020181347,5.7140803,34.54355,199.46558,-0.01675158,3.062477,-4.4630423,204.03705,-0.02182808,2.9179041,12.021772,94.790855,-0.026586492,1.7044419,5.350856,66.01167,-0.015738564,1.3803749,-2.195169,82.69474,-0.025718521,1.4073474,4.960199,63.272465,-0.015786545,1.2431272,-4.0650578,71.64573,-0.008014161,1.0256482,3.5217485,57.518036,-0.009619736,1.3485913,1,ai_older_tracks_78.wav
0.16732204,0.0071760407,0.74799174,0.060760498,2050.173221017845,243064.23393654908,1.2912697622375373,5.2578060953256,1885.4799162582328,76349.99955793508,4292.357378035507,955598.1340560304,0.10947288300599846,0.003544613872098731,92.28515625,42,0.4091469645500183,0.5062782764434814,0.0003142868,6.827382e-07,20.625093,532.2411,1.248837,1.1817394,2.6758869,9.78667,0.04712618094659275,0.020437442963446403,0.41880023,0.11459524,0.3177839,0.061028626,0.46528327,0.11333415,0.32704157,0.056951333,0.41814804,0.10949186,0.34732336,0.08738072,0.34407407,0.07490495,0.4432637,0.11132128,0.38084614,0.08188811,0.45945224,0.12161071,0.3286441,0.07224144,0.39533836,0.09196177,-102.95546,1492.0239,0.011426754,41.345787,120.61003,378.08276,0.05411563,11.061596,-50.13412,436.15842,0.00015369362,14.310093,49.424797,442.54605,-0.009798918,8.959403,-31.780748,205.15663,-0.0020612157,6.749991,33.845413,233.43939,0.038131755,3.3889747,-20.249538,191.05754,0.03734803,4.8928657,12.784423,117.596085,-0.011407029,3.0498362,-2.7278886,104.10578,-0.009189942,2.7081795,0.6724982,125.35363,0.007862416,3.1484225,10.5463505,75.8353,0.017432818,1.8962104,-9.213666,76.584175,-0.011123378,1.7850771,14.310151,93.58705,-0.0029222958,1.9206792,1,ai_older_tracks_79.wav
0.25053832,0.006588815,-0.85989076,0.39834714,1466.9291702737542,211857.69028715102,1.9853175217356998,6.592044729614386,1563.1023623201684,120196.9927083673,3046.806576377467,1237603.5662575176,0.07138203245936532,0.001241174120834869,92.28515625,46,0.41115474700927734,0.3239884078502655,0.00016689823,2.5226486e-06,29.09526,897.6613,1.107259,0.6864368,2.472898,8.444873,0.041839107798455705,0.011305785350694703,0.24851905,0.06730652,0.21081486,0.05044166,0.27294633,0.06386102,0.3321636,0.054248575,0.5667352,0.13185179,0.43048266,0.09080914,0.23270328,0.038656984,0.28639734,0.072893105,0.44251603,0.0891713,0.5329345,0.11751575,0.33888626,0.074433975,0.30935174,0.08404813,-83.39671,2073.1973,0.05164113,27.273056,158.53116,455.5095,0.12127781,15.520087,-45.42405,280.62738,0.004399297,5.6764183,55.148766,576.28815,-0.0088594835,10.628588,-22.615707,231.56177,0.027277693,6.079284,26.783947,351.55597,-0.035820995,9.483717,-12.6726055,159.95503,0.03670218,4.2397985,15.190807,101.0958,0.008387852,3.1299734,5.2491884,85.54339,-0.005757612,2.0059876,1.619222,80.65425,0.0032092491,1.9207073,6.4618263,71.252945,-0.005820989,1.7799448,-5.971966,56.513763,-0.0049522906,1.6361655,10.745638,63.1239,-0.017295424,1.7715048,1,ai_older_tracks_80.wav
0.13509326,0.003630044,-0.27567574,-1.2060287,2227.3560425192254,385224.8149193624,1.3684534630062484,3.445998807902603,2011.5001567680556,56459.500300180465,4698.729920756337,883670.6699713969,0.09388491981907894,0.006521601122463296,92.28515625,40,0.2671329081058502,0.4459870755672455,0.00036358528,6.23319e-07,10.307414,169.28825,1.3916296,2.2060797,2.799394,10.229485,0.10349553850710522,0.0375906162616081,0.5471299,0.12981673,0.35603702,0.056153715,0.38820255,0.080130376,0.36610875,0.07183443,0.31173936,0.057156064,0.33478382,0.09228497,0.33759633,0.07021435,0.4897778,0.11035448,0.42876962,0.1255171,0.4267969,0.11254518,0.4023955,0.07458434,0.4442557,0.071548425,-152.46867,2138.6885,0.02683652,56.502865,99.696396,680.38513,-0.013250268,16.897532,-54.751728,480.9418,0.035607625,16.506895,53.440742,443.41843,0.06461825,9.666472,-33.294056,261.9733,0.0063604144,7.9623237,33.169094,318.74805,0.027219595,6.5916743,-22.07748,227.02708,-0.019240234,4.9936733,16.498363,172.28052,0.011485246,4.7435713,-7.2077146,209.61925,0.032411404,4.294471,-0.17409664,154.3061,0.0054927683,3.247941,9.181628,135.56148,0.004365685,2.9021099,-9.217542,89.566055,0.002947997,2.139325,17.285326,99.12769,0.009153987,2.570949,1,ai_older_tracks_81.wav
0.12192885,0.003734745,0.7981937,-0.17364264,2115.7300183991433,686020.1832355388,0.22609263565772333,-0.43550519777742513,2000.1203984153265,159244.41991195604,4486.614536722378,2370671.707644461,0.09820651122291021,0.003407845774424434,161.4990234375,81,0.2829057574272156,0.5012149214744568,0.0002192493,7.245527e-08,3.090869,20.469864,1.5424174,3.5558372,3.4725046,19.510748,-0.0024974772786436543,0.053828860580742356,0.49424616,0.12150808,0.33511728,0.06275102,0.3219602,0.07983472,0.3827457,0.09088543,0.35161892,0.072289236,0.3579127,0.11981375,0.25950944,0.051546976,0.3024985,0.07430988,0.4325303,0.13838355,0.30500793,0.072628185,0.31052384,0.1148667,0.28514573,0.05178458,-181.41725,3714.945,0.10337905,98.41727,103.50462,893.2242,-0.05149591,19.203484,-33.172005,820.23145,-0.046559148,26.104752,58.695415,390.03064,0.0144383665,10.397296,-19.339003,479.95877,-0.017375376,11.011518,43.51445,257.55798,0.05236331,5.9667797,-12.025472,302.1368,-0.034270804,6.272766,7.9312325,218.9627,-0.018299334,4.6651077,-12.750943,142.97124,-0.00803065,2.479899,-6.836248,148.83089,0.0024903433,2.381368,-7.1781697,162.2815,0.00020445907,2.5187407,-3.2128127,169.33795,-0.006076587,4.0418754,2.9079764,183.1717,0.016639534,2.8139434,1,ai_older_tracks_82.wav
0.2179349,0.008299424,0.58567625,0.00894928,2127.2771415636203,487259.13005328714,0.6403926831044893,0.5983978040362574,1952.491280882299,98085.21713870547,4431.4565369219235,1486719.4246899358,0.11797472124129257,0.004641838990272787,184.5703125,87,0.4341740012168884,0.4180201292037964,0.00028605224,1.9309645e-07,11.442431,243.06868,1.556068,1.6095647,1.7960185,4.49174,0.015931441192573094,0.005583456528975057,0.4849872,0.09289856,0.45649323,0.078976706,0.45195627,0.07315711,0.48503107,0.081791304,0.5866197,0.086803995,0.59205794,0.09754492,0.46098867,0.07430598,0.42093083,0.085832745,0.40086323,0.08693862,0.37934497,0.083917186,0.40399355,0.0799158,0.4803186,0.09651535,-86.957695,1447.5923,0.05679073,54.601322,114.9748,757.5081,0.007314962,27.789806,-43.47006,624.13824,-0.03623386,26.431557,60.519024,769.57556,0.027672458,31.42515,-27.918083,556.6937,-0.029548438,19.17437,41.20252,332.34186,0.0054329853,12.123362,-23.71656,382.09174,-0.018478414,12.771621,17.638815,144.63576,-0.0065173204,5.1902575,-0.8317225,129.6751,-0.015000843,3.75766,-2.4389613,117.96771,-0.01781253,3.622408,10.989392,141.2475,-0.009029366,5.431646,-7.351413,114.57875,-0.015674531,4.1263275,16.316965,105.31101,-0.002842489,3.438656,1,ai_older_tracks_83.wav
0.097859435,0.003265083,0.28026065,-0.532985,2160.723495952279,511388.7598166224,1.2150398199433463,2.6246756670834754,1864.0559628592284,50376.42348862999,4329.682152337703,986870.03079168,0.12000040816079721,0.0073248286546747764,172.265625,85,0.2505039572715759,0.583907961845398,0.00072367303,3.0383253e-06,4.317801,20.13819,1.5812804,5.3094873,3.047542,11.475626,0.004802884924654811,0.03405403314948958,0.25266355,0.057059765,0.35968024,0.11836162,0.27338216,0.08437482,0.28025082,0.07880187,0.33782002,0.10528235,0.30211386,0.07814963,0.38170335,0.1370243,0.29352543,0.090337604,0.3675634,0.10067999,0.41861764,0.13993415,0.28429642,0.056591094,0.33398956,0.109726116,-199.10954,6079.5513,0.015895313,178.38057,92.807816,1076.7814,0.0021514508,29.823744,-52.218594,748.13776,0.006811533,21.571772,46.884975,523.82245,0.01626386,17.199434,-28.154757,432.44022,0.00462158,12.811904,28.238028,293.15683,0.011332202,10.410701,-12.653061,260.69827,0.010639961,6.4456935,12.009972,179.6527,0.01181941,5.122135,-6.1259685,234.16965,0.02749821,4.5824976,1.3430867,163.49698,0.031029964,3.7994313,7.5260468,129.15935,0.013668952,3.506546,-9.158209,149.90816,-0.00070078525,3.398436,10.8213415,124.87265,-0.02236607,2.703342,1,ai_older_tracks_84.wav
0.21031588,0.013528062,-0.12465965,-1.3670459,2209.00545132003,803045.5034815641,0.7731815236219874,0.6806988841197672,1974.0115439530546,107219.72084218902,4571.797354966863,2024342.6610658509,0.12244181441079721,0.01048912963230492,143.5546875,68,0.4064813554286957,0.5530261993408203,0.0003978737,8.263632e-07,9.240084,137.85423,1.6777304,2.5951326,2.2448542,6.401865,-0.024314843440167194,0.009985215340834862,0.44458744,0.0912701,0.40312323,0.07605007,0.42381373,0.07971978,0.47049525,0.086801715,0.5773626,0.11529866,0.54123986,0.10636621,0.4749496,0.090910845,0.4768247,0.09087379,0.47511896,0.09467243,0.4504694,0.092359304,0.43474567,0.08749552,0.49214083,0.09713561,-127.81736,4618.355,0.13175079,157.3125,107.27085,1140.5212,-0.04158074,32.93544,-43.298855,654.60266,-0.0695953,22.725822,48.300888,923.53143,0.01990691,23.841763,-28.2789,731.6635,-0.03244576,21.439249,44.346703,371.59634,0.02908981,11.4921875,-27.347754,282.03677,-0.029138252,8.333093,14.039597,252.81894,-0.021776168,5.7719517,-5.918603,173.73624,-0.03335449,4.12532,-3.9509678,143.37509,-0.027196717,3.4805503,11.042577,125.89825,-0.03903298,3.5740857,-7.896247,119.447105,-0.032680575,2.993945,21.474474,137.60188,0.004585703,3.76965,1,ai_older_tracks_85.wav
0.15907817,0.008400331,-0.41599023,-1.0013714,2121.5713389111456,478745.9750588014,1.0850798163603999,2.167562223982495,2014.45272898828,154065.8333083532,4678.055045774478,1604607.3584256556,0.07842696340460527,0.008312897948210999,161.4990234375,77,0.3529652953147888,0.5761527419090271,0.0003841263,1.1156174e-06,20.41948,580.3988,1.1680462,1.3258802,2.7991652,10.642822,0.10664783090973956,0.04127141252799661,0.7480968,0.07828412,0.5653415,0.09118867,0.5352693,0.09163874,0.5382565,0.09155935,0.5223989,0.09502522,0.49189112,0.08614917,0.5327894,0.05595954,0.6244113,0.061295494,0.502409,0.05131461,0.50428784,0.06104564,0.56810683,0.07752764,0.7170716,0.07699515,-171.5877,8765.457,-0.0568778,33.87939,94.83209,590.4152,-0.012234637,16.176062,-51.779255,491.90692,-0.09805051,12.392833,34.522106,1428.0608,-0.036964323,7.4631476,-37.514,274.8771,-0.012675474,7.1124325,31.463377,827.41284,-0.049271908,4.0613155,-15.838637,175.56418,-0.024986943,3.4062047,22.58505,268.28085,-0.042344015,2.7521288,1.7006642,133.68523,-0.0060352525,2.2726407,6.6276546,97.007034,-0.009422834,2.1751258,14.316849,124.06616,-0.013535053,2.1469269,-3.3849757,85.61085,-0.007694001,1.4886017,21.736156,120.026726,-0.011930726,1.2835199,1,ai_older_tracks_86.wav
0.14482763,0.006197436,0.07374698,-1.1417964,1830.5083396672596,934220.439148685,0.9949795679178439,1.5518627897385189,1958.575301164858,180639.65724425967,4067.0420738196594,3192923.3999857465,0.07474595769640092,0.008064093381018773,123.046875,53,0.30057474970817566,0.5435689091682434,0.0003188381,7.978829e-07,8.860622,105.729454,1.9350935,9.8749895,3.2701542,14.69861,0.007970169029113678,0.004544291203827341,0.46045107,0.07879942,0.4526455,0.09172553,0.39179265,0.061088644,0.46609527,0.08938932,0.45746416,0.10094902,0.5046185,0.10330975,0.56535333,0.10662868,0.5081078,0.07965274,0.5689038,0.11714737,0.50760067,0.101219036,0.52188814,0.07696398,0.5702996,0.10126128,-211.7038,6929.71,0.044423923,249.3036,96.79644,1557.1901,-0.022595627,63.540066,-20.260387,830.32477,-0.011456111,29.478119,59.25445,424.9526,0.013062737,15.210666,-14.468289,518.7741,-0.021076897,17.644804,44.176353,233.21875,0.017243553,8.27623,-10.765623,349.3596,0.004536521,11.078274,21.107231,180.01028,0.00945874,6.559726,1.6838977,144.28792,-0.0066886907,5.2967796,3.7632036,105.34518,-0.002775884,4.263278,9.78525,92.79663,-0.0026821308,3.7504423,-6.182381,124.90102,-0.0013816962,4.3530493,15.72865,76.72042,0.009720592,2.6452549,1,ai_older_tracks_87.wav
0.26717514,0.004995908,-0.08155135,-0.21531391,1386.6117380554872,190818.92357070334,0.9769522386778303,2.2238348859922334,1541.5581215385937,99703.70480792974,2943.157203131047,1103774.5191987322,0.06384126173084366,0.0009620370949045607,129.19921875,64,0.4534355401992798,0.2645520567893982,7.4100135e-05,3.8376015e-08,16.911966,351.26804,1.0909749,0.72488874,3.4809635,17.293024,-0.054564591969936745,0.018512269692008147,0.35861114,0.07766314,0.42007852,0.110461466,0.29102919,0.052394684,0.38848352,0.097315505,0.31902513,0.06474584,0.452279,0.11709536,0.31271422,0.07319391,0.30271015,0.063035004,0.47548848,0.13206485,0.36431903,0.06854995,0.46502846,0.12788925,0.2631045,0.038977128,-83.26124,1428.761,-0.0028515807,25.785973,157.46681,455.95493,-0.010273131,9.54182,-38.034687,365.67447,-0.0014766429,7.837077,49.26058,264.2587,0.024100758,6.400436,-22.701353,276.5552,0.0029837724,5.504104,18.249184,206.73714,-0.0020389322,5.4418783,-8.308337,168.28955,-0.029367588,3.7392895,13.303145,117.45786,0.006147181,2.6543932,1.8563952,152.37018,0.014600323,2.1359513,6.263665,68.64765,-0.011590103,1.9351859,6.6048007,66.49717,0.0027958609,1.7950927,-0.81907386,74.53185,-0.0025445898,1.751054,16.56569,81.16745,-0.017016472,1.6127021,1,ai_older_tracks_88.wav
0.2428235,0.0049952804,-0.5016045,-0.14481497,1834.3823154308975,230353.1345488788,0.8190228358319812,1.7261742336565913,1737.405711549474,104534.36198794657,3704.4692662478233,1161141.4020839166,0.106820215750774,0.0017084681103025198,129.19921875,52,0.3363541066646576,0.29106447100639343,0.00025858128,8.341504e-07,15.36335,307.97296,1.0989909,0.68276215,2.972125,13.414089,-0.07693795050927026,0.02444402620332362,0.31933627,0.0637848,0.5229371,0.126657,0.30359805,0.051130638,0.3610688,0.09896104,0.27413067,0.047670625,0.4144257,0.11551089,0.29571307,0.06821728,0.30694112,0.07358198,0.50594926,0.12538321,0.32611623,0.072256714,0.3010225,0.088488124,0.22935279,0.045379143,-59.663162,2546.5994,0.06755502,24.815887,148.16992,344.39584,0.0072748046,9.643788,-60.075584,301.44598,0.013638504,8.608612,58.78465,432.4852,0.01447565,6.574633,-29.30797,261.58606,-0.036071625,6.2624774,37.182686,312.07596,0.024603866,5.752418,-18.913828,133.3545,0.013334097,4.260727,18.722195,97.997185,0.013780263,2.382195,-3.1669893,95.211334,0.0029083104,2.3518846,3.422887,66.821625,-0.012869247,1.8663876,10.977485,94.20032,0.0073052724,2.1388829,-6.6647186,62.973186,0.011225176,1.8033473,16.432178,64.33612,-0.0034279993,1.8572061,1,ai_older_tracks_89.wav
0.23040141,0.00811244,0.41565037,0.7725222,2148.866727631328,505528.0657878594,1.060300270565166,2.8264709244976176,1962.1478426104463,105934.4637972958,4551.080813570288,1622802.668306447,0.12236698493130804,0.004892955262901915,151.99908088235293,75,0.5571392178535461,0.3909224569797516,0.0003162818,8.590079e-07,9.044042,98.376945,1.8007315,3.284978,1.8096095,3.8122144,0.03157471565907346,0.022094371828312483,0.3354798,0.09327147,0.29825622,0.073821396,0.38563108,0.10871174,0.39611378,0.083009586,0.5379222,0.13358906,0.39186314,0.09994002,0.33300993,0.080941305,0.37613332,0.113605745,0.36397108,0.0931759,0.37076196,0.105569266,0.30865335,0.07173625,0.4294119,0.11467253,-89.36871,3486.2234,0.08697787,91.11904,115.95874,726.94794,0.015098877,23.347538,-46.40677,718.7587,-0.056892063,28.533566,46.253803,565.2715,0.012769498,13.342229,-35.840305,437.03802,0.0029244474,12.681406,40.726772,305.4556,0.0043318244,8.801843,-26.615244,292.64905,-0.007700394,10.529688,10.975086,274.37146,0.021858161,6.397868,-3.2853808,205.8466,-0.004210731,5.7083254,1.0688477,179.15895,-0.017647725,4.197135,10.853466,131.41469,-0.005512298,3.6102536,-9.864263,112.80812,-0.004291088,3.7221842,12.514124,101.44262,0.00042895635,2.6111279,1,ai_older_tracks_90.wav
0.14881632,0.0019370453,-0.3125896,1.1328712,1911.6558112851583,245189.92211209954,1.5750765601206473,5.948600769555529,2023.1985577062028,35948.43800391734,4452.414743523848,662258.1799037867,0.07397914449496903,0.0026612150574145477,95.703125,45,0.26015573740005493,0.2957462966442108,0.00025961708,7.533132e-07,20.575998,551.5459,1.4062049,3.1128063,2.4816065,7.008606,0.010694964348652945,0.03931914138236924,0.45835277,0.07323993,0.44894683,0.06906065,0.5083687,0.09840167,0.4341664,0.06746268,0.48892155,0.11249696,0.47288802,0.08410758,0.54775053,0.097746015,0.3814214,0.058803506,0.36001605,0.0667534,0.39148626,0.073979475,0.40575382,0.05578784,0.56192493,0.10901065,-139.79498,2036.5879,-0.013474969,53.949883,118.03193,443.2208,0.022014415,10.119939,-46.72307,367.3433,0.038534738,12.641915,66.75024,322.18842,0.016770482,5.1755924,-25.02439,203.35608,-0.021665584,5.98843,49.810146,194.37434,0.037979916,2.909179,-13.706206,160.0399,0.053753573,3.5219786,27.364962,124.65863,0.03273613,2.358397,3.8767354,98.72269,0.023311008,1.925854,4.9695325,79.93306,0.01892032,1.8906802,12.991537,88.67197,0.025822103,1.8665442,-4.8722367,56.515697,0.017040445,1.2576711,20.041449,60.515194,0.0074330173,1.393549,1,ai_older_tracks_91.wav
0.21131784,0.0034221576,-0.18016237,-0.27039623,2149.5190091937097,239278.04120273393,1.907280819828203,6.86348914109195,1918.1989552967082,43860.3289984766,4488.164527349797,725822.4345060932,0.12951697948916407,0.003391661280306132,123.046875,57,0.3235693573951721,0.27683043479919434,0.00032961936,2.8701004e-07,10.881979,153.58221,1.1049249,0.7889278,2.2926002,6.597224,0.03778452578530101,0.010023107406743404,0.5135005,0.1232934,0.32229313,0.048984203,0.31402838,0.07157886,0.33554643,0.08560574,0.34791878,0.07354357,0.37769422,0.095860735,0.38598207,0.06851292,0.5129785,0.11058396,0.42503545,0.09649602,0.4175801,0.09439715,0.37488195,0.087765224,0.38507107,0.07290003,-50.40238,894.44183,-0.087278284,33.171597,134.00061,384.92804,-0.049587984,10.8674135,-62.638287,216.94563,0.025050715,8.164341,62.524193,167.62546,0.040735424,5.942454,-40.984116,149.06738,0.018018909,3.8799553,39.122917,109.583954,0.02287974,4.3026605,-27.405052,89.15463,-0.005184838,2.7855656,15.58832,88.09971,-0.007133943,2.5873532,-5.8436503,94.0591,0.024583533,2.6948128,-0.11092365,49.601974,0.0030705621,1.4667541,11.149711,69.92514,-0.022018336,1.9627092,-13.879826,59.531105,0.0035846455,1.9586321,13.643041,48.553673,-0.013426028,1.6279985,1,ai_older_tracks_92.wav
0.22930206,0.012834405,-0.5854949,-1.010381,2177.3571426041567,510750.7058028279,0.7856546728747683,1.1576132152062222,1956.1462633658443,48655.83187649835,4551.730809639851,992756.2179388612,0.1077937548374613,0.008672059242173872,95.703125,47,0.4190324544906616,0.494060218334198,0.00058922026,1.0599581e-05,22.941473,581.6579,1.4500448,3.802077,3.0875926,11.220784,-0.00082000089091812,0.017412875920215697,0.45742312,0.07989225,0.38519555,0.05629125,0.39810634,0.05561948,0.49272937,0.061776638,0.70336926,0.074985,0.73143595,0.07664624,0.61679906,0.06455216,0.5651784,0.07299253,0.490725,0.07225257,0.460299,0.079381,0.44790962,0.056766037,0.5413635,0.090655215,-106.72319,6205.099,0.14888397,159.59645,102.486725,1244.7771,0.0534463,26.850534,-58.65856,766.24084,-0.01079466,12.675311,52.375847,674.6529,0.042828225,10.644335,-32.24013,306.8501,0.031559583,8.182317,42.90277,334.84372,0.031131065,6.3141656,-16.246708,208.65231,0.022305455,4.8138337,16.064342,164.4545,0.018892337,2.9898877,-2.86397,172.41995,0.012447718,2.720324,1.6507461,149.56721,0.006360768,2.3053675,14.563869,134.70897,0.02530372,2.0359776,-6.035826,133.5785,0.012521865,2.6273057,15.713113,127.590416,0.012314261,2.0883758,1,ai_older_tracks_93.wav
0.13759781,0.00070430373,0.6620013,1.6538181,1876.050087187783,244732.74739701895,1.4335016365882205,4.567595593484627,2129.5870766968505,64348.76358139828,4547.130837455254,1213936.7241453624,0.0710309385884288,0.002119471772241607,103.359375,51,0.21037180721759796,0.19287168979644775,0.00014774608,1.9902636e-08,6.3743033,59.72918,1.1132421,1.049936,2.5158172,7.5400314,0.028040592919566003,0.06315968888027594,0.3192999,0.08727439,0.32455435,0.056637548,0.40700027,0.11850097,0.2821603,0.035869066,0.4038296,0.12882759,0.3114146,0.05892649,0.44764227,0.12569335,0.41307223,0.13308132,0.35880873,0.07811277,0.35146263,0.059590034,0.31603968,0.061189517,0.39885134,0.1264252,-148.15564,724.66473,-0.040221676,21.038206,127.44754,232.32481,0.010834459,7.4214897,-32.48037,125.69025,0.02366041,4.161737,62.022476,169.61249,0.0015988653,5.170222,-21.859987,135.95587,0.023253636,3.7144516,53.527077,87.95482,-0.011761554,2.6028037,-12.502981,87.67089,0.01458114,2.5208826,28.894907,59.12148,-0.0021230488,1.861159,-2.952464,54.384033,0.008993079,1.4122887,8.923454,49.143818,-0.00448852,1.5326291,8.79187,54.099266,-0.014343385,1.6062771,-7.7957397,44.661766,0.0032855782,1.17064,17.04295,33.344864,-0.015723886,1.0285628,1,ai_older_tracks_94.wav
0.29723758,0.0057887705,-0.29416978,-0.13136196,1856.3198058392443,485324.82313050324,1.0717166733213737,1.7730924071855387,1745.1562611674947,151184.42620050334,3743.8190283051954,1811513.4944157845,0.0861446038119195,0.0022834354079108244,123.046875,58,0.41012609004974365,0.2559702396392822,0.0001518344,2.5329456e-07,13.346838,233.13383,1.9494761,2.596599,1.7236633,3.372405,0.03678876340038429,0.01669164716346589,0.3935555,0.0812827,0.36476937,0.0788025,0.3828434,0.079842664,0.43100414,0.096272275,0.4572426,0.104857504,0.45868355,0.11737953,0.41702375,0.102594845,0.38215682,0.08489388,0.4253318,0.09230106,0.49712023,0.103387624,0.49258724,0.09441872,0.46666205,0.0998387,-77.55887,2275.1208,-0.00082351256,75.44727,136.89902,1006.2858,-0.014763101,34.195755,-44.565598,1051.2008,-0.021407668,44.25026,59.445858,1051.4789,0.06342266,36.52836,-32.407574,521.2212,-0.0051063416,19.15758,27.016459,453.32388,-0.020851076,18.13068,-13.266801,323.6195,0.021995068,12.219837,18.06855,212.38641,0.002180163,8.232984,3.841299,294.8399,-0.023513729,10.251336,4.4358907,136.43253,-0.01473511,4.656834,12.85582,153.17142,0.014223051,5.255164,-2.6789687,145.87852,-0.016120188,5.5927477,16.019289,176.62546,-0.0034937998,7.1496572,1,ai_older_tracks_95.wav
0.1426468,0.0032523612,-0.3339489,-0.5907428,1878.6860562607476,236476.09902932492,0.7409988280057297,1.8891458560223917,1978.4632008965625,67833.16366418154,4334.448790181163,835204.9266601627,0.0650434464493034,0.0019577309029485037,107.666015625,54,0.2822476029396057,0.3997949957847595,0.0002730022,1.2586203e-06,21.538292,567.777,1.4260358,3.1822944,2.9374797,13.89863,0.005721392854459959,0.013355304326103077,0.3968112,0.075578175,0.41593868,0.07334608,0.5167563,0.12726751,0.45044032,0.083674714,0.43568015,0.10624947,0.41602036,0.08649432,0.50536346,0.111656,0.37899217,0.088716775,0.35699892,0.081879005,0.40565667,0.091660716,0.39162177,0.058970254,0.52413183,0.12407498,-158.74133,3128.3079,0.0027828866,91.09829,113.30578,456.6793,-0.015393555,12.1499405,-38.21492,395.0438,0.00030448008,13.222253,66.16046,520.50385,0.0032232716,10.689046,-25.541391,166.58943,-0.014944995,4.3214855,40.977814,337.58258,-0.006684882,7.5406666,-8.289488,165.90222,-0.012418431,4.2871814,17.06839,177.3791,-9.183618e-05,4.270627,-0.13233395,93.58406,0.00560398,2.6253622,2.178011,78.37562,0.004737049,2.2069016,8.274985,60.986248,-0.0002276329,1.9201711,-8.574968,52.61611,-0.0006249268,1.9604027,15.596855,66.88784,0.00079174695,1.827314,1,ai_older_tracks_96.wav
0.14723954,0.0062450054,0.5072164,-0.5953996,1869.3786690919653,347073.45854107995,1.1946661427853336,3.1321072982764786,1870.0914280839736,91224.74122481552,3970.8009891096654,1378823.5805983637,0.09722579152960527,0.002469378890928275,92.28515625,39,0.3729672133922577,0.5367128252983093,0.00024217459,1.4474901e-07,11.954571,215.20605,1.5836918,2.4115176,1.9793859,4.9844246,0.017377179536796336,0.015058497652209214,0.4246307,0.12672946,0.28914702,0.067393735,0.31076697,0.079575434,0.4516406,0.12697385,0.31395793,0.0742642,0.34859964,0.114692904,0.2950639,0.07116423,0.3723012,0.097688824,0.29304415,0.08604122,0.3160524,0.075905904,0.51312673,0.118223324,0.3630711,0.076270185,-144.2258,3372.3618,0.009250842,91.47217,124.92913,542.3224,-0.00600942,18.770842,-29.41026,524.1265,-0.01031673,16.184912,60.866837,425.48975,0.007479505,15.95285,-24.832397,288.5435,-0.005364073,10.224705,23.332357,277.38602,0.022328667,10.151784,-30.216228,216.2976,0.0046166633,6.695026,9.813067,150.13148,0.012019559,4.8890634,-6.987905,138.61317,-0.0016064268,3.3136134,-5.2893844,123.0025,0.003428547,3.1751704,3.492774,105.62316,0.0045871055,3.2193086,-13.77598,70.60613,-0.0094061075,2.337932,9.057469,65.94283,0.008132929,1.9482361,1,ai_older_tracks_97.wav
0.23582608,0.005110378,0.05095111,-0.7635648,1137.207274441763,137247.49852724245,1.5283350373749072,5.22374359756903,1340.064626630318,151064.55869258815,2372.6439862797506,1197924.2711295069,0.054190526436726005,0.0006938808456215097,107.666015625,53,0.33989661931991577,0.303134024143219,5.4441352e-05,1.3498847e-08,16.699116,354.63348,0.9636839,0.3175015,2.24722,7.3546257,-0.0765535977821478,0.03272448311063426,0.29802418,0.05491963,0.499485,0.11691161,0.35451844,0.04816738,0.51445204,0.12838605,0.33365613,0.06151125,0.357746,0.09530125,0.25168353,0.050079066,0.29857415,0.050815675,0.5797119,0.12309265,0.36695293,0.05416624,0.37151784,0.09245951,0.27016452,0.05227852,-110.88959,971.36774,-0.0004605553,18.757584,180.21573,545.2583,0.035059743,12.385836,-28.651691,309.90607,-0.011572758,4.1893106,42.428528,332.99976,0.003671094,7.111939,-17.400772,210.15659,0.055854537,5.5442924,16.932676,267.56647,-0.016000943,5.5568047,-7.3811755,175.89455,0.010499023,4.2000036,6.7032113,160.3783,-0.013332188,2.887088,9.727172,103.166145,-0.008239563,1.6525346,5.6623363,59.463852,0.0011661525,1.0920339,7.7587,58.736176,-0.008785143,1.3467702,-4.7974806,68.50921,-0.006499388,1.1543831,10.850496,65.47465,-0.02194072,1.4395455,1,ai_older_tracks_98.wav
0.12883188,0.0021864164,-0.25081578,-0.72384286,1046.335766354343,471489.9774818555,1.8742239650202064,3.6103713867007805,1398.0146918392006,180517.76426943752,1956.2715040271864,2441379.2781488644,0.03377908523606811,0.0008500294679010755,83.35433467741936,39,0.21898266673088074,0.36294689774513245,6.054592e-05,1.7195022e-08,4.6472015,25.165901,1.4072422,2.9072251,3.177658,13.617596,-0.049119842611228835,0.08050255014430402,0.24233618,0.069762826,0.22340289,0.08052479,0.2484623,0.062255353,0.37220225,0.12758383,0.27776137,0.08351753,0.15962172,0.039617773,0.15711403,0.05999774,0.26486948,0.039917435,0.57140774,0.17567064,0.39682856,0.060710885,0.26849356,0.07628246,0.31415814,0.10432831,-247.8436,3120.574,0.034805704,92.60843,144.10847,1297.2892,0.031886775,43.136677,-5.7082953,921.91156,-0.026888125,21.910185,54.76889,723.90106,-0.03162449,25.479395,3.4030201,336.648,-0.04679467,10.968048,36.52877,190.83992,-0.045523122,5.8632026,-5.9032083,342.93442,-0.010519833,6.058637,6.784831,153.237,0.016613591,3.9215832,-4.019071,140.64394,-0.021457192,2.7895257,-6.82086,116.80331,-0.010216975,3.7549617,-6.1700745,124.68252,0.0012098636,2.7836542,-9.104613,137.2448,-0.0043598493,2.7435415,2.8071463,88.47083,0.00486819,2.0601287,1,ai_older_tracks_99.wav
0.14879374,0.0051720655,1.151867,1.326726,4081.1411155533,1208530.8902064406,0.446304574212854,0.9736122032254446,3487.8125051949087,93737.66748557465,8684.047488752902,985907.5488900413,0.17835833192240713,0.01380574283343425,107.666015625,49,0.38908860087394714,0.4833339750766754,0.04625666,0.0025891683,1.8482795,3.6129456,1.9948856,7.1089253,2.8463175,9.9325075,-0.03738833599787096,0.02084425618576693,0.37028092,0.09152178,0.45782617,0.13171208,0.3626938,0.0810643,0.44584742,0.13716026,0.35224807,0.086348884,0.42135563,0.11335426,0.29075733,0.07906449,0.27096057,0.06033598,0.37970412,0.11373124,0.32854286,0.073437646,0.4301131,0.12963119,0.31925878,0.07671667,-118.28264,5126.9824,0.08807951,165.87645,27.977684,1330.9656,0.03954204,36.572277,24.130987,1114.6068,0.033176742,29.30837,5.397883,553.54865,0.045196123,15.434593,18.978443,368.04367,-0.0056731915,12.00643,-4.392167,370.29742,0.02528828,10.641381,1.2803948,288.69876,0.014573191,6.4780455,-2.4733458,224.39372,-0.000709482,5.0807366,-2.4126692,184.68675,0.00041612014,4.6283517,7.1621046,144.53976,-0.0060681677,5.3512077,1.1139113,162.81734,0.007959979,5.021218,2.9499636,149.58981,0.017734466,3.9266868,-3.288332,113.63883,0.0033878866,3.219366,1,ai_pop_01.wav
0.21192564,0.0048982855,0.027205277,0.5434804,2036.2474523694434,307645.94975993934,0.1716223761113971,0.41248056128469157,2753.6334887894277,191034.68316996872,4853.787316478812,3643078.649525982,0.0633688534007353,0.000575608168658262,123.046875,45,0.4457174837589264,0.3302467465400696,0.004912813,5.2978237e-05,3.469637,13.263027,1.269683,1.5527647,4.7146497,29.683964,0.025843329638396747,0.04491075391481331,0.30992225,0.10970651,0.34067413,0.096706256,0.43557587,0.13394694,0.27562237,0.064088054,0.36209425,0.12965783,0.30684078,0.10430027,0.19736193,0.049492963,0.29232457,0.10691087,0.28787068,0.05869951,0.4413481,0.1002127,0.31610414,0.06983055,0.21584114,0.04529962,-124.60664,4740.1406,-0.03319143,54.43851,104.3961,734.0171,0.045756336,12.876098,20.170305,619.1725,0.04079163,5.30532,-4.694213,1187.9746,0.057252277,6.1094966,-6.0501056,519.4476,0.031518374,3.0813513,-14.616185,546.29004,0.015492159,3.0677636,3.9510524,141.67027,-0.000836066,2.2728117,-17.61923,310.7103,0.009189004,2.730556,10.879868,415.6637,-0.0033512986,3.4672127,0.66768306,162.79025,0.014386661,2.2908413,-3.8173707,269.13116,0.02601998,2.025353,3.7962756,112.621895,0.01565967,2.120725,-3.7404544,91.78074,-0.024679596,1.6251647,1,ai_pop_02.wav
0.16975397,0.001914902,0.7270782,-0.23668814,2973.4873357666092,595462.3454069919,0.712631814899299,0.5083416191799977,3002.004293377871,69811.99731872429,6699.45115600208,1360634.8800126412,0.11009495029508513,0.003559067182334352,123.046875,53,0.239472895860672,0.2577824294567108,0.035628174,0.001031584,1.4477885,2.108879,1.5294352,3.1002183,2.4358692,6.6385317,-0.0008400393634355514,0.019864440758394407,0.25865245,0.04596396,0.38202742,0.049591266,0.60096896,0.13267939,0.5222912,0.061537284,0.5093091,0.1080515,0.33669728,0.07817674,0.23688217,0.0413536,0.2611688,0.06495419,0.34236202,0.057212465,0.5783578,0.10767343,0.4024957,0.0698008,0.29321218,0.065021716,-66.11333,2249.5288,0.0031673,54.720463,66.05973,609.3695,-0.03238791,19.726429,24.423738,376.7876,-0.019909015,10.922579,26.467113,155.4812,-0.0042320876,5.123503,5.585745,112.90896,-0.009875093,4.400916,10.062327,75.8262,-0.015144025,2.8084664,1.3041437,66.495,-0.006003427,2.2419748,5.390145,69.791084,-0.013084385,2.2800066,1.4665139,69.22288,-0.007841035,1.9383292,5.0964575,53.29955,-0.00071859284,1.8695294,-2.0442405,52.666035,-0.0021085727,2.0964534,3.1669097,45.363075,-0.0067703007,1.7103128,-4.572285,56.25621,-0.005465611,2.0248363,1,ai_pop_03.wav
0.1297611,0.00088406465,0.5607915,0.7047055,3429.7838857222555,550257.8916458708,1.6190009345306178,4.679339553864533,2904.9332832532955,61373.365175681865,7040.899091313129,1257344.718068263,0.1696437209752322,0.005283948203478464,117.45383522727273,57,0.17811742424964905,0.22913819551467896,0.059061315,0.002563985,1.7256444,3.6737986,1.6677531,2.7581782,2.366722,6.6637096,0.04989031094202106,0.018753451009454015,0.4660504,0.1229925,0.29994315,0.05558563,0.3589965,0.10020877,0.33531547,0.06929815,0.46952334,0.10512819,0.37158927,0.09025717,0.32456657,0.07017668,0.45564643,0.122109205,0.33494326,0.07766091,0.37714785,0.111591175,0.3031632,0.071201146,0.36998075,0.07831937,-69.19104,1764.59,-0.0040833573,60.03287,40.46977,618.22723,-0.014940908,17.070456,-5.864991,541.41595,0.014881512,16.449953,21.550137,368.95883,-0.0033736052,12.327032,10.6887245,221.00198,0.004878349,6.6872416,2.750143,172.50948,0.0015665747,5.5560412,2.3165774,129.0838,0.0068965475,3.9733381,3.7221906,101.79915,-0.0035479276,3.6777072,-2.4004161,115.12355,-0.01480425,4.0677443,3.9103408,98.33237,-0.0049736174,3.3088355,-1.7131983,93.99371,0.0010225603,2.9044585,1.6344639,93.98413,0.0022371206,2.6394546,-6.9212055,64.91932,0.016253743,2.2322211,1,ai_pop_04.wav
0.14418627,0.0031361883,0.48877898,0.67907643,3372.768839496769,1756340.6793226728,0.054586369822618275,0.36815482369261154,3148.99255800604,326256.1765619736,7483.64641408064,5450117.007229676,0.13665790380708204,0.015325570796168347,172.265625,85,0.29833275079727173,0.388398140668869,0.037274607,0.0027100504,2.3021262,5.8037024,1.8623916,7.153996,2.8786795,10.033313,0.004065082489943596,0.060166727231325476,0.29940015,0.08452709,0.26093957,0.055089485,0.4095577,0.07088977,0.6580932,0.13086943,0.35159445,0.053625852,0.32510713,0.10088748,0.25849518,0.04167348,0.370071,0.094111584,0.3938708,0.12823984,0.3600354,0.092002824,0.40759537,0.097364075,0.28710082,0.05684252,-132.00179,4476.5054,-0.07012571,96.782455,42.861366,2291.959,-0.0057889596,48.58816,18.624163,885.74963,-0.01625121,14.146415,25.447132,567.5972,-0.0037692753,9.799318,23.56499,339.80518,0.008829926,6.9710336,-0.9627834,333.9028,-0.013437428,5.459372,2.361268,292.0252,-0.022804826,4.8338532,1.1256472,190.34538,-0.0016819633,4.3397713,-6.289874,133.19861,0.0011291873,3.1917388,0.8510502,143.66866,-0.021121196,3.7183063,2.8049195,116.86525,-0.00848848,2.5978823,4.5066056,99.51364,-0.0030803606,2.1656618,-0.6584581,94.04191,-0.005778627,2.1731398,1,ai_pop_05.wav
0.22693183,0.0060741846,-0.7378861,-0.40578866,3360.8553527868794,481457.60437334754,2.5325307984993795,9.463568813437952,2932.0066747042065,39075.93407102453,6994.966035730698,805333.6773604152,0.15346165707236842,0.007967595296902942,143.5546875,66,0.35384294390678406,0.34343817830085754,0.051464442,0.0017656309,1.9487237,4.415867,1.0872053,0.6805275,6.3039727,72.74806,-0.062093282916560376,0.02559566781172036,0.37439176,0.10033697,0.37082803,0.096289806,0.28015754,0.06221287,0.31863055,0.08849895,0.34860736,0.051564466,0.6055351,0.12288217,0.46213534,0.09699296,0.37034607,0.0873079,0.3546305,0.08817707,0.30238086,0.061404236,0.28587916,0.07564039,0.26213333,0.0598241,-22.925333,4197.301,0.031335406,23.26051,51.225403,429.539,-0.021705698,9.697486,10.718667,363.59058,0.008869799,8.202905,24.257797,335.07224,-0.00016018629,4.130743,-7.1118755,148.23782,0.01006111,2.911662,1.7947139,206.66031,-0.001236545,3.0266461,-7.0147605,117.6194,-0.009468029,2.32728,2.1209724,180.15306,-9.9151126e-05,2.4178014,6.8577576,88.924835,0.001397728,2.1960049,5.220581,144.37961,0.005386506,2.0831616,-3.3303857,101.94955,0.010762459,1.9772155,3.836651,136.89952,0.024156274,1.7244635,-7.4909163,97.21306,0.0049627204,1.8718027,1,ai_pop_06.wav
0.19530334,0.007106081,0.2485744,-0.70752835,2360.044327620913,1139998.396678811,1.0978414635721454,1.9844843717885414,2706.858105763862,371024.20470882603,5155.385492755901,5099903.68602934,0.08462533862229102,0.004160928960892184,107.666015625,49,0.3725859820842743,0.4316238462924957,0.016430585,0.0007529256,3.467725,16.191467,1.8520391,5.312293,2.81152,9.615363,0.01044918512552303,0.012401611378482807,0.34302765,0.068187356,0.4117094,0.083903134,0.4430834,0.11955705,0.36769462,0.06316365,0.45238706,0.12043578,0.33978692,0.06725465,0.3868245,0.10038065,0.37102443,0.08755243,0.4338416,0.08932175,0.5223221,0.12585121,0.4091084,0.07087225,0.44471747,0.09906182,-111.77211,4262.8403,-0.003983312,88.98007,86.30456,1167.5248,0.014076094,44.413967,11.493473,720.1572,-0.05894521,24.022835,28.288155,281.93127,0.021107841,9.336082,26.498724,233.89928,-0.017035559,7.3412585,12.551691,229.62979,-0.00033221487,7.2274346,11.81202,145.81737,0.008597269,3.6431677,1.4082854,147.66142,-0.013011012,5.772183,12.10007,193.97221,0.03117147,7.2579274,-0.76515096,113.296486,0.00288074,3.6592402,1.8788968,116.70131,0.0011417711,2.9180913,2.080995,107.30882,-0.00079369324,2.609129,2.3161883,74.776184,0.0012926295,2.2594478,1,ai_pop_07.wav
0.13685861,0.0019148345,0.2637444,0.8818743,3200.0713408225665,1116528.4504526493,0.6719133563777281,1.2179773708064232,3059.861427308936,165827.83151796,7099.107072670762,2559538.8530438654,0.13024222075754643,0.007536660960441404,103.359375,51,0.24970343708992004,0.31973743438720703,0.03887687,0.0019583174,1.9916455,4.8354616,1.4330487,2.8737342,2.7621024,8.379753,0.009217619960367329,0.04293977881552872,0.26710638,0.055480182,0.40398425,0.08506469,0.66233695,0.11876589,0.38041338,0.057066116,0.3867109,0.11060893,0.2395579,0.042737193,0.2691452,0.071369134,0.25835836,0.07310086,0.28548402,0.056999773,0.41046464,0.108229965,0.29965284,0.0546874,0.3209877,0.102451645,-101.775375,4155.8354,0.07778673,93.87405,55.228817,1186.7899,0.0047109355,28.242565,30.892757,469.54034,-0.007917146,15.732936,31.37474,337.5628,0.006714719,5.8312497,10.440764,213.51736,0.032852635,3.9494486,7.176937,136.04944,-0.012985111,3.1564062,-2.3232574,107.35175,-0.00047313538,2.8804018,1.7254232,114.83662,-0.017733308,1.8338481,1.9542905,109.29535,-0.0040680533,1.6073191,1.5791514,71.29514,-0.0038434512,1.8942486,-0.7785669,42.10507,-0.0067741857,1.1123157,5.303636,51.857403,-0.0028402149,1.4595479,-3.0295503,41.739983,-0.0053636185,1.064877,1,ai_pop_08.wav
0.1676945,0.0022889907,0.6912687,0.11810255,2407.3843984565274,1035159.4395228779,1.2117189637410353,1.1051172454596268,2887.0718938031214,293698.88324839936,5626.40764454939,4843422.677780408,0.07651729997097523,0.0025525962990261696,103.359375,49,0.23747359216213226,0.28530094027519226,0.014595343,0.00041628056,2.708965,8.343962,1.4138235,1.7702368,2.2074254,5.9496098,0.045444118021668325,0.033724401533626124,0.64236164,0.14027749,0.38155836,0.056196537,0.39718676,0.1084399,0.42785484,0.09926601,0.1829306,0.031954598,0.16733447,0.042357642,0.17115028,0.03523352,0.31806067,0.078458615,0.30143794,0.09639997,0.3268671,0.07987001,0.4085109,0.0960736,0.4175708,0.055737976,-106.62967,1772.4768,0.044869915,48.481205,92.508865,876.60065,-0.033617575,28.651285,29.363668,366.598,0.0070152194,11.345387,26.944424,195.80547,-0.014710161,5.095083,17.625315,142.45598,0.02551593,3.4835134,-3.0682268,142.60922,-0.021888515,5.4627457,7.08798,104.73586,0.013755794,2.6205385,0.35640517,84.00536,-0.0039220136,2.5041983,-1.5549577,77.19544,0.01096394,1.7726725,2.5529115,68.510666,-0.0061348733,1.9630494,-0.79730016,49.414486,0.0028582332,1.6280844,6.3003497,40.83838,-0.0050430894,1.1724199,-0.8719668,40.301693,-0.010895732,1.1627108,1,ai_pop_09.wav
0.18119815,0.0062348046,0.010206879,-0.49412656,1461.7136643657434,923775.3166997628,1.7254141995131025,4.566958792536843,2031.6484271989552,594952.7133918982,3168.8308385134483,4863116.33745718,0.04195099349361455,0.002896990533247741,86.1328125,41,0.3603293001651764,0.43577033281326294,0.006029044,0.00045630854,7.0461516,55.33049,1.805928,6.7669077,2.6784623,7.6838236,-0.008489741315820469,0.0116232489344619,0.33317584,0.06671823,0.37339157,0.09428257,0.37408036,0.083842434,0.47354713,0.12195024,0.47709218,0.119872764,0.48676378,0.1054675,0.42143014,0.0825373,0.40891722,0.07416525,0.5001899,0.10220904,0.48829547,0.08986712,0.5748286,0.10767124,0.42421,0.06559025,-177.92029,5156.266,-0.028729206,126.62205,124.977516,2066.3557,-0.04486146,36.81003,13.259363,373.83936,0.017897176,11.126997,29.675781,252.1835,-0.005869604,6.177637,8.096574,201.45573,0.005415983,4.7072525,8.323869,208.3043,-0.0097691575,5.8332505,14.246208,242.22781,0.012430738,5.294051,1.2978163,152.90372,0.006527661,3.674912,7.6816196,122.84843,0.020089807,2.6535482,7.2863474,127.54106,0.0030479128,3.2344913,3.1542072,108.442215,-0.0024896972,2.6593058,9.780177,70.74174,-0.003279892,1.9063989,2.5216744,87.38066,0.0077303452,2.2298958,1,ai_pop_10.wav
0.15532069,0.006602048,1.5589241,2.0985942,2178.9074274301292,815555.3299001568,0.7552948681355826,0.9471997722563756,2498.9171768334104,280298.2566803332,4526.489295605166,3754207.340561936,0.07407324823432662,0.003573684920240076,151.99908088235293,73,0.43114614486694336,0.523130476474762,0.0105230855,0.0006138839,5.487465,35.97088,1.5448393,2.4002635,3.7773547,23.062923,-0.0749862431836495,0.04403869400843283,0.45649907,0.11520113,0.4929959,0.1512207,0.3621204,0.09484132,0.3769021,0.120578505,0.26808667,0.052299194,0.33959305,0.10429915,0.24429609,0.055074956,0.2865678,0.07566931,0.36989298,0.107141286,0.34626615,0.08941563,0.41185346,0.116384156,0.35761812,0.0840373,-147.73611,2565.966,0.042228103,81.613266,91.179565,1089.9529,0.024186186,32.75801,3.4570553,616.589,0.0021865035,17.958271,34.318726,281.03214,-0.007196496,7.422981,15.871081,192.55573,-0.00079961604,4.2244253,-4.894991,382.85892,0.0091258995,6.4903355,18.599897,206.26509,0.012784595,6.328399,-3.3560417,247.81267,0.031511344,4.718641,7.856634,134.79106,-0.004269238,3.2657845,6.203479,181.05502,0.018531604,3.6870408,-8.1546335,100.688156,-0.0044728704,1.8416377,5.985199,123.15913,0.009464475,2.8392284,-2.3682563,168.43237,0.007957094,1.9760298,1,ai_reggae_01.wav
0.13800552,0.0041343817,0.041363027,0.046082497,2529.4580026701824,442859.736085929,0.6018217943723954,2.582841458294854,2546.8899879763794,107679.25170671017,5241.226640352893,1658274.6370946432,0.09685920266544118,0.0035836741591472486,161.4990234375,74,0.31546545028686523,0.46591728925704956,0.021174153,0.00088093383,3.6419656,19.129457,1.6380392,5.3759093,3.1109452,11.702132,-0.01027578192164938,0.030840194184809745,0.2689117,0.0636519,0.38514915,0.07997238,0.5013465,0.12512162,0.32554337,0.06027146,0.38232303,0.10677352,0.31390563,0.0618207,0.43712005,0.11419284,0.35450187,0.10069033,0.3370938,0.07792742,0.41819426,0.118634164,0.30674112,0.06483011,0.36953172,0.10881909,-125.2983,7258.495,-0.014989835,172.10858,66.79181,648.12604,0.008628409,17.743174,-10.510412,490.52026,-0.021162916,9.883522,28.92622,269.6711,0.0011829444,6.295044,1.8744707,239.59727,-0.02388672,5.490157,3.9135363,239.34401,-0.027709281,4.6311307,5.9396195,141.43175,0.001370148,3.8497553,2.1570284,197.24702,-0.0039755916,3.502938,-3.4795198,123.35681,-0.005837413,2.7546456,1.9855682,115.53356,-0.021124845,2.3056438,-0.020194134,153.30164,-0.020931628,2.872873,3.4519658,89.61954,-0.011096637,1.9533446,-6.009197,101.8521,-0.009759086,2.137238,1,ai_reggae_02.wav
0.15183972,0.003824446,0.6585508,0.35214543,2057.785450747387,413054.9574637684,0.6527597973326874,1.4982650643430455,2379.827156829521,146485.44277656203,4407.465015328706,1889524.3937482387,0.06976715182372291,0.0016993976879723636,151.99908088235293,73,0.3241938352584839,0.4072854518890381,0.013190159,0.00042105163,4.5225596,33.248074,1.8289219,7.9312286,2.802293,8.947018,0.034147325012095366,0.014636778026475486,0.4719621,0.103381075,0.34875008,0.05223245,0.44592246,0.11976482,0.38585714,0.07184889,0.5169417,0.12011915,0.4006275,0.09004469,0.35401922,0.0573797,0.43635952,0.10399862,0.35235694,0.0797611,0.42983443,0.10863868,0.32453218,0.067358725,0.43480387,0.08962478,-125.35735,4973.969,0.08340872,188.34792,89.9686,596.4319,-0.011869937,16.61088,-3.233107,378.83383,-0.012007391,12.978606,38.357998,150.89339,0.0058599566,4.987579,13.491304,124.59916,0.0033919294,4.2069325,10.322195,152.67137,-0.008927836,4.969749,8.731969,123.677605,0.004367324,4.4129763,6.2954774,69.86643,-0.0009561847,2.4827557,-1.0742836,76.247955,0.0010441523,2.6510968,5.7206917,67.42128,0.013846976,2.5692363,0.90815836,57.8914,0.013170248,2.2177527,4.06818,44.75795,0.005383454,1.5697657,0.46002463,48.095036,-0.004326508,1.5602055,1,ai_reggae_03.wav
0.15377869,0.0049703224,0.23035634,-0.41335082,2480.0927071133774,920744.3136655104,1.3344164125126015,3.666226183484053,2551.959996219234,165266.24922963418,5252.851570058533,2807212.7566232765,0.10153944647349071,0.0070518377247921525,86.1328125,38,0.33270788192749023,0.4584544003009796,0.027822737,0.0019836198,2.6633434,8.043894,1.9950294,8.345269,2.6682184,7.898059,0.04327560631235035,0.02251160813353081,0.46280664,0.12191706,0.29297972,0.04904077,0.32542062,0.09616035,0.28026742,0.047817465,0.39399683,0.100405864,0.33041525,0.08869627,0.3531114,0.07610276,0.44928753,0.106706575,0.4365147,0.103933886,0.5025157,0.12987377,0.33377454,0.06566068,0.38601783,0.07829379,-123.59764,4666.0156,0.011195271,202.05867,71.91983,931.3835,-0.055572875,32.855286,2.501654,610.6755,-0.022448173,18.721556,32.704575,446.88403,-0.018145123,9.610295,4.538379,243.26215,-0.017746309,5.910846,8.574589,203.4642,-0.044653997,5.3277445,0.16109587,207.8485,-0.024821704,5.0182357,5.336727,173.99034,-0.01759269,3.8881867,-1.2241559,144.93042,-0.019552222,3.801482,-0.20247586,108.3904,-0.018976374,3.5917954,-0.2511064,109.01467,-0.013494,3.1464305,6.4080963,88.17571,-0.011070634,2.488484,-1.8685747,103.81852,-0.036551654,2.361888,1,ai_reggae_04.wav
0.15517434,0.0057775006,0.39189884,0.0835557,2506.9931696143467,1036856.8789530377,1.3679378322209361,3.5613406264060927,2625.4185067459744,174480.81638081867,5420.700555098684,3201445.0574823967,0.09956213416698917,0.009806080666552894,161.4990234375,69,0.3844490349292755,0.48983529210090637,0.026004296,0.0023313551,2.8758466,8.228897,1.8805238,6.7652435,3.1436143,13.1443615,-0.025773248077721807,0.023850816058819654,0.49518663,0.11160139,0.46028388,0.10546875,0.4181362,0.09270457,0.4562688,0.11328228,0.38835993,0.072369546,0.47118923,0.11694857,0.29506695,0.05569223,0.34204277,0.0825494,0.4138409,0.11675858,0.39562777,0.094648816,0.46775123,0.11532857,0.39855164,0.07546997,-133.08662,4583.2275,-0.010626465,190.88264,68.269806,992.3245,-0.021414818,26.923332,1.2663846,512.89435,-0.002685659,13.585364,26.256882,447.1786,0.0006821901,10.299857,10.059504,462.456,-0.019166399,10.483022,12.815011,163.03749,0.0054026693,4.6647563,1.7777603,239.22887,0.019815847,5.1975927,7.419919,206.9985,0.0042088707,4.1988554,0.27256393,154.7393,-0.021852255,4.1317053,7.204933,144.34822,-0.015405927,3.688057,1.1670539,128.5634,-0.0062668803,3.6851025,5.667765,93.60766,0.008398076,2.7659228,1.8775147,95.937546,-0.015583118,2.7171593,1,ai_reggae_05.wav
0.13782443,0.0036933466,0.05164702,-0.5007763,2414.400969819874,669929.2664529751,0.879949024871352,3.1899631124731878,2546.8200963649965,172455.1397231042,5181.318669274865,2707548.995266514,0.09751074823432662,0.0035300786788190113,151.99908088235293,75,0.3137490153312683,0.4409444034099579,0.01958707,0.0010598144,3.420285,14.2927265,1.6335306,6.3876834,3.6189766,16.000675,-0.0034387127695254434,0.029780806059022905,0.31840232,0.113656506,0.24336821,0.052698497,0.35525224,0.113702424,0.26866576,0.07998821,0.23895949,0.0568025,0.28991237,0.078863524,0.21876909,0.039365258,0.34190813,0.11634286,0.2603992,0.053187832,0.45231178,0.119734,0.5164421,0.15034093,0.29536292,0.07497562,-132.81535,4809.12,-0.031567425,171.68684,73.46388,838.355,0.014381494,22.116402,-4.732682,528.7954,0.010049032,10.586574,21.82023,409.40875,0.020853618,7.4072294,6.84317,306.36755,0.004906791,4.141342,5.3546686,317.04504,-0.012721458,5.503528,2.937035,259.8368,-0.009698439,4.362571,6.029114,184.69727,-0.014606975,2.7436433,-1.9763652,185.40018,-0.019773439,2.6685266,3.6201804,152.93895,-0.014524612,2.6956625,-3.1202056,124.20221,-0.010072305,2.1971269,-2.2509747,122.40042,-0.0044597685,2.4421477,-4.337058,126.31407,-0.005004268,2.5744705,1,ai_reggae_06.wav
0.1386056,0.0028483723,0.7134789,0.39429283,2484.564285061302,1329232.9213189036,0.10573631077843539,0.06465723751182573,2816.0756415908545,745441.3757553725,5952.064008683243,7824043.405096019,0.0841121142124613,0.004011627981140775,129.19921875,63,0.2776792049407959,0.3850504457950592,0.017435454,0.0011033523,3.470561,13.922365,1.7216021,5.56282,2.9370673,10.882363,-0.028973809801588007,0.03489557239052048,0.32903257,0.0765466,0.3344967,0.10111466,0.2746356,0.05080411,0.39533883,0.099380895,0.4248491,0.113530904,0.3008507,0.060721364,0.3975341,0.13174845,0.2926798,0.06313462,0.4114223,0.1244823,0.3014764,0.08903089,0.2935145,0.069871545,0.39262077,0.11476741,-161.02847,6591.958,-0.06692094,154.79633,86.22083,1820.4265,-0.010707842,37.53869,26.187572,538.0212,0.022270191,19.243023,26.61947,244.07375,0.0038299207,7.4840755,23.2778,254.42569,0.02930066,6.639591,1.9607728,220.17908,-0.048575282,7.7041183,4.9811788,167.83473,-0.0013832537,6.5156302,1.2727959,196.94981,-0.00613477,6.0279713,8.654525,171.63914,0.012739094,5.750068,5.2764425,144.74266,-0.017239833,4.0113554,-14.883452,128.81241,-0.014784021,3.210224,-7.1210213,95.85179,0.0037417286,2.4660668,-4.717887,98.53208,0.0013329791,2.843206,1,ai_reggae_07.wav
0.14678033,0.0037288722,0.8325835,-0.062484264,2562.238238284735,1167498.2324545789,0.13915948568958128,-0.10126502358290956,2602.2239358505844,397546.2939136222,5549.983106678115,5757551.128152628,0.10136408850135449,0.00431466317914157,184.5703125,90,0.32531216740608215,0.41602641344070435,0.025032502,0.0013673551,3.1474307,12.376463,1.5114026,3.0824544,5.8118377,57.858307,-0.02095724965938076,0.04219972150602816,0.2536847,0.065228716,0.35082716,0.13146247,0.2528441,0.06055226,0.2962497,0.080839515,0.3018524,0.09968656,0.21055833,0.049598303,0.31954813,0.12826312,0.30094832,0.07791545,0.4684851,0.14345917,0.34430075,0.10253611,0.24383819,0.06971309,0.2799202,0.10163187,-121.1291,8200.243,-0.044732142,114.68359,78.84476,2330.3125,0.0069899247,18.688719,7.1156907,419.96313,0.06341346,10.829565,12.439815,398.03183,0.026271235,7.660416,-2.6302006,283.1288,0.008113123,5.659917,2.3113847,227.40704,-0.0016275139,3.5969865,-4.5475373,154.47847,0.013144407,3.4811506,-4.1487103,130.3393,0.027181,2.817671,-6.4402375,141.43253,0.0168004,3.0378861,-4.6253066,150.4535,0.009306761,2.6171193,-7.4174542,141.9422,0.014203945,2.5104258,3.8110783,119.9201,0.006020788,2.350383,-11.542609,101.01861,0.011578752,2.3484917,1,ai_reggae_08.wav
0.15537375,0.006002914,0.4181704,-0.6921549,2928.223011749612,839939.8514414133,0.3625807768991286,0.028894219198467574,3217.153471959914,158465.6026539395,7089.282132080834,3238888.7226336976,0.09104139959849071,0.002880365878061067,117.45383522727273,57,0.32242196798324585,0.4986587166786194,0.019472435,0.00078557705,2.9087143,11.128264,1.656572,4.3303947,2.3852205,6.189225,0.056653094669132265,0.03106619405343608,0.38676813,0.09739479,0.29706398,0.06566214,0.39076656,0.11038192,0.32866699,0.06640465,0.40601718,0.10832999,0.30616903,0.07353345,0.35296017,0.10144594,0.36268383,0.09412828,0.32546213,0.06059141,0.45825955,0.11896289,0.42531547,0.06563279,0.54087174,0.11503429,-141.9568,6996.71,0.120569564,118.32998,66.63742,932.65924,0.009709648,15.0560875,44.279522,789.7997,-0.082103506,21.423641,28.71166,373.11234,0.013741597,8.768988,21.106344,306.37634,0.021970108,6.0399804,0.67625517,311.97995,0.0033922226,7.152809,2.210958,169.68117,0.0036939483,3.7776892,-4.057909,190.40822,0.03890697,5.4290094,-2.1040893,115.57713,0.012162596,3.1493938,7.7001266,135.47992,0.012592233,3.1106112,-10.858684,142.54108,0.01645951,3.6215336,-5.327701,93.342155,-0.007851563,2.9548953,-11.111906,149.25708,-0.003973474,2.3635497,1,ai_reggae_09.wav
0.13696633,0.0030204265,1.0965434,1.3198733,3236.381530673701,1024815.6289647454,0.8240334000185574,2.0020268803238057,3042.1157394704646,121389.64989938827,7087.990473224651,2484388.1766205537,0.13503811012480652,0.008527149107117556,83.35433467741936,42,0.2959764301776886,0.4012548625469208,0.03665659,0.0019737505,2.3452272,7.118224,1.8778048,6.4944053,2.3280458,5.8203278,0.028769435897732454,0.013356804667459622,0.47074848,0.12150991,0.35522762,0.062466364,0.54502606,0.11647631,0.47320434,0.10554972,0.2806724,0.049815588,0.31427616,0.07403922,0.3397255,0.06104661,0.48885784,0.11469569,0.38060832,0.07749915,0.4270733,0.09042988,0.41379318,0.095683046,0.33995414,0.07443498,-111.669846,3972.2188,0.011094675,107.05427,45.163265,824.0093,0.018818945,30.34941,10.95725,555.11755,-0.01900821,15.817661,23.804094,343.83316,-0.001750983,11.271211,17.95568,290.0061,-0.02465842,9.004586,11.09157,240.09317,0.014138157,6.311686,10.015589,265.69168,0.015984368,6.0545845,10.133099,153.57726,0.003051375,3.848131,3.8939073,150.57588,0.00984296,3.9568295,5.208537,131.66377,-0.0039741765,3.480193,2.9137962,113.62527,-0.0007600323,2.861436,8.786512,87.9115,0.00327551,2.402709,-0.5603354,90.12154,-6.9503076e-06,2.1483026,1,ai_reggae_10.wav
0.14807098,0.002840994,0.0065608984,0.32519364,2980.644831083224,870599.0114444904,0.23520110570992478,0.5508524934673273,2685.556717574392,130251.21140911123,6040.213475655476,2477785.197308753,0.13064509058146284,0.007996649596252797,92.28515625,43,0.2728998064994812,0.3599691092967987,0.038887933,0.0018740798,2.0616682,5.363553,1.5532739,4.372523,3.6521428,18.762423,-0.01005639753078579,0.013494896177133345,0.44593078,0.10053421,0.4386649,0.10176884,0.47729152,0.10346392,0.5310041,0.11357673,0.44487393,0.07559018,0.46711257,0.09782163,0.33534646,0.07570592,0.33374825,0.07205528,0.39679894,0.0854898,0.48555535,0.09512942,0.59970903,0.1257268,0.46315253,0.090845264,-103.99845,6456.7266,-0.03064985,94.64306,42.402637,1839.5209,0.030535985,33.038574,-13.619913,443.04868,0.0098348055,12.310129,36.150265,564.2205,0.003666838,12.01583,13.2452135,351.56094,0.02713724,7.5310135,4.1604404,267.69345,-0.016692119,6.2066255,8.9786005,155.80827,0.00066312845,3.8501804,4.0007477,223.37587,-0.006870763,4.320846,-2.0220623,169.47502,0.015195125,3.3339133,3.7579572,163.1743,-0.001235339,3.224719,3.63558,130.00832,-0.0014189722,2.6568744,8.779871,134.46263,-0.0037210498,2.3203585,-1.3528113,86.8893,0.0076754247,1.8318317,1,ai_rock_01.wav
0.16073361,0.0037821173,0.7572895,0.093149185,3220.3688842535457,1118344.5153484705,0.4342519950314575,0.8739970897010831,3085.255669421064,153727.75363804091,7143.831802226441,3251204.2642480126,0.12240666723103716,0.006391144928087879,112.34714673913044,50,0.33321747183799744,0.3826139569282532,0.033725206,0.0017320447,2.4455233,7.728483,1.7352015,5.4445066,3.4003687,17.041,-0.035775537409465555,0.019180722357036856,0.40528658,0.09137117,0.44006535,0.11241325,0.40941286,0.10269597,0.43604743,0.12766148,0.3896038,0.08029945,0.4800596,0.10587965,0.40109634,0.08658991,0.30008602,0.06795025,0.321321,0.0737587,0.36659402,0.07669225,0.5130604,0.14066513,0.42369166,0.08798938,-109.655594,3617.8513,0.07052276,152.10106,41.951874,1260.2231,-0.041734546,46.755604,10.464093,532.3513,0.0028206615,15.318476,37.33451,345.5853,-0.0006557788,9.98878,31.142609,296.26688,0.016960273,8.069268,11.921567,193.11194,0.002640931,7.287825,15.146717,175.9432,0.0034195601,4.9565988,3.2217693,145.0184,-0.009210026,4.3438983,7.805191,144.34247,0.005063997,4.640081,4.764168,153.78056,-0.013822803,4.7123637,1.6157457,128.84764,-0.0021565962,3.6047423,-0.40341088,94.35086,-0.00717388,2.7521079,-6.244913,83.23415,-0.0026661372,2.745813,1,ai_rock_02.wav
0.120959066,0.0073680775,1.2167863,1.1896749,2898.7338764826677,1209911.2635942895,0.2638984097990255,0.6047618222745226,2544.0041483574983,156535.3104720078,5789.198326843073,2238986.0861219284,0.11065730517124613,0.012145274644252043,129.19921875,64,0.4049280285835266,0.7096409201622009,0.030218791,0.0012519136,2.4217257,8.233742,1.4683672,8.857535,4.3212833,21.840635,0.04181357188370639,0.06515392357213423,0.46457458,0.08532726,0.37111318,0.050366882,0.41756627,0.051181067,0.52632153,0.057550926,0.69915515,0.09674421,0.7403059,0.09960084,0.5826125,0.058112007,0.43519267,0.054149203,0.3852047,0.07073431,0.37324962,0.074129686,0.39062542,0.06701053,0.4785803,0.09250845,-160.5265,9150.597,-0.19081159,308.21423,39.77413,1975.6469,-0.091493666,35.405247,-15.681449,537.45483,0.0033788637,8.838967,29.856983,230.06332,-0.03629656,5.31573,3.9856849,282.5272,-0.012103621,3.773626,26.70342,121.409645,-0.0014346011,2.1031914,10.188048,166.90903,-0.013199677,2.916372,21.326048,84.16592,0.007311511,1.806436,6.6286817,84.34428,-0.015052965,1.7925383,13.435701,64.91941,-0.0031745082,1.5015652,4.3374114,81.223114,-1.9291607e-05,1.7448602,9.80108,69.19341,-0.01141472,1.5018322,7.7938704,66.00703,-0.008216113,1.5588259,1,ai_rock_03.wav
0.13815475,0.002185975,1.0370177,0.98334193,2440.0947930840666,389048.1574170384,0.4773947679960089,0.4074172767325601,2672.1901281779196,90282.29844185014,5288.484687923278,1289369.3291729859,0.09521824508997678,0.002129495870459283,123.046875,60,0.3093932867050171,0.3384205996990204,0.014320974,0.00067110924,6.647465,61.07492,1.338964,1.6158609,3.5510724,16.406446,0.006801885596928057,0.033131781044993425,0.27118143,0.07547549,0.29272282,0.09761908,0.2316707,0.07481858,0.18182871,0.038994685,0.38081777,0.14771606,0.4082146,0.10094956,0.47492167,0.13532628,0.33558333,0.07950109,0.2762637,0.07854768,0.28695938,0.09241641,0.2362694,0.061764378,0.28414208,0.09176979,-125.0552,2604.91,0.17591898,57.736248,77.64509,1517.7471,-0.08002941,12.781452,8.489903,1085.681,-0.06179934,7.9055347,21.22972,334.1795,-0.0033505252,3.681161,-5.1123257,234.31573,-0.00740392,3.3951092,8.185615,167.52249,0.00572087,2.6226811,4.279066,172.43062,-0.025909519,3.9834824,-7.593979,165.77829,0.0038548638,3.1525278,16.720015,121.57041,-0.0017373606,3.228203,-1.7619066,77.73151,-0.008825871,1.957702,0.82535595,67.78234,-0.0010189976,1.4974641,0.49326214,85.68186,-0.0055163554,1.4575224,-11.955257,85.83051,-0.012099208,1.8038349,1,ai_rock_04.wav
0.13290004,0.0025486255,-0.5607039,0.20878863,3177.5149499849117,811012.0931430194,0.49434605868194725,3.052925135707855,2913.3923078335015,138366.46840432935,6787.700622369631,2728591.902931355,0.14661816103908668,0.0073395696229226,112.34714673913044,28,0.24912981688976288,0.37986376881599426,0.04239627,0.0021432901,2.8182945,10.754626,1.42497,3.6190846,4.666036,29.73811,0.030550050333280745,0.021260114816051712,0.42117545,0.12399443,0.32436365,0.06705434,0.34384647,0.10404385,0.27049956,0.06343185,0.3398929,0.09278129,0.3890624,0.11502299,0.29513136,0.075527065,0.37036273,0.11195186,0.33158818,0.06977308,0.4292642,0.11737757,0.31277496,0.081888214,0.306251,0.065086044,-105.97163,8681.849,-0.017734675,112.60872,48.535,982.661,0.027611835,22.303436,-1.299761,676.08966,-0.008145754,13.508756,22.346443,517.57166,-0.017417612,10.385791,13.247225,207.09955,-0.009076149,5.1280236,7.7892423,221.58052,-0.0044855583,5.8072443,9.334054,120.482056,0.0013911112,3.4410975,3.5713775,159.56804,0.0032967192,4.7144146,6.3737817,184.0106,0.013279178,5.709629,3.8758938,115.77061,-0.0028795768,3.424013,-0.52111816,105.55234,-0.009814117,3.0695484,1.9492486,101.43417,-0.00864928,2.552656,-2.1727216,77.78972,-0.0046474556,2.165925,1,ai_rock_05.wav
0.1321679,0.0011024934,0.115480416,0.036186695,2677.784426558938,435747.2437618146,1.2720637728424682,3.174614950182524,2571.891828185515,104298.20539625348,5432.9004813274,1697707.328330023,0.12319313261900154,0.0022004822606496695,143.5546875,65,0.20891760289669037,0.25122448801994324,0.035006374,0.001048216,2.3067791,7.574465,1.2906688,1.5737134,3.5796468,19.298183,-0.018189884896307913,0.05176649483635315,0.31112084,0.057784107,0.37119436,0.08909044,0.27254593,0.04501781,0.36537257,0.08180445,0.38058946,0.101889715,0.38278523,0.06757389,0.5554617,0.12317484,0.3281559,0.05843945,0.3319372,0.09095894,0.27528146,0.055531777,0.38519263,0.074344166,0.4490948,0.106908485,-68.50767,2011.844,0.08837756,43.342533,74.571266,534.7273,-0.07780738,18.970875,-10.777241,259.25958,0.0011183972,8.795973,30.497679,173.25078,-0.0049600285,5.990964,6.0284896,168.93237,0.0036457765,4.5940666,6.5248375,83.007065,0.025272328,2.532044,5.3999906,83.115654,-0.012790571,2.3745441,7.766758,66.4547,-0.016547225,2.5196538,5.298457,85.361694,-0.008608765,2.2021062,6.31388,71.45748,0.026600493,2.2608495,0.6758619,52.544987,0.01369771,1.5989423,4.028073,45.600876,0.027791936,1.4583921,-0.86343837,38.21234,0.0023518575,1.1302088,1,ai_rock_06.wav
0.13814399,0.0019368407,-0.38782385,-0.7019241,2522.1538332446908,467750.1056172384,-1.5881020576293314,3.030614842387603,2381.2877391228153,283696.50316158327,5134.252287212171,2287997.527000292,0.11226613898026316,0.001632358996006066,151.99908088235293,62,0.18565526604652405,0.3185774087905884,0.02947396,0.0005160028,1.0001566,0.9421923,1.3738328,2.1674404,3.971469,19.837898,-0.010366485286152105,0.01965175811891285,0.31190994,0.065068014,0.35317796,0.09326526,0.3718354,0.07830395,0.45104375,0.10955553,0.44044465,0.097444385,0.35237187,0.07907999,0.2810304,0.061211582,0.35053465,0.07057146,0.5829127,0.1221079,0.49110338,0.110507905,0.39966345,0.08842174,0.3454094,0.06942244,-84.58871,9084.424,-0.031490944,87.3728,76.18433,843.15936,0.022586107,9.303331,-20.50917,607.1758,0.031923763,22.033968,32.154327,252.62524,0.019450052,4.5912766,5.900906,165.1814,0.013682752,5.917822,9.074992,76.78165,0.0122427745,2.7093062,4.946938,126.65782,0.00989765,3.6905034,7.9112086,106.733696,0.024350353,2.5114713,4.597778,69.49091,0.0079672765,1.7648019,10.6334095,100.51319,0.010667826,1.8695056,-0.87939626,58.316044,0.007835856,1.5149636,6.0350685,128.08871,0.0054916986,1.9433026,-4.165395,66.97457,0.0039227237,1.2112389,1,ai_rock_07.wav
0.13224342,0.0015370257,1.2110745,1.2357087,2744.0474421451668,323301.4946279754,1.885895645493565,4.985578501058656,2693.0101679388604,79747.31161377615,5761.1318298906735,1246230.4400511512,0.12232692470491487,0.00171760511788066,92.28515625,33,0.20506280660629272,0.29646024107933044,0.041373145,0.001022237,2.1365657,6.13198,1.3363835,1.2530406,2.5456605,8.932228,-0.004259095136039792,0.014884019389333251,0.2940691,0.06273684,0.28416932,0.065054275,0.32351878,0.06791395,0.44813156,0.0900498,0.3825619,0.078294605,0.36567435,0.07844721,0.44229504,0.08109332,0.5240398,0.08067813,0.6187025,0.108774476,0.51460254,0.08807139,0.40286207,0.07428334,0.2978569,0.060471013,-60.323837,843.43134,-0.020409651,25.266222,74.79435,273.05978,0.024962677,10.333804,-5.7572966,245.53468,-0.0072947494,10.909028,25.503452,137.89862,0.00399834,4.6791306,5.3812413,147.73752,0.034999,4.2027955,10.444667,69.825386,-0.007630062,2.2281396,6.6399794,85.25897,-0.01278137,2.950548,9.022767,58.57654,-0.018410886,1.7578903,6.098021,51.376522,0.003086327,1.7800599,7.013749,48.245636,-0.0019416761,1.8615597,0.39851856,52.06314,-0.011478815,1.8956037,4.4954133,40.5647,-0.002302547,1.517779,-2.65785,38.35599,0.01331451,1.2688761,1,ai_rock_08.wav
0.1229228,0.0023224452,-0.5763639,-0.3884108,2668.9567474936007,535332.8612724753,1.4818487775856872,6.507846565581609,2555.800959568575,74170.82246760422,5423.842202768237,1789219.2707035074,0.11694411522832818,0.004093633162514718,103.359375,34,0.21562311053276062,0.3920489251613617,0.031379905,0.0014831732,2.5299456,7.269931,1.2064018,1.3499058,6.1436257,60.969395,0.02562748095565216,0.03481885382320862,0.31898028,0.10205567,0.29482976,0.085561156,0.33814302,0.09741368,0.24741282,0.07317697,0.24115297,0.08360444,0.21636659,0.061816067,0.42026904,0.13068593,0.50609875,0.15321298,0.26198322,0.08185986,0.22967605,0.078187495,0.24649605,0.06595335,0.36876348,0.11998919,-123.34782,10338.069,-0.011503237,39.82125,62.217007,560.51337,0.034427,11.119805,-11.433166,504.4476,-0.007548982,3.370596,20.339825,822.9036,0.012667045,3.968907,-7.013241,221.47238,-0.0018637187,3.5477126,4.8543196,164.90721,-0.0035212128,1.652439,6.659416,117.684235,0.008139416,2.261228,6.4416556,130.01869,-0.001860815,2.1715112,-13.247882,195.71428,-0.0014309824,2.347044,-0.3150444,169.89859,-0.005541845,1.8305904,1.5354183,70.07967,-0.0073954267,1.2928292,0.9334932,99.99165,0.007651836,1.0763556,-4.661048,73.310165,-0.00035121862,1.1121951,1,ai_rock_09.wav
0.14752905,0.0012496987,0.16756684,0.08164406,3160.372892510539,246012.67837621865,0.9424402872020042,3.014213385319417,2813.5738877259814,43475.344055838315,6433.219432535555,700871.9745843742,0.164999758126935,0.0032505257632494287,117.45383522727273,22,0.18674787878990173,0.2396211326122284,0.05699292,0.0013762845,1.5686026,3.9706388,1.2380515,1.6645502,3.8591244,20.717054,0.01815353668237212,0.016459325426284473,0.3966535,0.071390904,0.43434706,0.057885334,0.6376133,0.09138658,0.46346995,0.060703985,0.3606103,0.051611874,0.34671715,0.066848435,0.4519268,0.06639085,0.5619893,0.103538066,0.456881,0.05036234,0.62381476,0.08861196,0.37769592,0.047068737,0.31645364,0.04663671,-44.242313,1535.176,0.010997835,31.311451,52.091686,363.38196,-0.032459337,12.673746,1.3118193,195.29475,-0.002544101,6.731054,39.072433,106.68664,0.0055214884,3.1688428,7.6557865,125.12309,0.01846756,2.4933414,9.590355,73.561806,0.008955205,2.339159,6.7163935,55.1458,0.007622218,1.698241,7.450986,42.75256,-0.0025719444,1.2701328,4.879985,49.79364,-0.00037658177,1.501502,8.984887,45.11531,-0.00023163288,1.4400803,3.2931488,39.853397,-0.000111741545,1.4820391,3.808395,37.337433,0.00018172147,1.4268805,-3.1980562,38.84934,0.006653461,1.5009189,1,ai_rock_10.wav
